day,date,sku,item_name,criticality,opening_stock,receipts_qty,closing_stock,po_ids_received,order_placed_qty
1,2024-01-01,ETH-01,Éter Hidráulico Grau Abissal,must-have,57,0,49,,0
1,2024-01-01,LUM-02,Luminária Náutica de Convés,need-to-have,35,0,31,,0
2,2024-01-02,ETH-01,Éter Hidráulico Grau Abissal,must-have,49,0,39,,80
2,2024-01-02,LUM-02,Luminária Náutica de Convés,need-to-have,31,0,28,,0
3,2024-01-03,ETH-01,Éter Hidráulico Grau Abissal,must-have,39,0,31,,0
3,2024-01-03,LUM-02,Luminária Náutica de Convés,need-to-have,28,0,24,,41
4,2024-01-04,ETH-01,Éter Hidráulico Grau Abissal,must-have,31,0,20,,0
4,2024-01-04,LUM-02,Luminária Náutica de Convés,need-to-have,24,0,20,,0
5,2024-01-05,ETH-01,Éter Hidráulico Grau Abissal,must-have,20,0,11,,0
5,2024-01-05,LUM-02,Luminária Náutica de Convés,need-to-have,20,0,15,,0
6,2024-01-06,ETH-01,Éter Hidráulico Grau Abissal,must-have,11,0,2,,0
6,2024-01-06,LUM-02,Luminária Náutica de Convés,need-to-have,15,0,13,,0
7,2024-01-07,ETH-01,Éter Hidráulico Grau Abissal,must-have,2,0,0,,0
7,2024-01-07,LUM-02,Luminária Náutica de Convés,need-to-have,13,0,8,,0
8,2024-01-08,ETH-01,Éter Hidráulico Grau Abissal,must-have,0,0,0,,0
8,2024-01-08,LUM-02,Luminária Náutica de Convés,need-to-have,8,0,5,,0
9,2024-01-09,ETH-01,Éter Hidráulico Grau Abissal,must-have,0,0,0,,0
9,2024-01-09,LUM-02,Luminária Náutica de Convés,need-to-have,5,0,1,,0
10,2024-01-10,ETH-01,Éter Hidráulico Grau Abissal,must-have,0,0,0,,0
10,2024-01-10,LUM-02,Luminária Náutica de Convés,need-to-have,1,0,0,,0
11,2024-01-11,ETH-01,Éter Hidráulico Grau Abissal,must-have,0,0,0,,0
11,2024-01-11,LUM-02,Luminária Náutica de Convés,need-to-have,0,0,0,,0
12,2024-01-12,ETH-01,Éter Hidráulico Grau Abissal,must-have,0,0,0,,0
12,2024-01-12,LUM-02,Luminária Náutica de Convés,need-to-have,0,41,37,LUM-02-PO001,0
13,2024-01-13,ETH-01,Éter Hidráulico Grau Abissal,must-have,0,80,76,ETH-01-PO001,0
13,2024-01-13,LUM-02,Luminária Náutica de Convés,need-to-have,37,0,33,,0
14,2024-01-14,ETH-01,Éter Hidráulico Grau Abissal,must-have,76,0,70,,0
14,2024-01-14,LUM-02,Luminária Náutica de Convés,need-to-have,33,0,32,,0
15,2024-01-15,ETH-01,Éter Hidráulico Grau Abissal,must-have,70,0,63,,0
15,2024-01-15,LUM-02,Luminária Náutica de Convés,need-to-have,32,0,29,,0
16,2024-01-16,ETH-01,Éter Hidráulico Grau Abissal,must-have,63,0,54,,0
16,2024-01-16,LUM-02,Luminária Náutica de Convés,need-to-have,29,0,22,,38
17,2024-01-17,ETH-01,Éter Hidráulico Grau Abissal,must-have,54,0,46,,0
17,2024-01-17,LUM-02,Luminária Náutica de Convés,need-to-have,22,0,19,,0
18,2024-01-18,ETH-01,Éter Hidráulico Grau Abissal,must-have,46,0,36,,73
18,2024-01-18,LUM-02,Luminária Náutica de Convés,need-to-have,19,0,16,,0
19,2024-01-19,ETH-01,Éter Hidráulico Grau Abissal,must-have,36,0,28,,0
19,2024-01-19,LUM-02,Luminária Náutica de Convés,need-to-have,16,0,14,,0
20,2024-01-20,ETH-01,Éter Hidráulico Grau Abissal,must-have,28,0,21,,0
20,2024-01-20,LUM-02,Luminária Náutica de Convés,need-to-have,14,0,9,,0
21,2024-01-21,ETH-01,Éter Hidráulico Grau Abissal,must-have,21,0,14,,0
21,2024-01-21,LUM-02,Luminária Náutica de Convés,need-to-have,9,0,7,,0
22,2024-01-22,ETH-01,Éter Hidráulico Grau Abissal,must-have,14,0,6,,0
22,2024-01-22,LUM-02,Luminária Náutica de Convés,need-to-have,7,0,2,,0
23,2024-01-23,ETH-01,Éter Hidráulico Grau Abissal,must-have,6,0,0,,0
23,2024-01-23,LUM-02,Luminária Náutica de Convés,need-to-have,2,0,0,,0
24,2024-01-24,ETH-01,Éter Hidráulico Grau Abissal,must-have,0,0,0,,0
24,2024-01-24,LUM-02,Luminária Náutica de Convés,need-to-have,0,0,0,,0
25,2024-01-25,ETH-01,Éter Hidráulico Grau Abissal,must-have,0,66,61,ETH-01-PO002,0
25,2024-01-25,LUM-02,Luminária Náutica de Convés,need-to-have,0,0,0,,0
26,2024-01-26,ETH-01,Éter Hidráulico Grau Abissal,must-have,61,0,54,,0
26,2024-01-26,LUM-02,Luminária Náutica de Convés,need-to-have,0,0,0,,0
27,2024-01-27,ETH-01,Éter Hidráulico Grau Abissal,must-have,54,0,48,,0
27,2024-01-27,LUM-02,Luminária Náutica de Convés,need-to-have,0,0,0,,0
28,2024-01-28,ETH-01,Éter Hidráulico Grau Abissal,must-have,48,0,39,,86
28,2024-01-28,LUM-02,Luminária Náutica de Convés,need-to-have,0,38,34,LUM-02-PO002,0
29,2024-01-29,ETH-01,Éter Hidráulico Grau Abissal,must-have,39,0,33,,0
29,2024-01-29,LUM-02,Luminária Náutica de Convés,need-to-have,34,0,30,,0
30,2024-01-30,ETH-01,Éter Hidráulico Grau Abissal,must-have,33,0,23,,0
30,2024-01-30,LUM-02,Luminária Náutica de Convés,need-to-have,30,0,29,,0
31,2024-01-31,ETH-01,Éter Hidráulico Grau Abissal,must-have,23,0,11,,0
31,2024-01-31,LUM-02,Luminária Náutica de Convés,need-to-have,29,0,26,,41
32,2024-02-01,ETH-01,Éter Hidráulico Grau Abissal,must-have,11,0,1,,0
32,2024-02-01,LUM-02,Luminária Náutica de Convés,need-to-have,26,0,24,,0
33,2024-02-02,ETH-01,Éter Hidráulico Grau Abissal,must-have,1,0,0,,0
33,2024-02-02,LUM-02,Luminária Náutica de Convés,need-to-have,24,0,18,,0
34,2024-02-03,ETH-01,Éter Hidráulico Grau Abissal,must-have,0,0,0,,0
34,2024-02-03,LUM-02,Luminária Náutica de Convés,need-to-have,18,0,16,,0
35,2024-02-04,ETH-01,Éter Hidráulico Grau Abissal,must-have,0,0,0,,0
35,2024-02-04,LUM-02,Luminária Náutica de Convés,need-to-have,16,0,12,,0
36,2024-02-05,ETH-01,Éter Hidráulico Grau Abissal,must-have,0,86,81,ETH-01-PO003,0
36,2024-02-05,LUM-02,Luminária Náutica de Convés,need-to-have,12,0,7,,0
37,2024-02-06,ETH-01,Éter Hidráulico Grau Abissal,must-have,81,0,71,,0
37,2024-02-06,LUM-02,Luminária Náutica de Convés,need-to-have,7,0,3,,0
38,2024-02-07,ETH-01,Éter Hidráulico Grau Abissal,must-have,71,0,60,,0
38,2024-02-07,LUM-02,Luminária Náutica de Convés,need-to-have,3,0,0,,0
39,2024-02-08,ETH-01,Éter Hidráulico Grau Abissal,must-have,60,0,50,,0
39,2024-02-08,LUM-02,Luminária Náutica de Convés,need-to-have,0,0,0,,0
40,2024-02-09,ETH-01,Éter Hidráulico Grau Abissal,must-have,50,0,40,,86
40,2024-02-09,LUM-02,Luminária Náutica de Convés,need-to-have,0,0,0,,0
41,2024-02-10,ETH-01,Éter Hidráulico Grau Abissal,must-have,40,0,29,,0
41,2024-02-10,LUM-02,Luminária Náutica de Convés,need-to-have,0,0,0,,0
42,2024-02-11,ETH-01,Éter Hidráulico Grau Abissal,must-have,29,0,19,,0
42,2024-02-11,LUM-02,Luminária Náutica de Convés,need-to-have,0,35,31,LUM-02-PO003,0
43,2024-02-12,ETH-01,Éter Hidráulico Grau Abissal,must-have,19,0,9,,0
43,2024-02-12,LUM-02,Luminária Náutica de Convés,need-to-have,31,0,30,,0
44,2024-02-13,ETH-01,Éter Hidráulico Grau Abissal,must-have,9,0,5,,0
44,2024-02-13,LUM-02,Luminária Náutica de Convés,need-to-have,30,0,28,,0
45,2024-02-14,ETH-01,Éter Hidráulico Grau Abissal,must-have,5,0,0,,0
45,2024-02-14,LUM-02,Luminária Náutica de Convés,need-to-have,28,0,26,,43
46,2024-02-15,ETH-01,Éter Hidráulico Grau Abissal,must-have,0,0,0,,0
46,2024-02-15,LUM-02,Luminária Náutica de Convés,need-to-have,26,0,22,,0
47,2024-02-16,ETH-01,Éter Hidráulico Grau Abissal,must-have,0,0,0,,0
47,2024-02-16,LUM-02,Luminária Náutica de Convés,need-to-have,22,0,16,,0
48,2024-02-17,ETH-01,Éter Hidráulico Grau Abissal,must-have,0,0,0,,0
48,2024-02-17,LUM-02,Luminária Náutica de Convés,need-to-have,16,0,12,,0
49,2024-02-18,ETH-01,Éter Hidráulico Grau Abissal,must-have,0,0,0,,0
49,2024-02-18,LUM-02,Luminária Náutica de Convés,need-to-have,12,0,5,,0
50,2024-02-19,ETH-01,Éter Hidráulico Grau Abissal,must-have,0,86,77,ETH-01-PO004,0
50,2024-02-19,LUM-02,Luminária Náutica de Convés,need-to-have,5,0,2,,0
51,2024-02-20,ETH-01,Éter Hidráulico Grau Abissal,must-have,77,0,69,,0
51,2024-02-20,LUM-02,Luminária Náutica de Convés,need-to-have,2,0,0,,0
52,2024-02-21,ETH-01,Éter Hidráulico Grau Abissal,must-have,69,0,57,,0
52,2024-02-21,LUM-02,Luminária Náutica de Convés,need-to-have,0,0,0,,0
53,2024-02-22,ETH-01,Éter Hidráulico Grau Abissal,must-have,57,0,45,,0
53,2024-02-22,LUM-02,Luminária Náutica de Convés,need-to-have,0,0,0,,0
54,2024-02-23,ETH-01,Éter Hidráulico Grau Abissal,must-have,45,0,35,,82
54,2024-02-23,LUM-02,Luminária Náutica de Convés,need-to-have,0,0,0,,0
55,2024-02-24,ETH-01,Éter Hidráulico Grau Abissal,must-have,35,0,24,,0
55,2024-02-24,LUM-02,Luminária Náutica de Convés,need-to-have,0,0,0,,0
56,2024-02-25,ETH-01,Éter Hidráulico Grau Abissal,must-have,24,0,14,,0
56,2024-02-25,LUM-02,Luminária Náutica de Convés,need-to-have,0,0,0,,0
57,2024-02-26,ETH-01,Éter Hidráulico Grau Abissal,must-have,14,0,7,,0
57,2024-02-26,LUM-02,Luminária Náutica de Convés,need-to-have,0,0,0,,0
58,2024-02-27,ETH-01,Éter Hidráulico Grau Abissal,must-have,7,0,0,,0
58,2024-02-27,LUM-02,Luminária Náutica de Convés,need-to-have,0,0,0,,0
59,2024-02-28,ETH-01,Éter Hidráulico Grau Abissal,must-have,0,0,0,,0
59,2024-02-28,LUM-02,Luminária Náutica de Convés,need-to-have,0,0,0,,0
60,2024-02-29,ETH-01,Éter Hidráulico Grau Abissal,must-have,0,0,0,,0
60,2024-02-29,LUM-02,Luminária Náutica de Convés,need-to-have,0,43,36,LUM-02-PO004,0
61,2024-03-01,ETH-01,Éter Hidráulico Grau Abissal,must-have,0,82,75,ETH-01-PO005,0
61,2024-03-01,LUM-02,Luminária Náutica de Convés,need-to-have,36,0,31,,0
62,2024-03-02,ETH-01,Éter Hidráulico Grau Abissal,must-have,75,0,66,,0
62,2024-03-02,LUM-02,Luminária Náutica de Convés,need-to-have,31,0,26,,40
63,2024-03-03,ETH-01,Éter Hidráulico Grau Abissal,must-have,66,0,56,,0
63,2024-03-03,LUM-02,Luminária Náutica de Convés,need-to-have,26,0,23,,0
64,2024-03-04,ETH-01,Éter Hidráulico Grau Abissal,must-have,56,0,48,,0
64,2024-03-04,LUM-02,Luminária Náutica de Convés,need-to-have,23,0,18,,0
65,2024-03-05,ETH-01,Éter Hidráulico Grau Abissal,must-have,48,0,42,,73
65,2024-03-05,LUM-02,Luminária Náutica de Convés,need-to-have,18,0,14,,0
66,2024-03-06,ETH-01,Éter Hidráulico Grau Abissal,must-have,42,0,35,,0
66,2024-03-06,LUM-02,Luminária Náutica de Convés,need-to-have,14,0,8,,0
67,2024-03-07,ETH-01,Éter Hidráulico Grau Abissal,must-have,35,0,25,,0
67,2024-03-07,LUM-02,Luminária Náutica de Convés,need-to-have,8,0,1,,0
68,2024-03-08,ETH-01,Éter Hidráulico Grau Abissal,must-have,25,0,15,,0
68,2024-03-08,LUM-02,Luminária Náutica de Convés,need-to-have,1,0,0,,0
69,2024-03-09,ETH-01,Éter Hidráulico Grau Abissal,must-have,15,0,10,,0
69,2024-03-09,LUM-02,Luminária Náutica de Convés,need-to-have,0,0,0,,0
70,2024-03-10,ETH-01,Éter Hidráulico Grau Abissal,must-have,10,0,3,,0
70,2024-03-10,LUM-02,Luminária Náutica de Convés,need-to-have,0,0,0,,0
71,2024-03-11,ETH-01,Éter Hidráulico Grau Abissal,must-have,3,0,0,,0
71,2024-03-11,LUM-02,Luminária Náutica de Convés,need-to-have,0,0,0,,0
72,2024-03-12,ETH-01,Éter Hidráulico Grau Abissal,must-have,0,0,0,,0
72,2024-03-12,LUM-02,Luminária Náutica de Convés,need-to-have,0,0,0,,0
73,2024-03-13,ETH-01,Éter Hidráulico Grau Abissal,must-have,0,0,0,,0
73,2024-03-13,LUM-02,Luminária Náutica de Convés,need-to-have,0,0,0,,0
74,2024-03-14,ETH-01,Éter Hidráulico Grau Abissal,must-have,0,0,0,,0
74,2024-03-14,LUM-02,Luminária Náutica de Convés,need-to-have,0,0,0,,0
75,2024-03-15,ETH-01,Éter Hidráulico Grau Abissal,must-have,0,73,63,ETH-01-PO006,0
75,2024-03-15,LUM-02,Luminária Náutica de Convés,need-to-have,0,40,37,LUM-02-PO005,0
76,2024-03-16,ETH-01,Éter Hidráulico Grau Abissal,must-have,63,0,54,,0
76,2024-03-16,LUM-02,Luminária Náutica de Convés,need-to-have,37,0,32,,0
77,2024-03-17,ETH-01,Éter Hidráulico Grau Abissal,must-have,54,0,46,,0
77,2024-03-17,LUM-02,Luminária Náutica de Convés,need-to-have,32,0,30,,0
78,2024-03-18,ETH-01,Éter Hidráulico Grau Abissal,must-have,46,0,38,,75
78,2024-03-18,LUM-02,Luminária Náutica de Convés,need-to-have,30,0,29,,0
79,2024-03-19,ETH-01,Éter Hidráulico Grau Abissal,must-have,38,0,31,,0
79,2024-03-19,LUM-02,Luminária Náutica de Convés,need-to-have,29,0,27,,43
80,2024-03-20,ETH-01,Éter Hidráulico Grau Abissal,must-have,31,0,23,,0
80,2024-03-20,LUM-02,Luminária Náutica de Convés,need-to-have,27,0,20,,0
81,2024-03-21,ETH-01,Éter Hidráulico Grau Abissal,must-have,23,0,13,,0
81,2024-03-21,LUM-02,Luminária Náutica de Convés,need-to-have,20,0,17,,0
82,2024-03-22,ETH-01,Éter Hidráulico Grau Abissal,must-have,13,0,1,,0
82,2024-03-22,LUM-02,Luminária Náutica de Convés,need-to-have,17,0,9,,0
83,2024-03-23,ETH-01,Éter Hidráulico Grau Abissal,must-have,1,0,0,,0
83,2024-03-23,LUM-02,Luminária Náutica de Convés,need-to-have,9,0,6,,0
84,2024-03-24,ETH-01,Éter Hidráulico Grau Abissal,must-have,0,0,0,,0
84,2024-03-24,LUM-02,Luminária Náutica de Convés,need-to-have,6,0,3,,0
85,2024-03-25,ETH-01,Éter Hidráulico Grau Abissal,must-have,0,0,0,,0
85,2024-03-25,LUM-02,Luminária Náutica de Convés,need-to-have,3,0,0,,0
86,2024-03-26,ETH-01,Éter Hidráulico Grau Abissal,must-have,0,0,0,,0
86,2024-03-26,LUM-02,Luminária Náutica de Convés,need-to-have,0,0,0,,0
87,2024-03-27,ETH-01,Éter Hidráulico Grau Abissal,must-have,0,68,58,ETH-01-PO007,0
87,2024-03-27,LUM-02,Luminária Náutica de Convés,need-to-have,0,0,0,,0
88,2024-03-28,ETH-01,Éter Hidráulico Grau Abissal,must-have,58,0,46,,0
88,2024-03-28,LUM-02,Luminária Náutica de Convés,need-to-have,0,0,0,,0
89,2024-03-29,ETH-01,Éter Hidráulico Grau Abissal,must-have,46,0,39,,77
89,2024-03-29,LUM-02,Luminária Náutica de Convés,need-to-have,0,0,0,,0
90,2024-03-30,ETH-01,Éter Hidráulico Grau Abissal,must-have,39,0,31,,0
90,2024-03-30,LUM-02,Luminária Náutica de Convés,need-to-have,0,0,0,,0
91,2024-03-31,ETH-01,Éter Hidráulico Grau Abissal,must-have,31,0,20,,0
91,2024-03-31,LUM-02,Luminária Náutica de Convés,need-to-have,0,0,0,,0
92,2024-04-01,ETH-01,Éter Hidráulico Grau Abissal,must-have,20,0,5,,0
92,2024-04-01,LUM-02,Luminária Náutica de Convés,need-to-have,0,0,0,,0
93,2024-04-02,ETH-01,Éter Hidráulico Grau Abissal,must-have,5,0,0,,0
93,2024-04-02,LUM-02,Luminária Náutica de Convés,need-to-have,0,0,0,,0
94,2024-04-03,ETH-01,Éter Hidráulico Grau Abissal,must-have,0,0,0,,0
94,2024-04-03,LUM-02,Luminária Náutica de Convés,need-to-have,0,0,0,,0
95,2024-04-04,ETH-01,Éter Hidráulico Grau Abissal,must-have,0,77,69,ETH-01-PO008,0
95,2024-04-04,LUM-02,Luminária Náutica de Convés,need-to-have,0,0,0,,0
96,2024-04-05,ETH-01,Éter Hidráulico Grau Abissal,must-have,69,0,61,,0
96,2024-04-05,LUM-02,Luminária Náutica de Convés,need-to-have,0,0,0,,0
97,2024-04-06,ETH-01,Éter Hidráulico Grau Abissal,must-have,61,0,55,,0
97,2024-04-06,LUM-02,Luminária Náutica de Convés,need-to-have,0,43,39,LUM-02-PO006,0
98,2024-04-07,ETH-01,Éter Hidráulico Grau Abissal,must-have,55,0,48,,0
98,2024-04-07,LUM-02,Luminária Náutica de Convés,need-to-have,39,0,35,,0
99,2024-04-08,ETH-01,Éter Hidráulico Grau Abissal,must-have,48,0,36,,72
99,2024-04-08,LUM-02,Luminária Náutica de Convés,need-to-have,35,0,30,,0
100,2024-04-09,ETH-01,Éter Hidráulico Grau Abissal,must-have,36,0,31,,0
100,2024-04-09,LUM-02,Luminária Náutica de Convés,need-to-have,30,0,25,,45
101,2024-04-10,ETH-01,Éter Hidráulico Grau Abissal,must-have,31,0,27,,0
101,2024-04-10,LUM-02,Luminária Náutica de Convés,need-to-have,25,0,20,,0
102,2024-04-11,ETH-01,Éter Hidráulico Grau Abissal,must-have,27,0,21,,0
102,2024-04-11,LUM-02,Luminária Náutica de Convés,need-to-have,20,0,16,,0
103,2024-04-12,ETH-01,Éter Hidráulico Grau Abissal,must-have,21,0,14,,0
103,2024-04-12,LUM-02,Luminária Náutica de Convés,need-to-have,16,0,12,,0
104,2024-04-13,ETH-01,Éter Hidráulico Grau Abissal,must-have,14,0,3,,0
104,2024-04-13,LUM-02,Luminária Náutica de Convés,need-to-have,12,0,9,,0
105,2024-04-14,ETH-01,Éter Hidráulico Grau Abissal,must-have,3,0,0,,0
105,2024-04-14,LUM-02,Luminária Náutica de Convés,need-to-have,9,0,6,,0
106,2024-04-15,ETH-01,Éter Hidráulico Grau Abissal,must-have,0,72,61,ETH-01-PO009,0
106,2024-04-15,LUM-02,Luminária Náutica de Convés,need-to-have,6,0,4,,0
107,2024-04-16,ETH-01,Éter Hidráulico Grau Abissal,must-have,61,0,53,,0
107,2024-04-16,LUM-02,Luminária Náutica de Convés,need-to-have,4,0,0,,0
108,2024-04-17,ETH-01,Éter Hidráulico Grau Abissal,must-have,53,0,45,,0
108,2024-04-17,LUM-02,Luminária Náutica de Convés,need-to-have,0,38,35,LUM-02-PO007,0
109,2024-04-18,ETH-01,Éter Hidráulico Grau Abissal,must-have,45,0,35,,79
109,2024-04-18,LUM-02,Luminária Náutica de Convés,need-to-have,35,0,31,,0
110,2024-04-19,ETH-01,Éter Hidráulico Grau Abissal,must-have,35,0,30,,0
110,2024-04-19,LUM-02,Luminária Náutica de Convés,need-to-have,31,0,26,,44
111,2024-04-20,ETH-01,Éter Hidráulico Grau Abissal,must-have,30,0,20,,0
111,2024-04-20,LUM-02,Luminária Náutica de Convés,need-to-have,26,0,22,,0
112,2024-04-21,ETH-01,Éter Hidráulico Grau Abissal,must-have,20,0,6,,0
112,2024-04-21,LUM-02,Luminária Náutica de Convés,need-to-have,22,0,17,,0
113,2024-04-22,ETH-01,Éter Hidráulico Grau Abissal,must-have,6,0,0,,0
113,2024-04-22,LUM-02,Luminária Náutica de Convés,need-to-have,17,0,11,,0
114,2024-04-23,ETH-01,Éter Hidráulico Grau Abissal,must-have,0,0,0,,0
114,2024-04-23,LUM-02,Luminária Náutica de Convés,need-to-have,11,0,6,,0
115,2024-04-24,ETH-01,Éter Hidráulico Grau Abissal,must-have,0,0,0,,0
115,2024-04-24,LUM-02,Luminária Náutica de Convés,need-to-have,6,0,0,,0
116,2024-04-25,ETH-01,Éter Hidráulico Grau Abissal,must-have,0,0,0,,0
116,2024-04-25,LUM-02,Luminária Náutica de Convés,need-to-have,0,0,0,,0
117,2024-04-26,ETH-01,Éter Hidráulico Grau Abissal,must-have,0,79,72,ETH-01-PO010,0
117,2024-04-26,LUM-02,Luminária Náutica de Convés,need-to-have,0,0,0,,0
118,2024-04-27,ETH-01,Éter Hidráulico Grau Abissal,must-have,72,0,60,,0
118,2024-04-27,LUM-02,Luminária Náutica de Convés,need-to-have,0,0,0,,0
119,2024-04-28,ETH-01,Éter Hidráulico Grau Abissal,must-have,60,0,48,,0
119,2024-04-28,LUM-02,Luminária Náutica de Convés,need-to-have,0,0,0,,0
120,2024-04-29,ETH-01,Éter Hidráulico Grau Abissal,must-have,48,0,37,,77
120,2024-04-29,LUM-02,Luminária Náutica de Convés,need-to-have,0,0,0,,0
121,2024-04-30,ETH-01,Éter Hidráulico Grau Abissal,must-have,37,0,29,,0
121,2024-04-30,LUM-02,Luminária Náutica de Convés,need-to-have,0,0,0,,0
122,2024-05-01,ETH-01,Éter Hidráulico Grau Abissal,must-have,29,0,24,,0
122,2024-05-01,LUM-02,Luminária Náutica de Convés,need-to-have,0,0,0,,0
123,2024-05-02,ETH-01,Éter Hidráulico Grau Abissal,must-have,24,0,16,,0
123,2024-05-02,LUM-02,Luminária Náutica de Convés,need-to-have,0,35,32,LUM-02-PO008,0
124,2024-05-03,ETH-01,Éter Hidráulico Grau Abissal,must-have,16,77,88,ETH-01-PO011,0
124,2024-05-03,LUM-02,Luminária Náutica de Convés,need-to-have,32,0,29,,0
125,2024-05-04,ETH-01,Éter Hidráulico Grau Abissal,must-have,88,0,82,,0
125,2024-05-04,LUM-02,Luminária Náutica de Convés,need-to-have,29,0,23,,39
126,2024-05-05,ETH-01,Éter Hidráulico Grau Abissal,must-have,82,0,73,,0
126,2024-05-05,LUM-02,Luminária Náutica de Convés,need-to-have,23,0,20,,0
127,2024-05-06,ETH-01,Éter Hidráulico Grau Abissal,must-have,73,0,66,,0
127,2024-05-06,LUM-02,Luminária Náutica de Convés,need-to-have,20,0,16,,0
128,2024-05-07,ETH-01,Éter Hidráulico Grau Abissal,must-have,66,0,57,,0
128,2024-05-07,LUM-02,Luminária Náutica de Convés,need-to-have,16,0,10,,0
129,2024-05-08,ETH-01,Éter Hidráulico Grau Abissal,must-have,57,0,46,,0
129,2024-05-08,LUM-02,Luminária Náutica de Convés,need-to-have,10,0,5,,0
130,2024-05-09,ETH-01,Éter Hidráulico Grau Abissal,must-have,46,0,37,,79
130,2024-05-09,LUM-02,Luminária Náutica de Convés,need-to-have,5,0,0,,0
131,2024-05-10,ETH-01,Éter Hidráulico Grau Abissal,must-have,37,0,28,,0
131,2024-05-10,LUM-02,Luminária Náutica de Convés,need-to-have,0,0,0,,0
132,2024-05-11,ETH-01,Éter Hidráulico Grau Abissal,must-have,28,0,22,,0
132,2024-05-11,LUM-02,Luminária Náutica de Convés,need-to-have,0,0,0,,0
133,2024-05-12,ETH-01,Éter Hidráulico Grau Abissal,must-have,22,0,12,,0
133,2024-05-12,LUM-02,Luminária Náutica de Convés,need-to-have,0,0,0,,0
134,2024-05-13,ETH-01,Éter Hidráulico Grau Abissal,must-have,12,0,0,,0
134,2024-05-13,LUM-02,Luminária Náutica de Convés,need-to-have,0,0,0,,0
135,2024-05-14,ETH-01,Éter Hidráulico Grau Abissal,must-have,0,0,0,,0
135,2024-05-14,LUM-02,Luminária Náutica de Convés,need-to-have,0,0,0,,0
136,2024-05-15,ETH-01,Éter Hidráulico Grau Abissal,must-have,0,0,0,,0
136,2024-05-15,LUM-02,Luminária Náutica de Convés,need-to-have,0,39,37,LUM-02-PO009,0
137,2024-05-16,ETH-01,Éter Hidráulico Grau Abissal,must-have,0,79,71,ETH-01-PO012,0
137,2024-05-16,LUM-02,Luminária Náutica de Convés,need-to-have,37,0,33,,0
138,2024-05-17,ETH-01,Éter Hidráulico Grau Abissal,must-have,71,0,65,,0
138,2024-05-17,LUM-02,Luminária Náutica de Convés,need-to-have,33,0,29,,0
139,2024-05-18,ETH-01,Éter Hidráulico Grau Abissal,must-have,65,0,56,,0
139,2024-05-18,LUM-02,Luminária Náutica de Convés,need-to-have,29,0,26,,38
140,2024-05-19,ETH-01,Éter Hidráulico Grau Abissal,must-have,56,0,48,,0
140,2024-05-19,LUM-02,Luminária Náutica de Convés,need-to-have,26,0,21,,0
141,2024-05-20,ETH-01,Éter Hidráulico Grau Abissal,must-have,48,0,37,,76
141,2024-05-20,LUM-02,Luminária Náutica de Convés,need-to-have,21,0,17,,0
142,2024-05-21,ETH-01,Éter Hidráulico Grau Abissal,must-have,37,0,29,,0
142,2024-05-21,LUM-02,Luminária Náutica de Convés,need-to-have,17,0,13,,0
143,2024-05-22,ETH-01,Éter Hidráulico Grau Abissal,must-have,29,0,21,,0
143,2024-05-22,LUM-02,Luminária Náutica de Convés,need-to-have,13,0,8,,0
144,2024-05-23,ETH-01,Éter Hidráulico Grau Abissal,must-have,21,0,11,,0
144,2024-05-23,LUM-02,Luminária Náutica de Convés,need-to-have,8,0,6,,0
145,2024-05-24,ETH-01,Éter Hidráulico Grau Abissal,must-have,11,0,4,,0
145,2024-05-24,LUM-02,Luminária Náutica de Convés,need-to-have,6,0,5,,0
146,2024-05-25,ETH-01,Éter Hidráulico Grau Abissal,must-have,4,0,0,,0
146,2024-05-25,LUM-02,Luminária Náutica de Convés,need-to-have,5,0,1,,0
147,2024-05-26,ETH-01,Éter Hidráulico Grau Abissal,must-have,0,0,0,,0
147,2024-05-26,LUM-02,Luminária Náutica de Convés,need-to-have,1,0,0,,0
148,2024-05-27,ETH-01,Éter Hidráulico Grau Abissal,must-have,0,0,0,,0
148,2024-05-27,LUM-02,Luminária Náutica de Convés,need-to-have,0,0,0,,0
149,2024-05-28,ETH-01,Éter Hidráulico Grau Abissal,must-have,0,0,0,,0
149,2024-05-28,LUM-02,Luminária Náutica de Convés,need-to-have,0,38,33,LUM-02-PO010,0
150,2024-05-29,ETH-01,Éter Hidráulico Grau Abissal,must-have,0,76,68,ETH-01-PO013,0
150,2024-05-29,LUM-02,Luminária Náutica de Convés,need-to-have,33,0,29,,0
151,2024-05-30,ETH-01,Éter Hidráulico Grau Abissal,must-have,68,0,61,,0
151,2024-05-30,LUM-02,Luminária Náutica de Convés,need-to-have,29,0,24,,44
152,2024-05-31,ETH-01,Éter Hidráulico Grau Abissal,must-have,61,0,51,,0
152,2024-05-31,LUM-02,Luminária Náutica de Convés,need-to-have,24,0,20,,0
153,2024-06-01,ETH-01,Éter Hidráulico Grau Abissal,must-have,51,0,44,,86
153,2024-06-01,LUM-02,Luminária Náutica de Convés,need-to-have,20,0,17,,0
154,2024-06-02,ETH-01,Éter Hidráulico Grau Abissal,must-have,44,0,36,,0
154,2024-06-02,LUM-02,Luminária Náutica de Convés,need-to-have,17,0,15,,0
155,2024-06-03,ETH-01,Éter Hidráulico Grau Abissal,must-have,36,0,28,,0
155,2024-06-03,LUM-02,Luminária Náutica de Convés,need-to-have,15,0,12,,0
156,2024-06-04,ETH-01,Éter Hidráulico Grau Abissal,must-have,28,0,21,,0
156,2024-06-04,LUM-02,Luminária Náutica de Convés,need-to-have,12,0,8,,0
157,2024-06-05,ETH-01,Éter Hidráulico Grau Abissal,must-have,21,0,8,,0
157,2024-06-05,LUM-02,Luminária Náutica de Convés,need-to-have,8,0,6,,0
158,2024-06-06,ETH-01,Éter Hidráulico Grau Abissal,must-have,8,0,0,,0
158,2024-06-06,LUM-02,Luminária Náutica de Convés,need-to-have,6,0,2,,0
159,2024-06-07,ETH-01,Éter Hidráulico Grau Abissal,must-have,0,0,0,,0
159,2024-06-07,LUM-02,Luminária Náutica de Convés,need-to-have,2,0,0,,0
160,2024-06-08,ETH-01,Éter Hidráulico Grau Abissal,must-have,0,86,77,ETH-01-PO014,0
160,2024-06-08,LUM-02,Luminária Náutica de Convés,need-to-have,0,0,0,,0
161,2024-06-09,ETH-01,Éter Hidráulico Grau Abissal,must-have,77,0,72,,0
161,2024-06-09,LUM-02,Luminária Náutica de Convés,need-to-have,0,0,0,,0
162,2024-06-10,ETH-01,Éter Hidráulico Grau Abissal,must-have,72,0,63,,0
162,2024-06-10,LUM-02,Luminária Náutica de Convés,need-to-have,0,0,0,,0
163,2024-06-11,ETH-01,Éter Hidráulico Grau Abissal,must-have,63,0,57,,0
163,2024-06-11,LUM-02,Luminária Náutica de Convés,need-to-have,0,44,40,LUM-02-PO011,0
164,2024-06-12,ETH-01,Éter Hidráulico Grau Abissal,must-have,57,0,51,,0
164,2024-06-12,LUM-02,Luminária Náutica de Convés,need-to-have,40,0,36,,0
165,2024-06-13,ETH-01,Éter Hidráulico Grau Abissal,must-have,51,0,48,,0
165,2024-06-13,LUM-02,Luminária Náutica de Convés,need-to-have,36,0,31,,0
166,2024-06-14,ETH-01,Éter Hidráulico Grau Abissal,must-have,48,0,39,,71
166,2024-06-14,LUM-02,Luminária Náutica de Convés,need-to-have,31,0,27,,44
167,2024-06-15,ETH-01,Éter Hidráulico Grau Abissal,must-have,39,0,28,,0
167,2024-06-15,LUM-02,Luminária Náutica de Convés,need-to-have,27,0,24,,0
168,2024-06-16,ETH-01,Éter Hidráulico Grau Abissal,must-have,28,0,16,,0
168,2024-06-16,LUM-02,Luminária Náutica de Convés,need-to-have,24,0,19,,0
169,2024-06-17,ETH-01,Éter Hidráulico Grau Abissal,must-have,16,0,5,,0
169,2024-06-17,LUM-02,Luminária Náutica de Convés,need-to-have,19,0,13,,0
170,2024-06-18,ETH-01,Éter Hidráulico Grau Abissal,must-have,5,0,0,,0
170,2024-06-18,LUM-02,Luminária Náutica de Convés,need-to-have,13,44,54,LUM-02-PO012,0
171,2024-06-19,ETH-01,Éter Hidráulico Grau Abissal,must-have,0,0,0,,0
171,2024-06-19,LUM-02,Luminária Náutica de Convés,need-to-have,54,0,51,,0
172,2024-06-20,ETH-01,Éter Hidráulico Grau Abissal,must-have,0,0,0,,0
172,2024-06-20,LUM-02,Luminária Náutica de Convés,need-to-have,51,0,49,,0
173,2024-06-21,ETH-01,Éter Hidráulico Grau Abissal,must-have,0,0,0,,0
173,2024-06-21,LUM-02,Luminária Náutica de Convés,need-to-have,49,0,44,,0
174,2024-06-22,ETH-01,Éter Hidráulico Grau Abissal,must-have,0,0,0,,0
174,2024-06-22,LUM-02,Luminária Náutica de Convés,need-to-have,44,0,40,,0
175,2024-06-23,ETH-01,Éter Hidráulico Grau Abissal,must-have,0,71,62,ETH-01-PO015,0
175,2024-06-23,LUM-02,Luminária Náutica de Convés,need-to-have,40,0,35,,0
176,2024-06-24,ETH-01,Éter Hidráulico Grau Abissal,must-have,62,0,58,,0
176,2024-06-24,LUM-02,Luminária Náutica de Convés,need-to-have,35,0,33,,0
177,2024-06-25,ETH-01,Éter Hidráulico Grau Abissal,must-have,58,0,50,,0
177,2024-06-25,LUM-02,Luminária Náutica de Convés,need-to-have,33,0,28,,0
178,2024-06-26,ETH-01,Éter Hidráulico Grau Abissal,must-have,50,0,43,,85
178,2024-06-26,LUM-02,Luminária Náutica de Convés,need-to-have,28,0,25,,40
179,2024-06-27,ETH-01,Éter Hidráulico Grau Abissal,must-have,43,0,37,,0
179,2024-06-27,LUM-02,Luminária Náutica de Convés,need-to-have,25,0,23,,0
180,2024-06-28,ETH-01,Éter Hidráulico Grau Abissal,must-have,37,0,32,,0
180,2024-06-28,LUM-02,Luminária Náutica de Convés,need-to-have,23,0,16,,0
181,2024-06-29,ETH-01,Éter Hidráulico Grau Abissal,must-have,32,0,28,,0
181,2024-06-29,LUM-02,Luminária Náutica de Convés,need-to-have,16,0,11,,0
182,2024-06-30,ETH-01,Éter Hidráulico Grau Abissal,must-have,28,0,20,,0
182,2024-06-30,LUM-02,Luminária Náutica de Convés,need-to-have,11,0,7,,0
183,2024-07-01,ETH-01,Éter Hidráulico Grau Abissal,must-have,20,0,11,,0
183,2024-07-01,LUM-02,Luminária Náutica de Convés,need-to-have,7,0,3,,0
184,2024-07-02,ETH-01,Éter Hidráulico Grau Abissal,must-have,11,0,3,,0
184,2024-07-02,LUM-02,Luminária Náutica de Convés,need-to-have,3,0,0,,0
185,2024-07-03,ETH-01,Éter Hidráulico Grau Abissal,must-have,3,0,0,,0
185,2024-07-03,LUM-02,Luminária Náutica de Convés,need-to-have,0,0,0,,0
186,2024-07-04,ETH-01,Éter Hidráulico Grau Abissal,must-have,0,0,0,,0
186,2024-07-04,LUM-02,Luminária Náutica de Convés,need-to-have,0,0,0,,0
187,2024-07-05,ETH-01,Éter Hidráulico Grau Abissal,must-have,0,0,0,,0
187,2024-07-05,LUM-02,Luminária Náutica de Convés,need-to-have,0,0,0,,0
188,2024-07-06,ETH-01,Éter Hidráulico Grau Abissal,must-have,0,76,70,ETH-01-PO016,0
188,2024-07-06,LUM-02,Luminária Náutica de Convés,need-to-have,0,40,36,LUM-02-PO013,0
189,2024-07-07,ETH-01,Éter Hidráulico Grau Abissal,must-have,70,0,65,,0
189,2024-07-07,LUM-02,Luminária Náutica de Convés,need-to-have,36,0,32,,0
190,2024-07-08,ETH-01,Éter Hidráulico Grau Abissal,must-have,65,0,59,,0
190,2024-07-08,LUM-02,Luminária Náutica de Convés,need-to-have,32,0,29,,0
191,2024-07-09,ETH-01,Éter Hidráulico Grau Abissal,must-have,59,0,50,,0
191,2024-07-09,LUM-02,Luminária Náutica de Convés,need-to-have,29,0,27,,38
192,2024-07-10,ETH-01,Éter Hidráulico Grau Abissal,must-have,50,0,40,,72
192,2024-07-10,LUM-02,Luminária Náutica de Convés,need-to-have,27,0,26,,0
193,2024-07-11,ETH-01,Éter Hidráulico Grau Abissal,must-have,40,0,32,,0
193,2024-07-11,LUM-02,Luminária Náutica de Convés,need-to-have,26,0,21,,0
194,2024-07-12,ETH-01,Éter Hidráulico Grau Abissal,must-have,32,0,28,,0
194,2024-07-12,LUM-02,Luminária Náutica de Convés,need-to-have,21,0,20,,0
195,2024-07-13,ETH-01,Éter Hidráulico Grau Abissal,must-have,28,0,19,,0
195,2024-07-13,LUM-02,Luminária Náutica de Convés,need-to-have,20,0,16,,0
196,2024-07-14,ETH-01,Éter Hidráulico Grau Abissal,must-have,19,0,10,,0
196,2024-07-14,LUM-02,Luminária Náutica de Convés,need-to-have,16,0,13,,0
197,2024-07-15,ETH-01,Éter Hidráulico Grau Abissal,must-have,10,0,2,,0
197,2024-07-15,LUM-02,Luminária Náutica de Convés,need-to-have,13,0,7,,0
198,2024-07-16,ETH-01,Éter Hidráulico Grau Abissal,must-have,2,0,0,,0
198,2024-07-16,LUM-02,Luminária Náutica de Convés,need-to-have,7,0,6,,0
199,2024-07-17,ETH-01,Éter Hidráulico Grau Abissal,must-have,0,72,63,ETH-01-PO017,0
199,2024-07-17,LUM-02,Luminária Náutica de Convés,need-to-have,6,0,2,,0
200,2024-07-18,ETH-01,Éter Hidráulico Grau Abissal,must-have,63,0,52,,0
200,2024-07-18,LUM-02,Luminária Náutica de Convés,need-to-have,2,38,36,LUM-02-PO014,0
201,2024-07-19,ETH-01,Éter Hidráulico Grau Abissal,must-have,52,0,42,,72
201,2024-07-19,LUM-02,Luminária Náutica de Convés,need-to-have,36,0,32,,0
202,2024-07-20,ETH-01,Éter Hidráulico Grau Abissal,must-have,42,0,33,,0
202,2024-07-20,LUM-02,Luminária Náutica de Convés,need-to-have,32,0,27,,44
203,2024-07-21,ETH-01,Éter Hidráulico Grau Abissal,must-have,33,0,26,,0
203,2024-07-21,LUM-02,Luminária Náutica de Convés,need-to-have,27,0,23,,0
204,2024-07-22,ETH-01,Éter Hidráulico Grau Abissal,must-have,26,0,18,,0
204,2024-07-22,LUM-02,Luminária Náutica de Convés,need-to-have,23,0,20,,0
205,2024-07-23,ETH-01,Éter Hidráulico Grau Abissal,must-have,18,0,10,,0
205,2024-07-23,LUM-02,Luminária Náutica de Convés,need-to-have,20,0,17,,0
206,2024-07-24,ETH-01,Éter Hidráulico Grau Abissal,must-have,10,0,0,,0
206,2024-07-24,LUM-02,Luminária Náutica de Convés,need-to-have,17,0,13,,0
207,2024-07-25,ETH-01,Éter Hidráulico Grau Abissal,must-have,0,0,0,,0
207,2024-07-25,LUM-02,Luminária Náutica de Convés,need-to-have,13,0,9,,0
208,2024-07-26,ETH-01,Éter Hidráulico Grau Abissal,must-have,0,0,0,,0
208,2024-07-26,LUM-02,Luminária Náutica de Convés,need-to-have,9,0,5,,0
209,2024-07-27,ETH-01,Éter Hidráulico Grau Abissal,must-have,0,0,0,,0
209,2024-07-27,LUM-02,Luminária Náutica de Convés,need-to-have,5,0,2,,0
210,2024-07-28,ETH-01,Éter Hidráulico Grau Abissal,must-have,0,0,0,,0
210,2024-07-28,LUM-02,Luminária Náutica de Convés,need-to-have,2,0,0,,0
211,2024-07-29,ETH-01,Éter Hidráulico Grau Abissal,must-have,0,0,0,,0
211,2024-07-29,LUM-02,Luminária Náutica de Convés,need-to-have,0,0,0,,0
212,2024-07-30,ETH-01,Éter Hidráulico Grau Abissal,must-have,0,0,0,,0
212,2024-07-30,LUM-02,Luminária Náutica de Convés,need-to-have,0,0,0,,0
213,2024-07-31,ETH-01,Éter Hidráulico Grau Abissal,must-have,0,72,59,ETH-01-PO018,0
213,2024-07-31,LUM-02,Luminária Náutica de Convés,need-to-have,0,0,0,,0
214,2024-08-01,ETH-01,Éter Hidráulico Grau Abissal,must-have,59,0,53,,0
214,2024-08-01,LUM-02,Luminária Náutica de Convés,need-to-have,0,0,0,,0
215,2024-08-02,ETH-01,Éter Hidráulico Grau Abissal,must-have,53,0,44,,78
215,2024-08-02,LUM-02,Luminária Náutica de Convés,need-to-have,0,0,0,,0
216,2024-08-03,ETH-01,Éter Hidráulico Grau Abissal,must-have,44,0,37,,0
216,2024-08-03,LUM-02,Luminária Náutica de Convés,need-to-have,0,0,0,,0
217,2024-08-04,ETH-01,Éter Hidráulico Grau Abissal,must-have,37,0,31,,0
217,2024-08-04,LUM-02,Luminária Náutica de Convés,need-to-have,0,0,0,,0
218,2024-08-05,ETH-01,Éter Hidráulico Grau Abissal,must-have,31,0,22,,0
218,2024-08-05,LUM-02,Luminária Náutica de Convés,need-to-have,0,0,0,,0
219,2024-08-06,ETH-01,Éter Hidráulico Grau Abissal,must-have,22,0,12,,0
219,2024-08-06,LUM-02,Luminária Náutica de Convés,need-to-have,0,44,41,LUM-02-PO015,0
220,2024-08-07,ETH-01,Éter Hidráulico Grau Abissal,must-have,12,0,1,,0
220,2024-08-07,LUM-02,Luminária Náutica de Convés,need-to-have,41,0,36,,0
221,2024-08-08,ETH-01,Éter Hidráulico Grau Abissal,must-have,1,0,0,,0
221,2024-08-08,LUM-02,Luminária Náutica de Convés,need-to-have,36,0,34,,0
222,2024-08-09,ETH-01,Éter Hidráulico Grau Abissal,must-have,0,0,0,,0
222,2024-08-09,LUM-02,Luminária Náutica de Convés,need-to-have,34,0,29,,0
223,2024-08-10,ETH-01,Éter Hidráulico Grau Abissal,must-have,0,0,0,,0
223,2024-08-10,LUM-02,Luminária Náutica de Convés,need-to-have,29,0,25,,40
224,2024-08-11,ETH-01,Éter Hidráulico Grau Abissal,must-have,0,0,0,,0
224,2024-08-11,LUM-02,Luminária Náutica de Convés,need-to-have,25,0,20,,0
225,2024-08-12,ETH-01,Éter Hidráulico Grau Abissal,must-have,0,78,68,ETH-01-PO019,0
225,2024-08-12,LUM-02,Luminária Náutica de Convés,need-to-have,20,0,16,,0
226,2024-08-13,ETH-01,Éter Hidráulico Grau Abissal,must-have,68,0,58,,0
226,2024-08-13,LUM-02,Luminária Náutica de Convés,need-to-have,16,0,9,,0
227,2024-08-14,ETH-01,Éter Hidráulico Grau Abissal,must-have,58,0,47,,0
227,2024-08-14,LUM-02,Luminária Náutica de Convés,need-to-have,9,0,3,,0
228,2024-08-15,ETH-01,Éter Hidráulico Grau Abissal,must-have,47,0,39,,85
228,2024-08-15,LUM-02,Luminária Náutica de Convés,need-to-have,3,0,0,,0
229,2024-08-16,ETH-01,Éter Hidráulico Grau Abissal,must-have,39,0,28,,0
229,2024-08-16,LUM-02,Luminária Náutica de Convés,need-to-have,0,40,36,LUM-02-PO016,0
230,2024-08-17,ETH-01,Éter Hidráulico Grau Abissal,must-have,28,0,20,,0
230,2024-08-17,LUM-02,Luminária Náutica de Convés,need-to-have,36,0,32,,0
231,2024-08-18,ETH-01,Éter Hidráulico Grau Abissal,must-have,20,0,13,,0
231,2024-08-18,LUM-02,Luminária Náutica de Convés,need-to-have,32,0,27,,46
232,2024-08-19,ETH-01,Éter Hidráulico Grau Abissal,must-have,13,0,3,,0
232,2024-08-19,LUM-02,Luminária Náutica de Convés,need-to-have,27,0,21,,0
233,2024-08-20,ETH-01,Éter Hidráulico Grau Abissal,must-have,3,0,0,,0
233,2024-08-20,LUM-02,Luminária Náutica de Convés,need-to-have,21,0,18,,0
234,2024-08-21,ETH-01,Éter Hidráulico Grau Abissal,must-have,0,0,0,,0
234,2024-08-21,LUM-02,Luminária Náutica de Convés,need-to-have,18,0,12,,0
235,2024-08-22,ETH-01,Éter Hidráulico Grau Abissal,must-have,0,0,0,,0
235,2024-08-22,LUM-02,Luminária Náutica de Convés,need-to-have,12,0,9,,0
236,2024-08-23,ETH-01,Éter Hidráulico Grau Abissal,must-have,0,0,0,,0
236,2024-08-23,LUM-02,Luminária Náutica de Convés,need-to-have,9,0,6,,0
237,2024-08-24,ETH-01,Éter Hidráulico Grau Abissal,must-have,0,0,0,,0
237,2024-08-24,LUM-02,Luminária Náutica de Convés,need-to-have,6,0,3,,0
238,2024-08-25,ETH-01,Éter Hidráulico Grau Abissal,must-have,0,0,0,,0
238,2024-08-25,LUM-02,Luminária Náutica de Convés,need-to-have,3,0,0,,0
239,2024-08-26,ETH-01,Éter Hidráulico Grau Abissal,must-have,0,0,0,,0
239,2024-08-26,LUM-02,Luminária Náutica de Convés,need-to-have,0,0,0,,0
240,2024-08-27,ETH-01,Éter Hidráulico Grau Abissal,must-have,0,72,64,ETH-01-PO020,0
240,2024-08-27,LUM-02,Luminária Náutica de Convés,need-to-have,0,0,0,,0
241,2024-08-28,ETH-01,Éter Hidráulico Grau Abissal,must-have,64,0,54,,0
241,2024-08-28,LUM-02,Luminária Náutica de Convés,need-to-have,0,0,0,,0
242,2024-08-29,ETH-01,Éter Hidráulico Grau Abissal,must-have,54,0,46,,0
242,2024-08-29,LUM-02,Luminária Náutica de Convés,need-to-have,0,0,0,,0
243,2024-08-30,ETH-01,Éter Hidráulico Grau Abissal,must-have,46,0,36,,85
243,2024-08-30,LUM-02,Luminária Náutica de Convés,need-to-have,0,0,0,,0
244,2024-08-31,ETH-01,Éter Hidráulico Grau Abissal,must-have,36,0,28,,0
244,2024-08-31,LUM-02,Luminária Náutica de Convés,need-to-have,0,0,0,,0
245,2024-09-01,ETH-01,Éter Hidráulico Grau Abissal,must-have,28,0,18,,0
245,2024-09-01,LUM-02,Luminária Náutica de Convés,need-to-have,0,0,0,,0
246,2024-09-02,ETH-01,Éter Hidráulico Grau Abissal,must-have,18,0,14,,0
246,2024-09-02,LUM-02,Luminária Náutica de Convés,need-to-have,0,0,0,,0
247,2024-09-03,ETH-01,Éter Hidráulico Grau Abissal,must-have,14,0,3,,0
247,2024-09-03,LUM-02,Luminária Náutica de Convés,need-to-have,0,0,0,,0
248,2024-09-04,ETH-01,Éter Hidráulico Grau Abissal,must-have,3,0,0,,0
248,2024-09-04,LUM-02,Luminária Náutica de Convés,need-to-have,0,0,0,,0
249,2024-09-05,ETH-01,Éter Hidráulico Grau Abissal,must-have,0,0,0,,0
249,2024-09-05,LUM-02,Luminária Náutica de Convés,need-to-have,0,0,0,,0
250,2024-09-06,ETH-01,Éter Hidráulico Grau Abissal,must-have,0,0,0,,0
250,2024-09-06,LUM-02,Luminária Náutica de Convés,need-to-have,0,44,37,LUM-02-PO017,0
251,2024-09-07,ETH-01,Éter Hidráulico Grau Abissal,must-have,0,0,0,,0
251,2024-09-07,LUM-02,Luminária Náutica de Convés,need-to-have,37,0,35,,0
252,2024-09-08,ETH-01,Éter Hidráulico Grau Abissal,must-have,0,0,0,,0
252,2024-09-08,LUM-02,Luminária Náutica de Convés,need-to-have,35,0,31,,0
253,2024-09-09,ETH-01,Éter Hidráulico Grau Abissal,must-have,0,76,69,ETH-01-PO021,0
253,2024-09-09,LUM-02,Luminária Náutica de Convés,need-to-have,31,0,29,,0
254,2024-09-10,ETH-01,Éter Hidráulico Grau Abissal,must-have,69,0,60,,0
254,2024-09-10,LUM-02,Luminária Náutica de Convés,need-to-have,29,0,26,,40
255,2024-09-11,ETH-01,Éter Hidráulico Grau Abissal,must-have,60,0,51,,0
255,2024-09-11,LUM-02,Luminária Náutica de Convés,need-to-have,26,0,20,,0
256,2024-09-12,ETH-01,Éter Hidráulico Grau Abissal,must-have,51,0,43,,72
256,2024-09-12,LUM-02,Luminária Náutica de Convés,need-to-have,20,0,12,,0
257,2024-09-13,ETH-01,Éter Hidráulico Grau Abissal,must-have,43,0,34,,0
257,2024-09-13,LUM-02,Luminária Náutica de Convés,need-to-have,12,0,11,,0
258,2024-09-14,ETH-01,Éter Hidráulico Grau Abissal,must-have,34,0,26,,0
258,2024-09-14,LUM-02,Luminária Náutica de Convés,need-to-have,11,0,10,,0
259,2024-09-15,ETH-01,Éter Hidráulico Grau Abissal,must-have,26,0,17,,0
259,2024-09-15,LUM-02,Luminária Náutica de Convés,need-to-have,10,0,5,,0
260,2024-09-16,ETH-01,Éter Hidráulico Grau Abissal,must-have,17,0,9,,0
260,2024-09-16,LUM-02,Luminária Náutica de Convés,need-to-have,5,0,0,,0
261,2024-09-17,ETH-01,Éter Hidráulico Grau Abissal,must-have,9,0,0,,0
261,2024-09-17,LUM-02,Luminária Náutica de Convés,need-to-have,0,0,0,,0
262,2024-09-18,ETH-01,Éter Hidráulico Grau Abissal,must-have,0,72,66,ETH-01-PO022,0
262,2024-09-18,LUM-02,Luminária Náutica de Convés,need-to-have,0,0,0,,0
263,2024-09-19,ETH-01,Éter Hidráulico Grau Abissal,must-have,66,0,59,,0
263,2024-09-19,LUM-02,Luminária Náutica de Convés,need-to-have,0,40,34,LUM-02-PO018,0
264,2024-09-20,ETH-01,Éter Hidráulico Grau Abissal,must-have,59,0,48,,0
264,2024-09-20,LUM-02,Luminária Náutica de Convés,need-to-have,34,0,30,,0
265,2024-09-21,ETH-01,Éter Hidráulico Grau Abissal,must-have,48,0,38,,73
265,2024-09-21,LUM-02,Luminária Náutica de Convés,need-to-have,30,0,29,,0
266,2024-09-22,ETH-01,Éter Hidráulico Grau Abissal,must-have,38,0,28,,0
266,2024-09-22,LUM-02,Luminária Náutica de Convés,need-to-have,29,0,26,,40
267,2024-09-23,ETH-01,Éter Hidráulico Grau Abissal,must-have,28,0,19,,0
267,2024-09-23,LUM-02,Luminária Náutica de Convés,need-to-have,26,0,22,,0
268,2024-09-24,ETH-01,Éter Hidráulico Grau Abissal,must-have,19,0,9,,0
268,2024-09-24,LUM-02,Luminária Náutica de Convés,need-to-have,22,0,18,,0
269,2024-09-25,ETH-01,Éter Hidráulico Grau Abissal,must-have,9,0,0,,0
269,2024-09-25,LUM-02,Luminária Náutica de Convés,need-to-have,18,0,13,,0
270,2024-09-26,ETH-01,Éter Hidráulico Grau Abissal,must-have,0,0,0,,0
270,2024-09-26,LUM-02,Luminária Náutica de Convés,need-to-have,13,0,10,,0
271,2024-09-27,ETH-01,Éter Hidráulico Grau Abissal,must-have,0,0,0,,0
271,2024-09-27,LUM-02,Luminária Náutica de Convés,need-to-have,10,0,4,,0
272,2024-09-28,ETH-01,Éter Hidráulico Grau Abissal,must-have,0,73,64,ETH-01-PO023,0
272,2024-09-28,LUM-02,Luminária Náutica de Convés,need-to-have,4,0,1,,0
273,2024-09-29,ETH-01,Éter Hidráulico Grau Abissal,must-have,64,0,57,,0
273,2024-09-29,LUM-02,Luminária Náutica de Convés,need-to-have,1,40,39,LUM-02-PO019,0
274,2024-09-30,ETH-01,Éter Hidráulico Grau Abissal,must-have,57,0,50,,0
274,2024-09-30,LUM-02,Luminária Náutica de Convés,need-to-have,39,0,35,,0
275,2024-10-01,ETH-01,Éter Hidráulico Grau Abissal,must-have,50,0,42,,75
275,2024-10-01,LUM-02,Luminária Náutica de Convés,need-to-have,35,0,29,,0
276,2024-10-02,ETH-01,Éter Hidráulico Grau Abissal,must-have,42,0,33,,0
276,2024-10-02,LUM-02,Luminária Náutica de Convés,need-to-have,29,0,24,,44
277,2024-10-03,ETH-01,Éter Hidráulico Grau Abissal,must-have,33,0,24,,0
277,2024-10-03,LUM-02,Luminária Náutica de Convés,need-to-have,24,0,21,,0
278,2024-10-04,ETH-01,Éter Hidráulico Grau Abissal,must-have,24,0,13,,0
278,2024-10-04,LUM-02,Luminária Náutica de Convés,need-to-have,21,0,18,,0
279,2024-10-05,ETH-01,Éter Hidráulico Grau Abissal,must-have,13,0,6,,0
279,2024-10-05,LUM-02,Luminária Náutica de Convés,need-to-have,18,0,14,,0
280,2024-10-06,ETH-01,Éter Hidráulico Grau Abissal,must-have,6,0,0,,0
280,2024-10-06,LUM-02,Luminária Náutica de Convés,need-to-have,14,0,6,,0
281,2024-10-07,ETH-01,Éter Hidráulico Grau Abissal,must-have,0,0,0,,0
281,2024-10-07,LUM-02,Luminária Náutica de Convés,need-to-have,6,0,2,,0
282,2024-10-08,ETH-01,Éter Hidráulico Grau Abissal,must-have,0,0,0,,0
282,2024-10-08,LUM-02,Luminária Náutica de Convés,need-to-have,2,0,0,,0
283,2024-10-09,ETH-01,Éter Hidráulico Grau Abissal,must-have,0,64,51,ETH-01-PO024,0
283,2024-10-09,LUM-02,Luminária Náutica de Convés,need-to-have,0,44,39,LUM-02-PO020,0
284,2024-10-10,ETH-01,Éter Hidráulico Grau Abissal,must-have,51,0,47,,0
284,2024-10-10,LUM-02,Luminária Náutica de Convés,need-to-have,39,0,35,,0
285,2024-10-11,ETH-01,Éter Hidráulico Grau Abissal,must-have,47,0,39,,75
285,2024-10-11,LUM-02,Luminária Náutica de Convés,need-to-have,35,0,32,,0
286,2024-10-12,ETH-01,Éter Hidráulico Grau Abissal,must-have,39,0,31,,0
286,2024-10-12,LUM-02,Luminária Náutica de Convés,need-to-have,32,0,29,,0
287,2024-10-13,ETH-01,Éter Hidráulico Grau Abissal,must-have,31,0,24,,0
287,2024-10-13,LUM-02,Luminária Náutica de Convés,need-to-have,29,0,25,,40
288,2024-10-14,ETH-01,Éter Hidráulico Grau Abissal,must-have,24,0,9,,0
288,2024-10-14,LUM-02,Luminária Náutica de Convés,need-to-have,25,0,19,,0
289,2024-10-15,ETH-01,Éter Hidráulico Grau Abissal,must-have,9,0,1,,0
289,2024-10-15,LUM-02,Luminária Náutica de Convés,need-to-have,19,0,13,,0
290,2024-10-16,ETH-01,Éter Hidráulico Grau Abissal,must-have,1,0,0,,0
290,2024-10-16,LUM-02,Luminária Náutica de Convés,need-to-have,13,0,10,,0
291,2024-10-17,ETH-01,Éter Hidráulico Grau Abissal,must-have,0,0,0,,0
291,2024-10-17,LUM-02,Luminária Náutica de Convés,need-to-have,10,0,3,,0
292,2024-10-18,ETH-01,Éter Hidráulico Grau Abissal,must-have,0,0,0,,0
292,2024-10-18,LUM-02,Luminária Náutica de Convés,need-to-have,3,0,0,,0
293,2024-10-19,ETH-01,Éter Hidráulico Grau Abissal,must-have,0,0,0,,0
293,2024-10-19,LUM-02,Luminária Náutica de Convés,need-to-have,0,0,0,,0
294,2024-10-20,ETH-01,Éter Hidráulico Grau Abissal,must-have,0,75,67,ETH-01-PO025,0
294,2024-10-20,LUM-02,Luminária Náutica de Convés,need-to-have,0,0,0,,0
295,2024-10-21,ETH-01,Éter Hidráulico Grau Abissal,must-have,67,0,58,,0
295,2024-10-21,LUM-02,Luminária Náutica de Convés,need-to-have,0,0,0,,0
296,2024-10-22,ETH-01,Éter Hidráulico Grau Abissal,must-have,58,0,51,,0
296,2024-10-22,LUM-02,Luminária Náutica de Convés,need-to-have,0,0,0,,0
297,2024-10-23,ETH-01,Éter Hidráulico Grau Abissal,must-have,51,0,45,,0
297,2024-10-23,LUM-02,Luminária Náutica de Convés,need-to-have,0,0,0,,0
298,2024-10-24,ETH-01,Éter Hidráulico Grau Abissal,must-have,45,0,43,,81
298,2024-10-24,LUM-02,Luminária Náutica de Convés,need-to-have,0,0,0,,0
299,2024-10-25,ETH-01,Éter Hidráulico Grau Abissal,must-have,43,0,33,,0
299,2024-10-25,LUM-02,Luminária Náutica de Convés,need-to-have,0,40,36,LUM-02-PO021,0
300,2024-10-26,ETH-01,Éter Hidráulico Grau Abissal,must-have,33,0,22,,0
300,2024-10-26,LUM-02,Luminária Náutica de Convés,need-to-have,36,0,32,,0
301,2024-10-27,ETH-01,Éter Hidráulico Grau Abissal,must-have,22,0,14,,0
301,2024-10-27,LUM-02,Luminária Náutica de Convés,need-to-have,32,0,26,,45
302,2024-10-28,ETH-01,Éter Hidráulico Grau Abissal,must-have,14,0,0,,0
302,2024-10-28,LUM-02,Luminária Náutica de Convés,need-to-have,26,0,22,,0
303,2024-10-29,ETH-01,Éter Hidráulico Grau Abissal,must-have,0,0,0,,0
303,2024-10-29,LUM-02,Luminária Náutica de Convés,need-to-have,22,0,20,,0
304,2024-10-30,ETH-01,Éter Hidráulico Grau Abissal,must-have,0,0,0,,0
304,2024-10-30,LUM-02,Luminária Náutica de Convés,need-to-have,20,0,19,,0
305,2024-10-31,ETH-01,Éter Hidráulico Grau Abissal,must-have,0,0,0,,0
305,2024-10-31,LUM-02,Luminária Náutica de Convés,need-to-have,19,0,16,,0
306,2024-11-01,ETH-01,Éter Hidráulico Grau Abissal,must-have,0,0,0,,0
306,2024-11-01,LUM-02,Luminária Náutica de Convés,need-to-have,16,0,14,,0
307,2024-11-02,ETH-01,Éter Hidráulico Grau Abissal,must-have,0,0,0,,0
307,2024-11-02,LUM-02,Luminária Náutica de Convés,need-to-have,14,0,9,,0
308,2024-11-03,ETH-01,Éter Hidráulico Grau Abissal,must-have,0,0,0,,0
308,2024-11-03,LUM-02,Luminária Náutica de Convés,need-to-have,9,0,7,,0
309,2024-11-04,ETH-01,Éter Hidráulico Grau Abissal,must-have,0,81,70,ETH-01-PO026,0
309,2024-11-04,LUM-02,Luminária Náutica de Convés,need-to-have,7,0,4,,0
310,2024-11-05,ETH-01,Éter Hidráulico Grau Abissal,must-have,70,0,61,,0
310,2024-11-05,LUM-02,Luminária Náutica de Convés,need-to-have,4,0,1,,0
311,2024-11-06,ETH-01,Éter Hidráulico Grau Abissal,must-have,61,0,55,,0
311,2024-11-06,LUM-02,Luminária Náutica de Convés,need-to-have,1,0,0,,0
312,2024-11-07,ETH-01,Éter Hidráulico Grau Abissal,must-have,55,0,46,,0
312,2024-11-07,LUM-02,Luminária Náutica de Convés,need-to-have,0,0,0,,0
313,2024-11-08,ETH-01,Éter Hidráulico Grau Abissal,must-have,46,0,37,,71
313,2024-11-08,LUM-02,Luminária Náutica de Convés,need-to-have,0,0,0,,0
314,2024-11-09,ETH-01,Éter Hidráulico Grau Abissal,must-have,37,0,31,,0
314,2024-11-09,LUM-02,Luminária Náutica de Convés,need-to-have,0,45,41,LUM-02-PO022,0
315,2024-11-10,ETH-01,Éter Hidráulico Grau Abissal,must-have,31,0,24,,0
315,2024-11-10,LUM-02,Luminária Náutica de Convés,need-to-have,41,0,38,,0
316,2024-11-11,ETH-01,Éter Hidráulico Grau Abissal,must-have,24,0,17,,0
316,2024-11-11,LUM-02,Luminária Náutica de Convés,need-to-have,38,0,37,,0
317,2024-11-12,ETH-01,Éter Hidráulico Grau Abissal,must-have,17,0,5,,0
317,2024-11-12,LUM-02,Luminária Náutica de Convés,need-to-have,37,0,33,,0
318,2024-11-13,ETH-01,Éter Hidráulico Grau Abissal,must-have,5,0,0,,0
318,2024-11-13,LUM-02,Luminária Náutica de Convés,need-to-have,33,0,28,,0
319,2024-11-14,ETH-01,Éter Hidráulico Grau Abissal,must-have,0,0,0,,0
319,2024-11-14,LUM-02,Luminária Náutica de Convés,need-to-have,28,0,24,,45
320,2024-11-15,ETH-01,Éter Hidráulico Grau Abissal,must-have,0,0,0,,0
320,2024-11-15,LUM-02,Luminária Náutica de Convés,need-to-have,24,0,22,,0
321,2024-11-16,ETH-01,Éter Hidráulico Grau Abissal,must-have,0,0,0,,0
321,2024-11-16,LUM-02,Luminária Náutica de Convés,need-to-have,22,0,18,,0
322,2024-11-17,ETH-01,Éter Hidráulico Grau Abissal,must-have,0,0,0,,0
322,2024-11-17,LUM-02,Luminária Náutica de Convés,need-to-have,18,0,12,,0
323,2024-11-18,ETH-01,Éter Hidráulico Grau Abissal,must-have,0,0,0,,0
323,2024-11-18,LUM-02,Luminária Náutica de Convés,need-to-have,12,0,10,,0
324,2024-11-19,ETH-01,Éter Hidráulico Grau Abissal,must-have,0,0,0,,0
324,2024-11-19,LUM-02,Luminária Náutica de Convés,need-to-have,10,0,6,,0
325,2024-11-20,ETH-01,Éter Hidráulico Grau Abissal,must-have,0,0,0,,0
325,2024-11-20,LUM-02,Luminária Náutica de Convés,need-to-have,6,0,2,,0
326,2024-11-21,ETH-01,Éter Hidráulico Grau Abissal,must-have,0,0,0,,0
326,2024-11-21,LUM-02,Luminária Náutica de Convés,need-to-have,2,0,0,,0
327,2024-11-22,ETH-01,Éter Hidráulico Grau Abissal,must-have,0,0,0,,0
327,2024-11-22,LUM-02,Luminária Náutica de Convés,need-to-have,0,0,0,,0
328,2024-11-23,ETH-01,Éter Hidráulico Grau Abissal,must-have,0,71,63,ETH-01-PO027,0
328,2024-11-23,LUM-02,Luminária Náutica de Convés,need-to-have,0,0,0,,0
329,2024-11-24,ETH-01,Éter Hidráulico Grau Abissal,must-have,63,0,51,,0
329,2024-11-24,LUM-02,Luminária Náutica de Convés,need-to-have,0,0,0,,0
330,2024-11-25,ETH-01,Éter Hidráulico Grau Abissal,must-have,51,0,40,,83
330,2024-11-25,LUM-02,Luminária Náutica de Convés,need-to-have,0,0,0,,0
331,2024-11-26,ETH-01,Éter Hidráulico Grau Abissal,must-have,40,0,32,,0
331,2024-11-26,LUM-02,Luminária Náutica de Convés,need-to-have,0,0,0,,0
332,2024-11-27,ETH-01,Éter Hidráulico Grau Abissal,must-have,32,0,26,,0
332,2024-11-27,LUM-02,Luminária Náutica de Convés,need-to-have,0,0,0,,0
333,2024-11-28,ETH-01,Éter Hidráulico Grau Abissal,must-have,26,0,14,,0
333,2024-11-28,LUM-02,Luminária Náutica de Convés,need-to-have,0,45,42,LUM-02-PO023,0
334,2024-11-29,ETH-01,Éter Hidráulico Grau Abissal,must-have,14,0,8,,0
334,2024-11-29,LUM-02,Luminária Náutica de Convés,need-to-have,42,0,40,,0
335,2024-11-30,ETH-01,Éter Hidráulico Grau Abissal,must-have,8,0,3,,0
335,2024-11-30,LUM-02,Luminária Náutica de Convés,need-to-have,40,0,34,,0
336,2024-12-01,ETH-01,Éter Hidráulico Grau Abissal,must-have,3,0,0,,0
336,2024-12-01,LUM-02,Luminária Náutica de Convés,need-to-have,34,0,31,,0
337,2024-12-02,ETH-01,Éter Hidráulico Grau Abissal,must-have,0,0,0,,0
337,2024-12-02,LUM-02,Luminária Náutica de Convés,need-to-have,31,0,27,,44
338,2024-12-03,ETH-01,Éter Hidráulico Grau Abissal,must-have,0,0,0,,0
338,2024-12-03,LUM-02,Luminária Náutica de Convés,need-to-have,27,0,23,,0
339,2024-12-04,ETH-01,Éter Hidráulico Grau Abissal,must-have,0,0,0,,0
339,2024-12-04,LUM-02,Luminária Náutica de Convés,need-to-have,23,0,19,,0
340,2024-12-05,ETH-01,Éter Hidráulico Grau Abissal,must-have,0,0,0,,0
340,2024-12-05,LUM-02,Luminária Náutica de Convés,need-to-have,19,0,17,,0
341,2024-12-06,ETH-01,Éter Hidráulico Grau Abissal,must-have,0,83,71,ETH-01-PO028,0
341,2024-12-06,LUM-02,Luminária Náutica de Convés,need-to-have,17,0,12,,0
342,2024-12-07,ETH-01,Éter Hidráulico Grau Abissal,must-have,71,0,63,,0
342,2024-12-07,LUM-02,Luminária Náutica de Convés,need-to-have,12,0,8,,0
343,2024-12-08,ETH-01,Éter Hidráulico Grau Abissal,must-have,63,0,54,,0
343,2024-12-08,LUM-02,Luminária Náutica de Convés,need-to-have,8,0,8,,0
344,2024-12-09,ETH-01,Éter Hidráulico Grau Abissal,must-have,54,0,45,,0
344,2024-12-09,LUM-02,Luminária Náutica de Convés,need-to-have,8,0,5,,0
345,2024-12-10,ETH-01,Éter Hidráulico Grau Abissal,must-have,45,0,40,,77
345,2024-12-10,LUM-02,Luminária Náutica de Convés,need-to-have,5,0,1,,0
346,2024-12-11,ETH-01,Éter Hidráulico Grau Abissal,must-have,40,0,34,,0
346,2024-12-11,LUM-02,Luminária Náutica de Convés,need-to-have,1,0,0,,0
347,2024-12-12,ETH-01,Éter Hidráulico Grau Abissal,must-have,34,0,28,,0
347,2024-12-12,LUM-02,Luminária Náutica de Convés,need-to-have,0,44,41,LUM-02-PO024,0
348,2024-12-13,ETH-01,Éter Hidráulico Grau Abissal,must-have,28,0,20,,0
348,2024-12-13,LUM-02,Luminária Náutica de Convés,need-to-have,41,0,38,,0
349,2024-12-14,ETH-01,Éter Hidráulico Grau Abissal,must-have,20,0,11,,0
349,2024-12-14,LUM-02,Luminária Náutica de Convés,need-to-have,38,0,35,,0
350,2024-12-15,ETH-01,Éter Hidráulico Grau Abissal,must-have,11,0,1,,0
350,2024-12-15,LUM-02,Luminária Náutica de Convés,need-to-have,35,0,31,,0
351,2024-12-16,ETH-01,Éter Hidráulico Grau Abissal,must-have,1,77,73,ETH-01-PO029,0
351,2024-12-16,LUM-02,Luminária Náutica de Convés,need-to-have,31,0,24,,43
352,2024-12-17,ETH-01,Éter Hidráulico Grau Abissal,must-have,73,0,67,,0
352,2024-12-17,LUM-02,Luminária Náutica de Convés,need-to-have,24,0,19,,0
353,2024-12-18,ETH-01,Éter Hidráulico Grau Abissal,must-have,67,0,59,,0
353,2024-12-18,LUM-02,Luminária Náutica de Convés,need-to-have,19,0,14,,0
354,2024-12-19,ETH-01,Éter Hidráulico Grau Abissal,must-have,59,0,51,,0
354,2024-12-19,LUM-02,Luminária Náutica de Convés,need-to-have,14,0,13,,0
355,2024-12-20,ETH-01,Éter Hidráulico Grau Abissal,must-have,51,0,43,,72
355,2024-12-20,LUM-02,Luminária Náutica de Convés,need-to-have,13,0,7,,0
356,2024-12-21,ETH-01,Éter Hidráulico Grau Abissal,must-have,43,0,36,,0
356,2024-12-21,LUM-02,Luminária Náutica de Convés,need-to-have,7,0,0,,0
357,2024-12-22,ETH-01,Éter Hidráulico Grau Abissal,must-have,36,0,26,,0
357,2024-12-22,LUM-02,Luminária Náutica de Convés,need-to-have,0,0,0,,0
358,2024-12-23,ETH-01,Éter Hidráulico Grau Abissal,must-have,26,0,14,,0
358,2024-12-23,LUM-02,Luminária Náutica de Convés,need-to-have,0,0,0,,0
359,2024-12-24,ETH-01,Éter Hidráulico Grau Abissal,must-have,14,0,3,,0
359,2024-12-24,LUM-02,Luminária Náutica de Convés,need-to-have,0,0,0,,0
360,2024-12-25,ETH-01,Éter Hidráulico Grau Abissal,must-have,3,0,0,,0
360,2024-12-25,LUM-02,Luminária Náutica de Convés,need-to-have,0,0,0,,0
361,2024-12-26,ETH-01,Éter Hidráulico Grau Abissal,must-have,0,0,0,,0
361,2024-12-26,LUM-02,Luminária Náutica de Convés,need-to-have,0,0,0,,0
362,2024-12-27,ETH-01,Éter Hidráulico Grau Abissal,must-have,0,0,0,,0
362,2024-12-27,LUM-02,Luminária Náutica de Convés,need-to-have,0,0,0,,0
363,2024-12-28,ETH-01,Éter Hidráulico Grau Abissal,must-have,0,72,65,ETH-01-PO030,0
363,2024-12-28,LUM-02,Luminária Náutica de Convés,need-to-have,0,0,0,,0
364,2024-12-29,ETH-01,Éter Hidráulico Grau Abissal,must-have,65,0,60,,0
364,2024-12-29,LUM-02,Luminária Náutica de Convés,need-to-have,0,0,0,,0
365,2024-12-30,ETH-01,Éter Hidráulico Grau Abissal,must-have,60,0,54,,0
365,2024-12-30,LUM-02,Luminária Náutica de Convés,need-to-have,0,43,37,LUM-02-PO025,0
366,2024-12-31,ETH-01,Éter Hidráulico Grau Abissal,must-have,54,0,48,,0
366,2024-12-31,LUM-02,Luminária Náutica de Convés,need-to-have,37,0,34,,0
367,2025-01-01,ETH-01,Éter Hidráulico Grau Abissal,must-have,48,0,38,,75
367,2025-01-01,LUM-02,Luminária Náutica de Convés,need-to-have,34,0,33,,0
368,2025-01-02,ETH-01,Éter Hidráulico Grau Abissal,must-have,38,0,30,,0
368,2025-01-02,LUM-02,Luminária Náutica de Convés,need-to-have,33,0,28,,0
369,2025-01-03,ETH-01,Éter Hidráulico Grau Abissal,must-have,30,0,22,,0
369,2025-01-03,LUM-02,Luminária Náutica de Convés,need-to-have,28,0,22,,41
370,2025-01-04,ETH-01,Éter Hidráulico Grau Abissal,must-have,22,0,12,,0
370,2025-01-04,LUM-02,Luminária Náutica de Convés,need-to-have,22,0,21,,0
371,2025-01-05,ETH-01,Éter Hidráulico Grau Abissal,must-have,12,0,3,,0
371,2025-01-05,LUM-02,Luminária Náutica de Convés,need-to-have,21,0,19,,0
372,2025-01-06,ETH-01,Éter Hidráulico Grau Abissal,must-have,3,0,0,,0
372,2025-01-06,LUM-02,Luminária Náutica de Convés,need-to-have,19,0,17,,0
373,2025-01-07,ETH-01,Éter Hidráulico Grau Abissal,must-have,0,0,0,,0
373,2025-01-07,LUM-02,Luminária Náutica de Convés,need-to-have,17,0,16,,0
374,2025-01-08,ETH-01,Éter Hidráulico Grau Abissal,must-have,0,0,0,,0
374,2025-01-08,LUM-02,Luminária Náutica de Convés,need-to-have,16,0,12,,0
375,2025-01-09,ETH-01,Éter Hidráulico Grau Abissal,must-have,0,0,0,,0
375,2025-01-09,LUM-02,Luminária Náutica de Convés,need-to-have,12,0,8,,0
376,2025-01-10,ETH-01,Éter Hidráulico Grau Abissal,must-have,0,75,69,ETH-01-PO031,0
376,2025-01-10,LUM-02,Luminária Náutica de Convés,need-to-have,8,0,2,,0
377,2025-01-11,ETH-01,Éter Hidráulico Grau Abissal,must-have,69,0,61,,0
377,2025-01-11,LUM-02,Luminária Náutica de Convés,need-to-have,2,0,0,,0
378,2025-01-12,ETH-01,Éter Hidráulico Grau Abissal,must-have,61,0,54,,0
378,2025-01-12,LUM-02,Luminária Náutica de Convés,need-to-have,0,0,0,,0
379,2025-01-13,ETH-01,Éter Hidráulico Grau Abissal,must-have,54,0,45,,0
379,2025-01-13,LUM-02,Luminária Náutica de Convés,need-to-have,0,0,0,,0
380,2025-01-14,ETH-01,Éter Hidráulico Grau Abissal,must-have,45,0,35,,87
380,2025-01-14,LUM-02,Luminária Náutica de Convés,need-to-have,0,0,0,,0
381,2025-01-15,ETH-01,Éter Hidráulico Grau Abissal,must-have,35,0,24,,0
381,2025-01-15,LUM-02,Luminária Náutica de Convés,need-to-have,0,0,0,,0
382,2025-01-16,ETH-01,Éter Hidráulico Grau Abissal,must-have,24,0,14,,0
382,2025-01-16,LUM-02,Luminária Náutica de Convés,need-to-have,0,0,0,,0
383,2025-01-17,ETH-01,Éter Hidráulico Grau Abissal,must-have,14,0,0,,0
383,2025-01-17,LUM-02,Luminária Náutica de Convés,need-to-have,0,41,39,LUM-02-PO026,0
384,2025-01-18,ETH-01,Éter Hidráulico Grau Abissal,must-have,0,0,0,,0
384,2025-01-18,LUM-02,Luminária Náutica de Convés,need-to-have,39,0,33,,0
385,2025-01-19,ETH-01,Éter Hidráulico Grau Abissal,must-have,0,0,0,,0
385,2025-01-19,LUM-02,Luminária Náutica de Convés,need-to-have,33,0,30,,0
386,2025-01-20,ETH-01,Éter Hidráulico Grau Abissal,must-have,0,0,0,,0
386,2025-01-20,LUM-02,Luminária Náutica de Convés,need-to-have,30,0,25,,45
387,2025-01-21,ETH-01,Éter Hidráulico Grau Abissal,must-have,0,0,0,,0
387,2025-01-21,LUM-02,Luminária Náutica de Convés,need-to-have,25,0,22,,0
388,2025-01-22,ETH-01,Éter Hidráulico Grau Abissal,must-have,0,0,0,,0
388,2025-01-22,LUM-02,Luminária Náutica de Convés,need-to-have,22,0,16,,0
389,2025-01-23,ETH-01,Éter Hidráulico Grau Abissal,must-have,0,0,0,,0
389,2025-01-23,LUM-02,Luminária Náutica de Convés,need-to-have,16,0,11,,0
390,2025-01-24,ETH-01,Éter Hidráulico Grau Abissal,must-have,0,0,0,,0
390,2025-01-24,LUM-02,Luminária Náutica de Convés,need-to-have,11,0,5,,0
391,2025-01-25,ETH-01,Éter Hidráulico Grau Abissal,must-have,0,0,0,,0
391,2025-01-25,LUM-02,Luminária Náutica de Convés,need-to-have,5,0,3,,0
392,2025-01-26,ETH-01,Éter Hidráulico Grau Abissal,must-have,0,87,76,ETH-01-PO032,0
392,2025-01-26,LUM-02,Luminária Náutica de Convés,need-to-have,3,0,0,,0
393,2025-01-27,ETH-01,Éter Hidráulico Grau Abissal,must-have,76,0,70,,0
393,2025-01-27,LUM-02,Luminária Náutica de Convés,need-to-have,0,0,0,,0
394,2025-01-28,ETH-01,Éter Hidráulico Grau Abissal,must-have,70,0,64,,0
394,2025-01-28,LUM-02,Luminária Náutica de Convés,need-to-have,0,0,0,,0
395,2025-01-29,ETH-01,Éter Hidráulico Grau Abissal,must-have,64,0,56,,0
395,2025-01-29,LUM-02,Luminária Náutica de Convés,need-to-have,0,0,0,,0
396,2025-01-30,ETH-01,Éter Hidráulico Grau Abissal,must-have,56,0,46,,0
396,2025-01-30,LUM-02,Luminária Náutica de Convés,need-to-have,0,40,33,LUM-02-PO027,0
397,2025-01-31,ETH-01,Éter Hidráulico Grau Abissal,must-have,46,0,39,,85
397,2025-01-31,LUM-02,Luminária Náutica de Convés,need-to-have,33,0,29,,0
398,2025-02-01,ETH-01,Éter Hidráulico Grau Abissal,must-have,39,0,32,,0
398,2025-02-01,LUM-02,Luminária Náutica de Convés,need-to-have,29,0,26,,38
399,2025-02-02,ETH-01,Éter Hidráulico Grau Abissal,must-have,32,0,26,,0
399,2025-02-02,LUM-02,Luminária Náutica de Convés,need-to-have,26,0,23,,0
400,2025-02-03,ETH-01,Éter Hidráulico Grau Abissal,must-have,26,0,18,,0
400,2025-02-03,LUM-02,Luminária Náutica de Convés,need-to-have,23,0,18,,0
401,2025-02-04,ETH-01,Éter Hidráulico Grau Abissal,must-have,18,0,12,,0
401,2025-02-04,LUM-02,Luminária Náutica de Convés,need-to-have,18,0,12,,0
402,2025-02-05,ETH-01,Éter Hidráulico Grau Abissal,must-have,12,0,4,,0
402,2025-02-05,LUM-02,Luminária Náutica de Convés,need-to-have,12,0,10,,0
403,2025-02-06,ETH-01,Éter Hidráulico Grau Abissal,must-have,4,0,0,,0
403,2025-02-06,LUM-02,Luminária Náutica de Convés,need-to-have,10,0,5,,0
404,2025-02-07,ETH-01,Éter Hidráulico Grau Abissal,must-have,0,0,0,,0
404,2025-02-07,LUM-02,Luminária Náutica de Convés,need-to-have,5,0,0,,0
405,2025-02-08,ETH-01,Éter Hidráulico Grau Abissal,must-have,0,0,0,,0
405,2025-02-08,LUM-02,Luminária Náutica de Convés,need-to-have,0,0,0,,0
406,2025-02-09,ETH-01,Éter Hidráulico Grau Abissal,must-have,0,0,0,,0
406,2025-02-09,LUM-02,Luminária Náutica de Convés,need-to-have,0,0,0,,0
407,2025-02-10,ETH-01,Éter Hidráulico Grau Abissal,must-have,0,0,0,,0
407,2025-02-10,LUM-02,Luminária Náutica de Convés,need-to-have,0,0,0,,0
408,2025-02-11,ETH-01,Éter Hidráulico Grau Abissal,must-have,0,0,0,,0
408,2025-02-11,LUM-02,Luminária Náutica de Convés,need-to-have,0,0,0,,0
409,2025-02-12,ETH-01,Éter Hidráulico Grau Abissal,must-have,0,0,0,,0
409,2025-02-12,LUM-02,Luminária Náutica de Convés,need-to-have,0,0,0,,0
410,2025-02-13,ETH-01,Éter Hidráulico Grau Abissal,must-have,0,0,0,,0
410,2025-02-13,LUM-02,Luminária Náutica de Convés,need-to-have,0,0,0,,0
411,2025-02-14,ETH-01,Éter Hidráulico Grau Abissal,must-have,0,0,0,,0
411,2025-02-14,LUM-02,Luminária Náutica de Convés,need-to-have,0,0,0,,0
412,2025-02-15,ETH-01,Éter Hidráulico Grau Abissal,must-have,0,85,77,ETH-01-PO033,0
412,2025-02-15,LUM-02,Luminária Náutica de Convés,need-to-have,0,32,26,LUM-02-PO028,41
413,2025-02-16,ETH-01,Éter Hidráulico Grau Abissal,must-have,77,0,68,,0
413,2025-02-16,LUM-02,Luminária Náutica de Convés,need-to-have,26,0,23,,0
414,2025-02-17,ETH-01,Éter Hidráulico Grau Abissal,must-have,68,0,63,,0
414,2025-02-17,LUM-02,Luminária Náutica de Convés,need-to-have,23,0,19,,0
415,2025-02-18,ETH-01,Éter Hidráulico Grau Abissal,must-have,63,0,51,,0
415,2025-02-18,LUM-02,Luminária Náutica de Convés,need-to-have,19,0,14,,0
416,2025-02-19,ETH-01,Éter Hidráulico Grau Abissal,must-have,51,0,38,,83
416,2025-02-19,LUM-02,Luminária Náutica de Convés,need-to-have,14,0,9,,0
417,2025-02-20,ETH-01,Éter Hidráulico Grau Abissal,must-have,38,0,26,,0
417,2025-02-20,LUM-02,Luminária Náutica de Convés,need-to-have,9,0,4,,0
418,2025-02-21,ETH-01,Éter Hidráulico Grau Abissal,must-have,26,0,16,,0
418,2025-02-21,LUM-02,Luminária Náutica de Convés,need-to-have,4,41,40,LUM-02-PO029,0
419,2025-02-22,ETH-01,Éter Hidráulico Grau Abissal,must-have,16,0,8,,0
419,2025-02-22,LUM-02,Luminária Náutica de Convés,need-to-have,40,0,36,,0
420,2025-02-23,ETH-01,Éter Hidráulico Grau Abissal,must-have,8,0,1,,0
420,2025-02-23,LUM-02,Luminária Náutica de Convés,need-to-have,36,0,31,,0
421,2025-02-24,ETH-01,Éter Hidráulico Grau Abissal,must-have,1,0,0,,0
421,2025-02-24,LUM-02,Luminária Náutica de Convés,need-to-have,31,0,26,,45
422,2025-02-25,ETH-01,Éter Hidráulico Grau Abissal,must-have,0,0,0,,0
422,2025-02-25,LUM-02,Luminária Náutica de Convés,need-to-have,26,0,22,,0
423,2025-02-26,ETH-01,Éter Hidráulico Grau Abissal,must-have,0,0,0,,0
423,2025-02-26,LUM-02,Luminária Náutica de Convés,need-to-have,22,0,20,,0
424,2025-02-27,ETH-01,Éter Hidráulico Grau Abissal,must-have,0,0,0,,0
424,2025-02-27,LUM-02,Luminária Náutica de Convés,need-to-have,20,0,17,,0
425,2025-02-28,ETH-01,Éter Hidráulico Grau Abissal,must-have,0,0,0,,0
425,2025-02-28,LUM-02,Luminária Náutica de Convés,need-to-have,17,0,12,,0
426,2025-03-01,ETH-01,Éter Hidráulico Grau Abissal,must-have,0,83,77,ETH-01-PO034,0
426,2025-03-01,LUM-02,Luminária Náutica de Convés,need-to-have,12,0,9,,0
427,2025-03-02,ETH-01,Éter Hidráulico Grau Abissal,must-have,77,0,65,,0
427,2025-03-02,LUM-02,Luminária Náutica de Convés,need-to-have,9,0,9,,0
428,2025-03-03,ETH-01,Éter Hidráulico Grau Abissal,must-have,65,0,56,,0
428,2025-03-03,LUM-02,Luminária Náutica de Convés,need-to-have,9,40,43,LUM-02-PO030,0
429,2025-03-04,ETH-01,Éter Hidráulico Grau Abissal,must-have,56,0,51,,0
429,2025-03-04,LUM-02,Luminária Náutica de Convés,need-to-have,43,0,37,,0
430,2025-03-05,ETH-01,Éter Hidráulico Grau Abissal,must-have,51,0,40,,72
430,2025-03-05,LUM-02,Luminária Náutica de Convés,need-to-have,37,0,32,,0
431,2025-03-06,ETH-01,Éter Hidráulico Grau Abissal,must-have,40,0,32,,0
431,2025-03-06,LUM-02,Luminária Náutica de Convés,need-to-have,32,0,28,,0
432,2025-03-07,ETH-01,Éter Hidráulico Grau Abissal,must-have,32,0,24,,0
432,2025-03-07,LUM-02,Luminária Náutica de Convés,need-to-have,28,0,24,,45
433,2025-03-08,ETH-01,Éter Hidráulico Grau Abissal,must-have,24,0,16,,0
433,2025-03-08,LUM-02,Luminária Náutica de Convés,need-to-have,24,0,22,,0
434,2025-03-09,ETH-01,Éter Hidráulico Grau Abissal,must-have,16,0,6,,0
434,2025-03-09,LUM-02,Luminária Náutica de Convés,need-to-have,22,0,20,,0
435,2025-03-10,ETH-01,Éter Hidráulico Grau Abissal,must-have,6,0,0,,0
435,2025-03-10,LUM-02,Luminária Náutica de Convés,need-to-have,20,0,16,,0
436,2025-03-11,ETH-01,Éter Hidráulico Grau Abissal,must-have,0,0,0,,0
436,2025-03-11,LUM-02,Luminária Náutica de Convés,need-to-have,16,0,12,,0
437,2025-03-12,ETH-01,Éter Hidráulico Grau Abissal,must-have,0,72,65,ETH-01-PO035,0
437,2025-03-12,LUM-02,Luminária Náutica de Convés,need-to-have,12,0,8,,0
438,2025-03-13,ETH-01,Éter Hidráulico Grau Abissal,must-have,65,0,55,,0
438,2025-03-13,LUM-02,Luminária Náutica de Convés,need-to-have,8,0,5,,0
439,2025-03-14,ETH-01,Éter Hidráulico Grau Abissal,must-have,55,0,44,,83
439,2025-03-14,LUM-02,Luminária Náutica de Convés,need-to-have,5,45,48,LUM-02-PO031,0
440,2025-03-15,ETH-01,Éter Hidráulico Grau Abissal,must-have,44,0,34,,0
440,2025-03-15,LUM-02,Luminária Náutica de Convés,need-to-have,48,0,46,,0
441,2025-03-16,ETH-01,Éter Hidráulico Grau Abissal,must-have,34,0,25,,0
441,2025-03-16,LUM-02,Luminária Náutica de Convés,need-to-have,46,0,40,,0
442,2025-03-17,ETH-01,Éter Hidráulico Grau Abissal,must-have,25,0,14,,0
442,2025-03-17,LUM-02,Luminária Náutica de Convés,need-to-have,40,0,37,,0
443,2025-03-18,ETH-01,Éter Hidráulico Grau Abissal,must-have,14,0,6,,0
443,2025-03-18,LUM-02,Luminária Náutica de Convés,need-to-have,37,0,32,,0
444,2025-03-19,ETH-01,Éter Hidráulico Grau Abissal,must-have,6,0,0,,0
444,2025-03-19,LUM-02,Luminária Náutica de Convés,need-to-have,32,0,31,,0
445,2025-03-20,ETH-01,Éter Hidráulico Grau Abissal,must-have,0,0,0,,0
445,2025-03-20,LUM-02,Luminária Náutica de Convés,need-to-have,31,0,28,,0
446,2025-03-21,ETH-01,Éter Hidráulico Grau Abissal,must-have,0,0,0,,0
446,2025-03-21,LUM-02,Luminária Náutica de Convés,need-to-have,28,0,24,,41
447,2025-03-22,ETH-01,Éter Hidráulico Grau Abissal,must-have,0,83,79,ETH-01-PO036,0
447,2025-03-22,LUM-02,Luminária Náutica de Convés,need-to-have,24,0,21,,0
448,2025-03-23,ETH-01,Éter Hidráulico Grau Abissal,must-have,79,0,71,,0
448,2025-03-23,LUM-02,Luminária Náutica de Convés,need-to-have,21,0,14,,0
449,2025-03-24,ETH-01,Éter Hidráulico Grau Abissal,must-have,71,0,65,,0
449,2025-03-24,LUM-02,Luminária Náutica de Convés,need-to-have,14,0,12,,0
450,2025-03-25,ETH-01,Éter Hidráulico Grau Abissal,must-have,65,0,57,,0
450,2025-03-25,LUM-02,Luminária Náutica de Convés,need-to-have,12,0,7,,0
451,2025-03-26,ETH-01,Éter Hidráulico Grau Abissal,must-have,57,0,51,,0
451,2025-03-26,LUM-02,Luminária Náutica de Convés,need-to-have,7,0,3,,0
452,2025-03-27,ETH-01,Éter Hidráulico Grau Abissal,must-have,51,0,39,,75
452,2025-03-27,LUM-02,Luminária Náutica de Convés,need-to-have,3,0,0,,0
453,2025-03-28,ETH-01,Éter Hidráulico Grau Abissal,must-have,39,0,29,,0
453,2025-03-28,LUM-02,Luminária Náutica de Convés,need-to-have,0,0,0,,0
454,2025-03-29,ETH-01,Éter Hidráulico Grau Abissal,must-have,29,0,23,,0
454,2025-03-29,LUM-02,Luminária Náutica de Convés,need-to-have,0,0,0,,0
455,2025-03-30,ETH-01,Éter Hidráulico Grau Abissal,must-have,23,0,11,,0
455,2025-03-30,LUM-02,Luminária Náutica de Convés,need-to-have,0,0,0,,0
456,2025-03-31,ETH-01,Éter Hidráulico Grau Abissal,must-have,11,0,2,,0
456,2025-03-31,LUM-02,Luminária Náutica de Convés,need-to-have,0,0,0,,0
457,2025-04-01,ETH-01,Éter Hidráulico Grau Abissal,must-have,2,0,0,,0
457,2025-04-01,LUM-02,Luminária Náutica de Convés,need-to-have,0,0,0,,0
458,2025-04-02,ETH-01,Éter Hidráulico Grau Abissal,must-have,0,60,50,ETH-01-PO037,0
458,2025-04-02,LUM-02,Luminária Náutica de Convés,need-to-have,0,0,0,,0
459,2025-04-03,ETH-01,Éter Hidráulico Grau Abissal,must-have,50,0,43,,75
459,2025-04-03,LUM-02,Luminária Náutica de Convés,need-to-have,0,0,0,,0
460,2025-04-04,ETH-01,Éter Hidráulico Grau Abissal,must-have,43,0,36,,0
460,2025-04-04,LUM-02,Luminária Náutica de Convés,need-to-have,0,41,38,LUM-02-PO032,0
461,2025-04-05,ETH-01,Éter Hidráulico Grau Abissal,must-have,36,0,30,,0
461,2025-04-05,LUM-02,Luminária Náutica de Convés,need-to-have,38,0,34,,0
462,2025-04-06,ETH-01,Éter Hidráulico Grau Abissal,must-have,30,0,23,,0
462,2025-04-06,LUM-02,Luminária Náutica de Convés,need-to-have,34,0,31,,0
463,2025-04-07,ETH-01,Éter Hidráulico Grau Abissal,must-have,23,0,16,,0
463,2025-04-07,LUM-02,Luminária Náutica de Convés,need-to-have,31,0,28,,0
464,2025-04-08,ETH-01,Éter Hidráulico Grau Abissal,must-have,16,0,10,,0
464,2025-04-08,LUM-02,Luminária Náutica de Convés,need-to-have,28,0,27,,40
465,2025-04-09,ETH-01,Éter Hidráulico Grau Abissal,must-have,10,0,0,,0
465,2025-04-09,LUM-02,Luminária Náutica de Convés,need-to-have,27,0,23,,0
466,2025-04-10,ETH-01,Éter Hidráulico Grau Abissal,must-have,0,0,0,,0
466,2025-04-10,LUM-02,Luminária Náutica de Convés,need-to-have,23,0,22,,0
467,2025-04-11,ETH-01,Éter Hidráulico Grau Abissal,must-have,0,75,62,ETH-01-PO038,0
467,2025-04-11,LUM-02,Luminária Náutica de Convés,need-to-have,22,0,18,,0
468,2025-04-12,ETH-01,Éter Hidráulico Grau Abissal,must-have,62,0,51,,0
468,2025-04-12,LUM-02,Luminária Náutica de Convés,need-to-have,18,0,13,,0
469,2025-04-13,ETH-01,Éter Hidráulico Grau Abissal,must-have,51,0,45,,0
469,2025-04-13,LUM-02,Luminária Náutica de Convés,need-to-have,13,0,9,,0
470,2025-04-14,ETH-01,Éter Hidráulico Grau Abissal,must-have,45,0,34,,84
470,2025-04-14,LUM-02,Luminária Náutica de Convés,need-to-have,9,0,7,,0
471,2025-04-15,ETH-01,Éter Hidráulico Grau Abissal,must-have,34,0,25,,0
471,2025-04-15,LUM-02,Luminária Náutica de Convés,need-to-have,7,0,4,,0
472,2025-04-16,ETH-01,Éter Hidráulico Grau Abissal,must-have,25,0,18,,0
472,2025-04-16,LUM-02,Luminária Náutica de Convés,need-to-have,4,0,0,,0
473,2025-04-17,ETH-01,Éter Hidráulico Grau Abissal,must-have,18,0,14,,0
473,2025-04-17,LUM-02,Luminária Náutica de Convés,need-to-have,0,0,0,,0
474,2025-04-18,ETH-01,Éter Hidráulico Grau Abissal,must-have,14,0,9,,0
474,2025-04-18,LUM-02,Luminária Náutica de Convés,need-to-have,0,34,31,LUM-02-PO033,0
475,2025-04-19,ETH-01,Éter Hidráulico Grau Abissal,must-have,9,0,0,,0
475,2025-04-19,LUM-02,Luminária Náutica de Convés,need-to-have,31,0,30,,0
476,2025-04-20,ETH-01,Éter Hidráulico Grau Abissal,must-have,0,0,0,,0
476,2025-04-20,LUM-02,Luminária Náutica de Convés,need-to-have,30,0,26,,43
477,2025-04-21,ETH-01,Éter Hidráulico Grau Abissal,must-have,0,0,0,,0
477,2025-04-21,LUM-02,Luminária Náutica de Convés,need-to-have,26,0,21,,0
478,2025-04-22,ETH-01,Éter Hidráulico Grau Abissal,must-have,0,0,0,,0
478,2025-04-22,LUM-02,Luminária Náutica de Convés,need-to-have,21,0,18,,0
479,2025-04-23,ETH-01,Éter Hidráulico Grau Abissal,must-have,0,0,0,,0
479,2025-04-23,LUM-02,Luminária Náutica de Convés,need-to-have,18,0,11,,0
480,2025-04-24,ETH-01,Éter Hidráulico Grau Abissal,must-have,0,0,0,,0
480,2025-04-24,LUM-02,Luminária Náutica de Convés,need-to-have,11,0,5,,0
481,2025-04-25,ETH-01,Éter Hidráulico Grau Abissal,must-have,0,84,81,ETH-01-PO039,0
481,2025-04-25,LUM-02,Luminária Náutica de Convés,need-to-have,5,0,0,,0
482,2025-04-26,ETH-01,Éter Hidráulico Grau Abissal,must-have,81,0,72,,0
482,2025-04-26,LUM-02,Luminária Náutica de Convés,need-to-have,0,0,0,,0
483,2025-04-27,ETH-01,Éter Hidráulico Grau Abissal,must-have,72,0,62,,0
483,2025-04-27,LUM-02,Luminária Náutica de Convés,need-to-have,0,0,0,,0
484,2025-04-28,ETH-01,Éter Hidráulico Grau Abissal,must-have,62,0,52,,0
484,2025-04-28,LUM-02,Luminária Náutica de Convés,need-to-have,0,0,0,,0
485,2025-04-29,ETH-01,Éter Hidráulico Grau Abissal,must-have,52,0,41,,83
485,2025-04-29,LUM-02,Luminária Náutica de Convés,need-to-have,0,0,0,,0
486,2025-04-30,ETH-01,Éter Hidráulico Grau Abissal,must-have,41,0,38,,0
486,2025-04-30,LUM-02,Luminária Náutica de Convés,need-to-have,0,0,0,,0
487,2025-05-01,ETH-01,Éter Hidráulico Grau Abissal,must-have,38,0,32,,0
487,2025-05-01,LUM-02,Luminária Náutica de Convés,need-to-have,0,0,0,,0
488,2025-05-02,ETH-01,Éter Hidráulico Grau Abissal,must-have,32,0,23,,0
488,2025-05-02,LUM-02,Luminária Náutica de Convés,need-to-have,0,0,0,,0
489,2025-05-03,ETH-01,Éter Hidráulico Grau Abissal,must-have,23,0,10,,0
489,2025-05-03,LUM-02,Luminária Náutica de Convés,need-to-have,0,0,0,,0
490,2025-05-04,ETH-01,Éter Hidráulico Grau Abissal,must-have,10,0,0,,0
490,2025-05-04,LUM-02,Luminária Náutica de Convés,need-to-have,0,43,39,LUM-02-PO034,0
491,2025-05-05,ETH-01,Éter Hidráulico Grau Abissal,must-have,0,83,74,ETH-01-PO040,0
491,2025-05-05,LUM-02,Luminária Náutica de Convés,need-to-have,39,0,38,,0
492,2025-05-06,ETH-01,Éter Hidráulico Grau Abissal,must-have,74,0,60,,0
492,2025-05-06,LUM-02,Luminária Náutica de Convés,need-to-have,38,0,36,,0
493,2025-05-07,ETH-01,Éter Hidráulico Grau Abissal,must-have,60,0,53,,0
493,2025-05-07,LUM-02,Luminária Náutica de Convés,need-to-have,36,0,34,,0
494,2025-05-08,ETH-01,Éter Hidráulico Grau Abissal,must-have,53,0,46,,0
494,2025-05-08,LUM-02,Luminária Náutica de Convés,need-to-have,34,0,30,,0
495,2025-05-09,ETH-01,Éter Hidráulico Grau Abissal,must-have,46,0,36,,81
495,2025-05-09,LUM-02,Luminária Náutica de Convés,need-to-have,30,0,25,,41
496,2025-05-10,ETH-01,Éter Hidráulico Grau Abissal,must-have,36,0,29,,0
496,2025-05-10,LUM-02,Luminária Náutica de Convés,need-to-have,25,0,19,,0
497,2025-05-11,ETH-01,Éter Hidráulico Grau Abissal,must-have,29,0,15,,0
497,2025-05-11,LUM-02,Luminária Náutica de Convés,need-to-have,19,0,14,,0
498,2025-05-12,ETH-01,Éter Hidráulico Grau Abissal,must-have,15,0,6,,0
498,2025-05-12,LUM-02,Luminária Náutica de Convés,need-to-have,14,0,14,,0
499,2025-05-13,ETH-01,Éter Hidráulico Grau Abissal,must-have,6,0,0,,0
499,2025-05-13,LUM-02,Luminária Náutica de Convés,need-to-have,14,0,13,,0
500,2025-05-14,ETH-01,Éter Hidráulico Grau Abissal,must-have,0,0,0,,0
500,2025-05-14,LUM-02,Luminária Náutica de Convés,need-to-have,13,0,10,,0
501,2025-05-15,ETH-01,Éter Hidráulico Grau Abissal,must-have,0,0,0,,0
501,2025-05-15,LUM-02,Luminária Náutica de Convés,need-to-have,10,41,48,LUM-02-PO035,0
502,2025-05-16,ETH-01,Éter Hidráulico Grau Abissal,must-have,0,0,0,,0
502,2025-05-16,LUM-02,Luminária Náutica de Convés,need-to-have,48,0,44,,0
503,2025-05-17,ETH-01,Éter Hidráulico Grau Abissal,must-have,0,0,0,,0
503,2025-05-17,LUM-02,Luminária Náutica de Convés,need-to-have,44,0,42,,0
504,2025-05-18,ETH-01,Éter Hidráulico Grau Abissal,must-have,0,0,0,,0
504,2025-05-18,LUM-02,Luminária Náutica de Convés,need-to-have,42,0,37,,0
505,2025-05-19,ETH-01,Éter Hidráulico Grau Abissal,must-have,0,0,0,,0
505,2025-05-19,LUM-02,Luminária Náutica de Convés,need-to-have,37,0,32,,0
506,2025-05-20,ETH-01,Éter Hidráulico Grau Abissal,must-have,0,81,72,ETH-01-PO041,0
506,2025-05-20,LUM-02,Luminária Náutica de Convés,need-to-have,32,0,27,,41
507,2025-05-21,ETH-01,Éter Hidráulico Grau Abissal,must-have,72,0,65,,0
507,2025-05-21,LUM-02,Luminária Náutica de Convés,need-to-have,27,0,23,,0
508,2025-05-22,ETH-01,Éter Hidráulico Grau Abissal,must-have,65,0,59,,0
508,2025-05-22,LUM-02,Luminária Náutica de Convés,need-to-have,23,0,20,,0
509,2025-05-23,ETH-01,Éter Hidráulico Grau Abissal,must-have,59,0,51,,0
509,2025-05-23,LUM-02,Luminária Náutica de Convés,need-to-have,20,0,15,,0
510,2025-05-24,ETH-01,Éter Hidráulico Grau Abissal,must-have,51,0,40,,82
510,2025-05-24,LUM-02,Luminária Náutica de Convés,need-to-have,15,0,10,,0
511,2025-05-25,ETH-01,Éter Hidráulico Grau Abissal,must-have,40,0,33,,0
511,2025-05-25,LUM-02,Luminária Náutica de Convés,need-to-have,10,0,7,,0
512,2025-05-26,ETH-01,Éter Hidráulico Grau Abissal,must-have,33,0,27,,0
512,2025-05-26,LUM-02,Luminária Náutica de Convés,need-to-have,7,0,1,,0
513,2025-05-27,ETH-01,Éter Hidráulico Grau Abissal,must-have,27,0,19,,0
513,2025-05-27,LUM-02,Luminária Náutica de Convés,need-to-have,1,0,0,,0
514,2025-05-28,ETH-01,Éter Hidráulico Grau Abissal,must-have,19,0,7,,0
514,2025-05-28,LUM-02,Luminária Náutica de Convés,need-to-have,0,33,28,LUM-02-PO036,0
515,2025-05-29,ETH-01,Éter Hidráulico Grau Abissal,must-have,7,0,0,,0
515,2025-05-29,LUM-02,Luminária Náutica de Convés,need-to-have,28,0,23,,44
516,2025-05-30,ETH-01,Éter Hidráulico Grau Abissal,must-have,0,0,0,,0
516,2025-05-30,LUM-02,Luminária Náutica de Convés,need-to-have,23,0,20,,0
517,2025-05-31,ETH-01,Éter Hidráulico Grau Abissal,must-have,0,0,0,,0
517,2025-05-31,LUM-02,Luminária Náutica de Convés,need-to-have,20,0,14,,0
518,2025-06-01,ETH-01,Éter Hidráulico Grau Abissal,must-have,0,70,61,ETH-01-PO042,0
518,2025-06-01,LUM-02,Luminária Náutica de Convés,need-to-have,14,0,12,,0
519,2025-06-02,ETH-01,Éter Hidráulico Grau Abissal,must-have,61,0,56,,0
519,2025-06-02,LUM-02,Luminária Náutica de Convés,need-to-have,12,0,8,,0
520,2025-06-03,ETH-01,Éter Hidráulico Grau Abissal,must-have,56,0,46,,0
520,2025-06-03,LUM-02,Luminária Náutica de Convés,need-to-have,8,0,2,,0
521,2025-06-04,ETH-01,Éter Hidráulico Grau Abissal,must-have,46,0,36,,83
521,2025-06-04,LUM-02,Luminária Náutica de Convés,need-to-have,2,0,0,,0
522,2025-06-05,ETH-01,Éter Hidráulico Grau Abissal,must-have,36,0,29,,0
522,2025-06-05,LUM-02,Luminária Náutica de Convés,need-to-have,0,0,0,,0
523,2025-06-06,ETH-01,Éter Hidráulico Grau Abissal,must-have,29,0,16,,0
523,2025-06-06,LUM-02,Luminária Náutica de Convés,need-to-have,0,0,0,,0
524,2025-06-07,ETH-01,Éter Hidráulico Grau Abissal,must-have,16,0,7,,0
524,2025-06-07,LUM-02,Luminária Náutica de Convés,need-to-have,0,0,0,,0
525,2025-06-08,ETH-01,Éter Hidráulico Grau Abissal,must-have,7,0,0,,0
525,2025-06-08,LUM-02,Luminária Náutica de Convés,need-to-have,0,0,0,,0
526,2025-06-09,ETH-01,Éter Hidráulico Grau Abissal,must-have,0,0,0,,0
526,2025-06-09,LUM-02,Luminária Náutica de Convés,need-to-have,0,0,0,,0
527,2025-06-10,ETH-01,Éter Hidráulico Grau Abissal,must-have,0,0,0,,0
527,2025-06-10,LUM-02,Luminária Náutica de Convés,need-to-have,0,44,42,LUM-02-PO037,0
528,2025-06-11,ETH-01,Éter Hidráulico Grau Abissal,must-have,0,0,0,,0
528,2025-06-11,LUM-02,Luminária Náutica de Convés,need-to-have,42,0,39,,0
529,2025-06-12,ETH-01,Éter Hidráulico Grau Abissal,must-have,0,0,0,,0
529,2025-06-12,LUM-02,Luminária Náutica de Convés,need-to-have,39,0,34,,0
530,2025-06-13,ETH-01,Éter Hidráulico Grau Abissal,must-have,0,0,0,,0
530,2025-06-13,LUM-02,Luminária Náutica de Convés,need-to-have,34,0,33,,0
531,2025-06-14,ETH-01,Éter Hidráulico Grau Abissal,must-have,0,0,0,,0
531,2025-06-14,LUM-02,Luminária Náutica de Convés,need-to-have,33,0,31,,0
532,2025-06-15,ETH-01,Éter Hidráulico Grau Abissal,must-have,0,0,0,,0
532,2025-06-15,LUM-02,Luminária Náutica de Convés,need-to-have,31,0,26,,40
533,2025-06-16,ETH-01,Éter Hidráulico Grau Abissal,must-have,0,0,0,,0
533,2025-06-16,LUM-02,Luminária Náutica de Convés,need-to-have,26,0,23,,0
534,2025-06-17,ETH-01,Éter Hidráulico Grau Abissal,must-have,0,0,0,,0
534,2025-06-17,LUM-02,Luminária Náutica de Convés,need-to-have,23,0,19,,0
535,2025-06-18,ETH-01,Éter Hidráulico Grau Abissal,must-have,0,83,75,ETH-01-PO043,0
535,2025-06-18,LUM-02,Luminária Náutica de Convés,need-to-have,19,0,14,,0
536,2025-06-19,ETH-01,Éter Hidráulico Grau Abissal,must-have,75,0,68,,0
536,2025-06-19,LUM-02,Luminária Náutica de Convés,need-to-have,14,0,10,,0
537,2025-06-20,ETH-01,Éter Hidráulico Grau Abissal,must-have,68,0,58,,0
537,2025-06-20,LUM-02,Luminária Náutica de Convés,need-to-have,10,0,5,,0
538,2025-06-21,ETH-01,Éter Hidráulico Grau Abissal,must-have,58,0,48,,0
538,2025-06-21,LUM-02,Luminária Náutica de Convés,need-to-have,5,0,1,,0
539,2025-06-22,ETH-01,Éter Hidráulico Grau Abissal,must-have,48,0,40,,77
539,2025-06-22,LUM-02,Luminária Náutica de Convés,need-to-have,1,40,37,LUM-02-PO038,0
540,2025-06-23,ETH-01,Éter Hidráulico Grau Abissal,must-have,40,0,31,,0
540,2025-06-23,LUM-02,Luminária Náutica de Convés,need-to-have,37,0,35,,0
541,2025-06-24,ETH-01,Éter Hidráulico Grau Abissal,must-have,31,0,23,,0
541,2025-06-24,LUM-02,Luminária Náutica de Convés,need-to-have,35,0,31,,0
542,2025-06-25,ETH-01,Éter Hidráulico Grau Abissal,must-have,23,0,23,,0
542,2025-06-25,LUM-02,Luminária Náutica de Convés,need-to-have,31,0,29,,0
543,2025-06-26,ETH-01,Éter Hidráulico Grau Abissal,must-have,23,0,13,,0
543,2025-06-26,LUM-02,Luminária Náutica de Convés,need-to-have,29,0,26,,40
544,2025-06-27,ETH-01,Éter Hidráulico Grau Abissal,must-have,13,0,5,,0
544,2025-06-27,LUM-02,Luminária Náutica de Convés,need-to-have,26,0,24,,0
545,2025-06-28,ETH-01,Éter Hidráulico Grau Abissal,must-have,5,0,0,,0
545,2025-06-28,LUM-02,Luminária Náutica de Convés,need-to-have,24,0,22,,0
546,2025-06-29,ETH-01,Éter Hidráulico Grau Abissal,must-have,0,0,0,,0
546,2025-06-29,LUM-02,Luminária Náutica de Convés,need-to-have,22,0,21,,0
547,2025-06-30,ETH-01,Éter Hidráulico Grau Abissal,must-have,0,0,0,,0
547,2025-06-30,LUM-02,Luminária Náutica de Convés,need-to-have,21,0,19,,0
548,2025-07-01,ETH-01,Éter Hidráulico Grau Abissal,must-have,0,77,69,ETH-01-PO044,0
548,2025-07-01,LUM-02,Luminária Náutica de Convés,need-to-have,19,0,15,,0
549,2025-07-02,ETH-01,Éter Hidráulico Grau Abissal,must-have,69,0,62,,0
549,2025-07-02,LUM-02,Luminária Náutica de Convés,need-to-have,15,0,11,,0
550,2025-07-03,ETH-01,Éter Hidráulico Grau Abissal,must-have,62,0,56,,0
550,2025-07-03,LUM-02,Luminária Náutica de Convés,need-to-have,11,0,6,,0
551,2025-07-04,ETH-01,Éter Hidráulico Grau Abissal,must-have,56,0,49,,0
551,2025-07-04,LUM-02,Luminária Náutica de Convés,need-to-have,6,0,0,,0
552,2025-07-05,ETH-01,Éter Hidráulico Grau Abissal,must-have,49,0,39,,75
552,2025-07-05,LUM-02,Luminária Náutica de Convés,need-to-have,0,0,0,,0
553,2025-07-06,ETH-01,Éter Hidráulico Grau Abissal,must-have,39,0,30,,0
553,2025-07-06,LUM-02,Luminária Náutica de Convés,need-to-have,0,0,0,,0
554,2025-07-07,ETH-01,Éter Hidráulico Grau Abissal,must-have,30,0,17,,0
554,2025-07-07,LUM-02,Luminária Náutica de Convés,need-to-have,0,0,0,,0
555,2025-07-08,ETH-01,Éter Hidráulico Grau Abissal,must-have,17,0,4,,0
555,2025-07-08,LUM-02,Luminária Náutica de Convés,need-to-have,0,0,0,,0
556,2025-07-09,ETH-01,Éter Hidráulico Grau Abissal,must-have,4,0,0,,0
556,2025-07-09,LUM-02,Luminária Náutica de Convés,need-to-have,0,0,0,,0
557,2025-07-10,ETH-01,Éter Hidráulico Grau Abissal,must-have,0,0,0,,0
557,2025-07-10,LUM-02,Luminária Náutica de Convés,need-to-have,0,0,0,,0
558,2025-07-11,ETH-01,Éter Hidráulico Grau Abissal,must-have,0,0,0,,0
558,2025-07-11,LUM-02,Luminária Náutica de Convés,need-to-have,0,0,0,,0
559,2025-07-12,ETH-01,Éter Hidráulico Grau Abissal,must-have,0,0,0,,0
559,2025-07-12,LUM-02,Luminária Náutica de Convés,need-to-have,0,40,35,LUM-02-PO039,0
560,2025-07-13,ETH-01,Éter Hidráulico Grau Abissal,must-have,0,75,67,ETH-01-PO045,0
560,2025-07-13,LUM-02,Luminária Náutica de Convés,need-to-have,35,0,32,,0
561,2025-07-14,ETH-01,Éter Hidráulico Grau Abissal,must-have,67,0,58,,0
561,2025-07-14,LUM-02,Luminária Náutica de Convés,need-to-have,32,0,29,,0
562,2025-07-15,ETH-01,Éter Hidráulico Grau Abissal,must-have,58,0,52,,0
562,2025-07-15,LUM-02,Luminária Náutica de Convés,need-to-have,29,0,25,,45
563,2025-07-16,ETH-01,Éter Hidráulico Grau Abissal,must-have,52,0,43,,77
563,2025-07-16,LUM-02,Luminária Náutica de Convés,need-to-have,25,0,21,,0
564,2025-07-17,ETH-01,Éter Hidráulico Grau Abissal,must-have,43,0,35,,0
564,2025-07-17,LUM-02,Luminária Náutica de Convés,need-to-have,21,0,16,,0
565,2025-07-18,ETH-01,Éter Hidráulico Grau Abissal,must-have,35,0,26,,0
565,2025-07-18,LUM-02,Luminária Náutica de Convés,need-to-have,16,0,9,,0
566,2025-07-19,ETH-01,Éter Hidráulico Grau Abissal,must-have,26,0,14,,0
566,2025-07-19,LUM-02,Luminária Náutica de Convés,need-to-have,9,0,8,,0
567,2025-07-20,ETH-01,Éter Hidráulico Grau Abissal,must-have,14,0,7,,0
567,2025-07-20,LUM-02,Luminária Náutica de Convés,need-to-have,8,0,2,,0
568,2025-07-21,ETH-01,Éter Hidráulico Grau Abissal,must-have,7,0,0,,0
568,2025-07-21,LUM-02,Luminária Náutica de Convés,need-to-have,2,0,0,,0
569,2025-07-22,ETH-01,Éter Hidráulico Grau Abissal,must-have,0,0,0,,0
569,2025-07-22,LUM-02,Luminária Náutica de Convés,need-to-have,0,0,0,,0
570,2025-07-23,ETH-01,Éter Hidráulico Grau Abissal,must-have,0,0,0,,0
570,2025-07-23,LUM-02,Luminária Náutica de Convés,need-to-have,0,0,0,,0
571,2025-07-24,ETH-01,Éter Hidráulico Grau Abissal,must-have,0,0,0,,0
571,2025-07-24,LUM-02,Luminária Náutica de Convés,need-to-have,0,0,0,,0
572,2025-07-25,ETH-01,Éter Hidráulico Grau Abissal,must-have,0,0,0,,0
572,2025-07-25,LUM-02,Luminária Náutica de Convés,need-to-have,0,0,0,,0
573,2025-07-26,ETH-01,Éter Hidráulico Grau Abissal,must-have,0,0,0,,0
573,2025-07-26,LUM-02,Luminária Náutica de Convés,need-to-have,0,0,0,,0
574,2025-07-27,ETH-01,Éter Hidráulico Grau Abissal,must-have,0,0,0,,0
574,2025-07-27,LUM-02,Luminária Náutica de Convés,need-to-have,0,0,0,,0
575,2025-07-28,ETH-01,Éter Hidráulico Grau Abissal,must-have,0,0,0,,0
575,2025-07-28,LUM-02,Luminária Náutica de Convés,need-to-have,0,45,43,LUM-02-PO040,0
576,2025-07-29,ETH-01,Éter Hidráulico Grau Abissal,must-have,0,0,0,,0
576,2025-07-29,LUM-02,Luminária Náutica de Convés,need-to-have,43,0,39,,0
577,2025-07-30,ETH-01,Éter Hidráulico Grau Abissal,must-have,0,77,68,ETH-01-PO046,0
577,2025-07-30,LUM-02,Luminária Náutica de Convés,need-to-have,39,0,35,,0
578,2025-07-31,ETH-01,Éter Hidráulico Grau Abissal,must-have,68,0,60,,0
578,2025-07-31,LUM-02,Luminária Náutica de Convés,need-to-have,35,0,34,,0
579,2025-08-01,ETH-01,Éter Hidráulico Grau Abissal,must-have,60,0,52,,0
579,2025-08-01,LUM-02,Luminária Náutica de Convés,need-to-have,34,0,29,,0
580,2025-08-02,ETH-01,Éter Hidráulico Grau Abissal,must-have,52,0,47,,0
580,2025-08-02,LUM-02,Luminária Náutica de Convés,need-to-have,29,0,25,,43
581,2025-08-03,ETH-01,Éter Hidráulico Grau Abissal,must-have,47,0,37,,83
581,2025-08-03,LUM-02,Luminária Náutica de Convés,need-to-have,25,0,21,,0
582,2025-08-04,ETH-01,Éter Hidráulico Grau Abissal,must-have,37,0,28,,0
582,2025-08-04,LUM-02,Luminária Náutica de Convés,need-to-have,21,0,16,,0
583,2025-08-05,ETH-01,Éter Hidráulico Grau Abissal,must-have,28,0,20,,0
583,2025-08-05,LUM-02,Luminária Náutica de Convés,need-to-have,16,0,12,,0
584,2025-08-06,ETH-01,Éter Hidráulico Grau Abissal,must-have,20,0,11,,0
584,2025-08-06,LUM-02,Luminária Náutica de Convés,need-to-have,12,0,10,,0
585,2025-08-07,ETH-01,Éter Hidráulico Grau Abissal,must-have,11,0,4,,0
585,2025-08-07,LUM-02,Luminária Náutica de Convés,need-to-have,10,0,7,,0
586,2025-08-08,ETH-01,Éter Hidráulico Grau Abissal,must-have,4,0,0,,0
586,2025-08-08,LUM-02,Luminária Náutica de Convés,need-to-have,7,0,4,,0
587,2025-08-09,ETH-01,Éter Hidráulico Grau Abissal,must-have,0,0,0,,0
587,2025-08-09,LUM-02,Luminária Náutica de Convés,need-to-have,4,0,0,,0
588,2025-08-10,ETH-01,Éter Hidráulico Grau Abissal,must-have,0,83,74,ETH-01-PO047,0
588,2025-08-10,LUM-02,Luminária Náutica de Convés,need-to-have,0,0,0,,0
589,2025-08-11,ETH-01,Éter Hidráulico Grau Abissal,must-have,74,0,70,,0
589,2025-08-11,LUM-02,Luminária Náutica de Convés,need-to-have,0,0,0,,0
590,2025-08-12,ETH-01,Éter Hidráulico Grau Abissal,must-have,70,0,58,,0
590,2025-08-12,LUM-02,Luminária Náutica de Convés,need-to-have,0,0,0,,0
591,2025-08-13,ETH-01,Éter Hidráulico Grau Abissal,must-have,58,0,52,,0
591,2025-08-13,LUM-02,Luminária Náutica de Convés,need-to-have,0,0,0,,0
592,2025-08-14,ETH-01,Éter Hidráulico Grau Abissal,must-have,52,0,42,,71
592,2025-08-14,LUM-02,Luminária Náutica de Convés,need-to-have,0,0,0,,0
593,2025-08-15,ETH-01,Éter Hidráulico Grau Abissal,must-have,42,0,34,,0
593,2025-08-15,LUM-02,Luminária Náutica de Convés,need-to-have,0,0,0,,0
594,2025-08-16,ETH-01,Éter Hidráulico Grau Abissal,must-have,34,0,27,,0
594,2025-08-16,LUM-02,Luminária Náutica de Convés,need-to-have,0,43,39,LUM-02-PO041,0
595,2025-08-17,ETH-01,Éter Hidráulico Grau Abissal,must-have,27,0,18,,0
595,2025-08-17,LUM-02,Luminária Náutica de Convés,need-to-have,39,0,34,,0
596,2025-08-18,ETH-01,Éter Hidráulico Grau Abissal,must-have,18,0,5,,0
596,2025-08-18,LUM-02,Luminária Náutica de Convés,need-to-have,34,0,28,,0
597,2025-08-19,ETH-01,Éter Hidráulico Grau Abissal,must-have,5,0,1,,0
597,2025-08-19,LUM-02,Luminária Náutica de Convés,need-to-have,28,0,23,,40
598,2025-08-20,ETH-01,Éter Hidráulico Grau Abissal,must-have,1,0,0,,0
598,2025-08-20,LUM-02,Luminária Náutica de Convés,need-to-have,23,0,17,,0
599,2025-08-21,ETH-01,Éter Hidráulico Grau Abissal,must-have,0,0,0,,0
599,2025-08-21,LUM-02,Luminária Náutica de Convés,need-to-have,17,0,13,,0
600,2025-08-22,ETH-01,Éter Hidráulico Grau Abissal,must-have,0,0,0,,0
600,2025-08-22,LUM-02,Luminária Náutica de Convés,need-to-have,13,0,6,,0
601,2025-08-23,ETH-01,Éter Hidráulico Grau Abissal,must-have,0,0,0,,0
601,2025-08-23,LUM-02,Luminária Náutica de Convés,need-to-have,6,0,5,,0
602,2025-08-24,ETH-01,Éter Hidráulico Grau Abissal,must-have,0,71,62,ETH-01-PO048,0
602,2025-08-24,LUM-02,Luminária Náutica de Convés,need-to-have,5,0,1,,0
603,2025-08-25,ETH-01,Éter Hidráulico Grau Abissal,must-have,62,0,56,,0
603,2025-08-25,LUM-02,Luminária Náutica de Convés,need-to-have,1,0,0,,0
604,2025-08-26,ETH-01,Éter Hidráulico Grau Abissal,must-have,56,0,46,,0
604,2025-08-26,LUM-02,Luminária Náutica de Convés,need-to-have,0,0,0,,0
605,2025-08-27,ETH-01,Éter Hidráulico Grau Abissal,must-have,46,0,40,,73
605,2025-08-27,LUM-02,Luminária Náutica de Convés,need-to-have,0,0,0,,0
606,2025-08-28,ETH-01,Éter Hidráulico Grau Abissal,must-have,40,0,32,,0
606,2025-08-28,LUM-02,Luminária Náutica de Convés,need-to-have,0,0,0,,0
607,2025-08-29,ETH-01,Éter Hidráulico Grau Abissal,must-have,32,0,22,,0
607,2025-08-29,LUM-02,Luminária Náutica de Convés,need-to-have,0,40,35,LUM-02-PO042,0
608,2025-08-30,ETH-01,Éter Hidráulico Grau Abissal,must-have,22,0,11,,0
608,2025-08-30,LUM-02,Luminária Náutica de Convés,need-to-have,35,0,31,,0
609,2025-08-31,ETH-01,Éter Hidráulico Grau Abissal,must-have,11,0,1,,0
609,2025-08-31,LUM-02,Luminária Náutica de Convés,need-to-have,31,0,28,,0
610,2025-09-01,ETH-01,Éter Hidráulico Grau Abissal,must-have,1,0,0,,0
610,2025-09-01,LUM-02,Luminária Náutica de Convés,need-to-have,28,0,25,,42
611,2025-09-02,ETH-01,Éter Hidráulico Grau Abissal,must-have,0,0,0,,0
611,2025-09-02,LUM-02,Luminária Náutica de Convés,need-to-have,25,0,18,,0
612,2025-09-03,ETH-01,Éter Hidráulico Grau Abissal,must-have,0,0,0,,0
612,2025-09-03,LUM-02,Luminária Náutica de Convés,need-to-have,18,0,17,,0
613,2025-09-04,ETH-01,Éter Hidráulico Grau Abissal,must-have,0,0,0,,0
613,2025-09-04,LUM-02,Luminária Náutica de Convés,need-to-have,17,0,12,,0
614,2025-09-05,ETH-01,Éter Hidráulico Grau Abissal,must-have,0,0,0,,0
614,2025-09-05,LUM-02,Luminária Náutica de Convés,need-to-have,12,0,8,,0
615,2025-09-06,ETH-01,Éter Hidráulico Grau Abissal,must-have,0,73,67,ETH-01-PO049,0
615,2025-09-06,LUM-02,Luminária Náutica de Convés,need-to-have,8,0,7,,0
616,2025-09-07,ETH-01,Éter Hidráulico Grau Abissal,must-have,67,0,59,,0
616,2025-09-07,LUM-02,Luminária Náutica de Convés,need-to-have,7,0,2,,0
617,2025-09-08,ETH-01,Éter Hidráulico Grau Abissal,must-have,59,0,55,,0
617,2025-09-08,LUM-02,Luminária Náutica de Convés,need-to-have,2,0,0,,0
618,2025-09-09,ETH-01,Éter Hidráulico Grau Abissal,must-have,55,0,47,,0
618,2025-09-09,LUM-02,Luminária Náutica de Convés,need-to-have,0,0,0,,0
619,2025-09-10,ETH-01,Éter Hidráulico Grau Abissal,must-have,47,0,40,,80
619,2025-09-10,LUM-02,Luminária Náutica de Convés,need-to-have,0,0,0,,0
620,2025-09-11,ETH-01,Éter Hidráulico Grau Abissal,must-have,40,0,33,,0
620,2025-09-11,LUM-02,Luminária Náutica de Convés,need-to-have,0,0,0,,0
621,2025-09-12,ETH-01,Éter Hidráulico Grau Abissal,must-have,33,0,24,,0
621,2025-09-12,LUM-02,Luminária Náutica de Convés,need-to-have,0,0,0,,0
622,2025-09-13,ETH-01,Éter Hidráulico Grau Abissal,must-have,24,0,14,,0
622,2025-09-13,LUM-02,Luminária Náutica de Convés,need-to-have,0,0,0,,0
623,2025-09-14,ETH-01,Éter Hidráulico Grau Abissal,must-have,14,0,5,,0
623,2025-09-14,LUM-02,Luminária Náutica de Convés,need-to-have,0,0,0,,0
624,2025-09-15,ETH-01,Éter Hidráulico Grau Abissal,must-have,5,0,0,,0
624,2025-09-15,LUM-02,Luminária Náutica de Convés,need-to-have,0,0,0,,0
625,2025-09-16,ETH-01,Éter Hidráulico Grau Abissal,must-have,0,0,0,,0
625,2025-09-16,LUM-02,Luminária Náutica de Convés,need-to-have,0,0,0,,0
626,2025-09-17,ETH-01,Éter Hidráulico Grau Abissal,must-have,0,0,0,,0
626,2025-09-17,LUM-02,Luminária Náutica de Convés,need-to-have,0,0,0,,0
627,2025-09-18,ETH-01,Éter Hidráulico Grau Abissal,must-have,0,0,0,,0
627,2025-09-18,LUM-02,Luminária Náutica de Convés,need-to-have,0,42,39,LUM-02-PO043,0
628,2025-09-19,ETH-01,Éter Hidráulico Grau Abissal,must-have,0,80,69,ETH-01-PO050,0
628,2025-09-19,LUM-02,Luminária Náutica de Convés,need-to-have,39,0,33,,0
629,2025-09-20,ETH-01,Éter Hidráulico Grau Abissal,must-have,69,0,58,,0
629,2025-09-20,LUM-02,Luminária Náutica de Convés,need-to-have,33,0,28,,0
630,2025-09-21,ETH-01,Éter Hidráulico Grau Abissal,must-have,58,0,50,,0
630,2025-09-21,LUM-02,Luminária Náutica de Convés,need-to-have,28,0,25,,46
631,2025-09-22,ETH-01,Éter Hidráulico Grau Abissal,must-have,50,0,41,,82
631,2025-09-22,LUM-02,Luminária Náutica de Convés,need-to-have,25,0,24,,0
632,2025-09-23,ETH-01,Éter Hidráulico Grau Abissal,must-have,41,0,31,,0
632,2025-09-23,LUM-02,Luminária Náutica de Convés,need-to-have,24,0,23,,0
633,2025-09-24,ETH-01,Éter Hidráulico Grau Abissal,must-have,31,0,24,,0
633,2025-09-24,LUM-02,Luminária Náutica de Convés,need-to-have,23,0,20,,0
634,2025-09-25,ETH-01,Éter Hidráulico Grau Abissal,must-have,24,0,18,,0
634,2025-09-25,LUM-02,Luminária Náutica de Convés,need-to-have,20,0,18,,0
635,2025-09-26,ETH-01,Éter Hidráulico Grau Abissal,must-have,18,0,9,,0
635,2025-09-26,LUM-02,Luminária Náutica de Convés,need-to-have,18,0,15,,0
636,2025-09-27,ETH-01,Éter Hidráulico Grau Abissal,must-have,9,0,0,,0
636,2025-09-27,LUM-02,Luminária Náutica de Convés,need-to-have,15,0,11,,0
637,2025-09-28,ETH-01,Éter Hidráulico Grau Abissal,must-have,0,0,0,,0
637,2025-09-28,LUM-02,Luminária Náutica de Convés,need-to-have,11,0,3,,0
638,2025-09-29,ETH-01,Éter Hidráulico Grau Abissal,must-have,0,0,0,,0
638,2025-09-29,LUM-02,Luminária Náutica de Convés,need-to-have,3,0,0,,0
639,2025-09-30,ETH-01,Éter Hidráulico Grau Abissal,must-have,0,0,0,,0
639,2025-09-30,LUM-02,Luminária Náutica de Convés,need-to-have,0,0,0,,0
640,2025-10-01,ETH-01,Éter Hidráulico Grau Abissal,must-have,0,0,0,,0
640,2025-10-01,LUM-02,Luminária Náutica de Convés,need-to-have,0,0,0,,0
641,2025-10-02,ETH-01,Éter Hidráulico Grau Abissal,must-have,0,0,0,,0
641,2025-10-02,LUM-02,Luminária Náutica de Convés,need-to-have,0,0,0,,0
642,2025-10-03,ETH-01,Éter Hidráulico Grau Abissal,must-have,0,0,0,,0
642,2025-10-03,LUM-02,Luminária Náutica de Convés,need-to-have,0,46,41,LUM-02-PO044,0
643,2025-10-04,ETH-01,Éter Hidráulico Grau Abissal,must-have,0,0,0,,0
643,2025-10-04,LUM-02,Luminária Náutica de Convés,need-to-have,41,0,35,,0
644,2025-10-05,ETH-01,Éter Hidráulico Grau Abissal,must-have,0,0,0,,0
644,2025-10-05,LUM-02,Luminária Náutica de Convés,need-to-have,35,0,33,,0
645,2025-10-06,ETH-01,Éter Hidráulico Grau Abissal,must-have,0,0,0,,0
645,2025-10-06,LUM-02,Luminária Náutica de Convés,need-to-have,33,0,29,,0
646,2025-10-07,ETH-01,Éter Hidráulico Grau Abissal,must-have,0,0,0,,0
646,2025-10-07,LUM-02,Luminária Náutica de Convés,need-to-have,29,0,26,,43
647,2025-10-08,ETH-01,Éter Hidráulico Grau Abissal,must-have,0,0,0,,0
647,2025-10-08,LUM-02,Luminária Náutica de Convés,need-to-have,26,0,24,,0
648,2025-10-09,ETH-01,Éter Hidráulico Grau Abissal,must-have,0,82,70,ETH-01-PO051,0
648,2025-10-09,LUM-02,Luminária Náutica de Convés,need-to-have,24,0,20,,0
649,2025-10-10,ETH-01,Éter Hidráulico Grau Abissal,must-have,70,0,61,,0
649,2025-10-10,LUM-02,Luminária Náutica de Convés,need-to-have,20,0,16,,0
650,2025-10-11,ETH-01,Éter Hidráulico Grau Abissal,must-have,61,0,53,,0
650,2025-10-11,LUM-02,Luminária Náutica de Convés,need-to-have,16,0,11,,0
651,2025-10-12,ETH-01,Éter Hidráulico Grau Abissal,must-have,53,0,47,,0
651,2025-10-12,LUM-02,Luminária Náutica de Convés,need-to-have,11,0,5,,0
652,2025-10-13,ETH-01,Éter Hidráulico Grau Abissal,must-have,47,0,36,,71
652,2025-10-13,LUM-02,Luminária Náutica de Convés,need-to-have,5,0,3,,0
653,2025-10-14,ETH-01,Éter Hidráulico Grau Abissal,must-have,36,0,26,,0
653,2025-10-14,LUM-02,Luminária Náutica de Convés,need-to-have,3,0,0,,0
654,2025-10-15,ETH-01,Éter Hidráulico Grau Abissal,must-have,26,0,22,,0
654,2025-10-15,LUM-02,Luminária Náutica de Convés,need-to-have,0,0,0,,0
655,2025-10-16,ETH-01,Éter Hidráulico Grau Abissal,must-have,22,0,15,,0
655,2025-10-16,LUM-02,Luminária Náutica de Convés,need-to-have,0,0,0,,0
656,2025-10-17,ETH-01,Éter Hidráulico Grau Abissal,must-have,15,0,5,,0
656,2025-10-17,LUM-02,Luminária Náutica de Convés,need-to-have,0,0,0,,0
657,2025-10-18,ETH-01,Éter Hidráulico Grau Abissal,must-have,5,0,0,,0
657,2025-10-18,LUM-02,Luminária Náutica de Convés,need-to-have,0,0,0,,0
658,2025-10-19,ETH-01,Éter Hidráulico Grau Abissal,must-have,0,0,0,,0
658,2025-10-19,LUM-02,Luminária Náutica de Convés,need-to-have,0,0,0,,0
659,2025-10-20,ETH-01,Éter Hidráulico Grau Abissal,must-have,0,0,0,,0
659,2025-10-20,LUM-02,Luminária Náutica de Convés,need-to-have,0,0,0,,0
660,2025-10-21,ETH-01,Éter Hidráulico Grau Abissal,must-have,0,0,0,,0
660,2025-10-21,LUM-02,Luminária Náutica de Convés,need-to-have,0,0,0,,0
661,2025-10-22,ETH-01,Éter Hidráulico Grau Abissal,must-have,0,0,0,,0
661,2025-10-22,LUM-02,Luminária Náutica de Convés,need-to-have,0,43,38,LUM-02-PO045,0
662,2025-10-23,ETH-01,Éter Hidráulico Grau Abissal,must-have,0,0,0,,0
662,2025-10-23,LUM-02,Luminária Náutica de Convés,need-to-have,38,0,31,,0
663,2025-10-24,ETH-01,Éter Hidráulico Grau Abissal,must-have,0,71,61,ETH-01-PO052,0
663,2025-10-24,LUM-02,Luminária Náutica de Convés,need-to-have,31,0,29,,0
664,2025-10-25,ETH-01,Éter Hidráulico Grau Abissal,must-have,61,0,56,,0
664,2025-10-25,LUM-02,Luminária Náutica de Convés,need-to-have,29,0,28,,0
665,2025-10-26,ETH-01,Éter Hidráulico Grau Abissal,must-have,56,0,46,,0
665,2025-10-26,LUM-02,Luminária Náutica de Convés,need-to-have,28,0,24,,45
666,2025-10-27,ETH-01,Éter Hidráulico Grau Abissal,must-have,46,0,35,,75
666,2025-10-27,LUM-02,Luminária Náutica de Convés,need-to-have,24,0,21,,0
667,2025-10-28,ETH-01,Éter Hidráulico Grau Abissal,must-have,35,0,28,,0
667,2025-10-28,LUM-02,Luminária Náutica de Convés,need-to-have,21,0,16,,0
668,2025-10-29,ETH-01,Éter Hidráulico Grau Abissal,must-have,28,0,20,,0
668,2025-10-29,LUM-02,Luminária Náutica de Convés,need-to-have,16,0,11,,0
669,2025-10-30,ETH-01,Éter Hidráulico Grau Abissal,must-have,20,0,11,,0
669,2025-10-30,LUM-02,Luminária Náutica de Convés,need-to-have,11,0,4,,0
670,2025-10-31,ETH-01,Éter Hidráulico Grau Abissal,must-have,11,0,3,,0
670,2025-10-31,LUM-02,Luminária Náutica de Convés,need-to-have,4,0,0,,0
671,2025-11-01,ETH-01,Éter Hidráulico Grau Abissal,must-have,3,0,0,,0
671,2025-11-01,LUM-02,Luminária Náutica de Convés,need-to-have,0,0,0,,0
672,2025-11-02,ETH-01,Éter Hidráulico Grau Abissal,must-have,0,0,0,,0
672,2025-11-02,LUM-02,Luminária Náutica de Convés,need-to-have,0,0,0,,0
673,2025-11-03,ETH-01,Éter Hidráulico Grau Abissal,must-have,0,75,66,ETH-01-PO053,0
673,2025-11-03,LUM-02,Luminária Náutica de Convés,need-to-have,0,0,0,,0
674,2025-11-04,ETH-01,Éter Hidráulico Grau Abissal,must-have,66,0,57,,0
674,2025-11-04,LUM-02,Luminária Náutica de Convés,need-to-have,0,0,0,,0
675,2025-11-05,ETH-01,Éter Hidráulico Grau Abissal,must-have,57,0,53,,0
675,2025-11-05,LUM-02,Luminária Náutica de Convés,need-to-have,0,0,0,,0
676,2025-11-06,ETH-01,Éter Hidráulico Grau Abissal,must-have,53,0,46,,0
676,2025-11-06,LUM-02,Luminária Náutica de Convés,need-to-have,0,0,0,,0
677,2025-11-07,ETH-01,Éter Hidráulico Grau Abissal,must-have,46,0,39,,78
677,2025-11-07,LUM-02,Luminária Náutica de Convés,need-to-have,0,40,37,LUM-02-PO046,0
678,2025-11-08,ETH-01,Éter Hidráulico Grau Abissal,must-have,39,0,27,,0
678,2025-11-08,LUM-02,Luminária Náutica de Convés,need-to-have,37,0,34,,0
679,2025-11-09,ETH-01,Éter Hidráulico Grau Abissal,must-have,27,0,23,,0
679,2025-11-09,LUM-02,Luminária Náutica de Convés,need-to-have,34,0,30,,0
680,2025-11-10,ETH-01,Éter Hidráulico Grau Abissal,must-have,23,0,12,,0
680,2025-11-10,LUM-02,Luminária Náutica de Convés,need-to-have,30,0,26,,38
681,2025-11-11,ETH-01,Éter Hidráulico Grau Abissal,must-have,12,62,67,ETH-01-PO054,0
681,2025-11-11,LUM-02,Luminária Náutica de Convés,need-to-have,26,0,24,,0
682,2025-11-12,ETH-01,Éter Hidráulico Grau Abissal,must-have,67,0,58,,0
682,2025-11-12,LUM-02,Luminária Náutica de Convés,need-to-have,24,0,21,,0
683,2025-11-13,ETH-01,Éter Hidráulico Grau Abissal,must-have,58,0,46,,0
683,2025-11-13,LUM-02,Luminária Náutica de Convés,need-to-have,21,0,17,,0
684,2025-11-14,ETH-01,Éter Hidráulico Grau Abissal,must-have,46,0,37,,72
684,2025-11-14,LUM-02,Luminária Náutica de Convés,need-to-have,17,0,14,,0
685,2025-11-15,ETH-01,Éter Hidráulico Grau Abissal,must-have,37,0,33,,0
685,2025-11-15,LUM-02,Luminária Náutica de Convés,need-to-have,14,0,7,,0
686,2025-11-16,ETH-01,Éter Hidráulico Grau Abissal,must-have,33,0,26,,0
686,2025-11-16,LUM-02,Luminária Náutica de Convés,need-to-have,7,0,4,,0
687,2025-11-17,ETH-01,Éter Hidráulico Grau Abissal,must-have,26,0,18,,0
687,2025-11-17,LUM-02,Luminária Náutica de Convés,need-to-have,4,0,0,,0
688,2025-11-18,ETH-01,Éter Hidráulico Grau Abissal,must-have,18,0,10,,0
688,2025-11-18,LUM-02,Luminária Náutica de Convés,need-to-have,0,0,0,,0
689,2025-11-19,ETH-01,Éter Hidráulico Grau Abissal,must-have,10,72,71,ETH-01-PO055,0
689,2025-11-19,LUM-02,Luminária Náutica de Convés,need-to-have,0,0,0,,0
690,2025-11-20,ETH-01,Éter Hidráulico Grau Abissal,must-have,71,0,61,,0
690,2025-11-20,LUM-02,Luminária Náutica de Convés,need-to-have,0,38,34,LUM-02-PO047,0
691,2025-11-21,ETH-01,Éter Hidráulico Grau Abissal,must-have,61,0,53,,0
691,2025-11-21,LUM-02,Luminária Náutica de Convés,need-to-have,34,0,31,,0
692,2025-11-22,ETH-01,Éter Hidráulico Grau Abissal,must-have,53,0,49,,0
692,2025-11-22,LUM-02,Luminária Náutica de Convés,need-to-have,31,0,27,,45
693,2025-11-23,ETH-01,Éter Hidráulico Grau Abissal,must-have,49,0,40,,73
693,2025-11-23,LUM-02,Luminária Náutica de Convés,need-to-have,27,0,23,,0
694,2025-11-24,ETH-01,Éter Hidráulico Grau Abissal,must-have,40,0,32,,0
694,2025-11-24,LUM-02,Luminária Náutica de Convés,need-to-have,23,0,20,,0
695,2025-11-25,ETH-01,Éter Hidráulico Grau Abissal,must-have,32,0,24,,0
695,2025-11-25,LUM-02,Luminária Náutica de Convés,need-to-have,20,0,16,,0
696,2025-11-26,ETH-01,Éter Hidráulico Grau Abissal,must-have,24,0,15,,0
696,2025-11-26,LUM-02,Luminária Náutica de Convés,need-to-have,16,0,16,,0
697,2025-11-27,ETH-01,Éter Hidráulico Grau Abissal,must-have,15,0,4,,0
697,2025-11-27,LUM-02,Luminária Náutica de Convés,need-to-have,16,0,13,,0
698,2025-11-28,ETH-01,Éter Hidráulico Grau Abissal,must-have,4,0,0,,0
698,2025-11-28,LUM-02,Luminária Náutica de Convés,need-to-have,13,0,9,,0
699,2025-11-29,ETH-01,Éter Hidráulico Grau Abissal,must-have,0,0,0,,0
699,2025-11-29,LUM-02,Luminária Náutica de Convés,need-to-have,9,0,5,,0
700,2025-11-30,ETH-01,Éter Hidráulico Grau Abissal,must-have,0,0,0,,0
700,2025-11-30,LUM-02,Luminária Náutica de Convés,need-to-have,5,0,0,,0
