day,date,sku,item_name,criticality,opening_stock,receipts_qty,closing_stock,po_ids_received,order_placed_qty
1,2024-01-01,CAB-07,Cabo Trançado de Sinalização,need-to-have,34,0,29,,0
1,2024-01-01,VLV-11,Válvula de Pressão dos Porões,must-have,52,0,47,,0
2,2024-01-02,CAB-07,Cabo Trançado de Sinalização,need-to-have,29,0,25,,41
2,2024-01-02,VLV-11,Válvula de Pressão dos Porões,must-have,47,0,39,,71
3,2024-01-03,CAB-07,Cabo Trançado de Sinalização,need-to-have,25,0,19,,0
3,2024-01-03,VLV-11,Válvula de Pressão dos Porões,must-have,39,0,29,,0
4,2024-01-04,CAB-07,Cabo Trançado de Sinalização,need-to-have,19,0,16,,0
4,2024-01-04,VLV-11,Válvula de Pressão dos Porões,must-have,29,0,25,,0
5,2024-01-05,CAB-07,Cabo Trançado de Sinalização,need-to-have,16,0,11,,0
5,2024-01-05,VLV-11,Válvula de Pressão dos Porões,must-have,25,0,19,,0
6,2024-01-06,CAB-07,Cabo Trançado de Sinalização,need-to-have,11,0,4,,0
6,2024-01-06,VLV-11,Válvula de Pressão dos Porões,must-have,19,0,16,,0
7,2024-01-07,CAB-07,Cabo Trançado de Sinalização,need-to-have,4,0,0,,0
7,2024-01-07,VLV-11,Válvula de Pressão dos Porões,must-have,16,0,9,,0
8,2024-01-08,CAB-07,Cabo Trançado de Sinalização,need-to-have,0,0,0,,0
8,2024-01-08,VLV-11,Válvula de Pressão dos Porões,must-have,9,0,1,,0
9,2024-01-09,CAB-07,Cabo Trançado de Sinalização,need-to-have,0,0,0,,0
9,2024-01-09,VLV-11,Válvula de Pressão dos Porões,must-have,1,0,0,,0
10,2024-01-10,CAB-07,Cabo Trançado de Sinalização,need-to-have,0,0,0,,0
10,2024-01-10,VLV-11,Válvula de Pressão dos Porões,must-have,0,0,0,,0
11,2024-01-11,CAB-07,Cabo Trançado de Sinalização,need-to-have,0,0,0,,0
11,2024-01-11,VLV-11,Válvula de Pressão dos Porões,must-have,0,0,0,,0
12,2024-01-12,CAB-07,Cabo Trançado de Sinalização,need-to-have,0,0,0,,0
12,2024-01-12,VLV-11,Válvula de Pressão dos Porões,must-have,0,0,0,,0
13,2024-01-13,CAB-07,Cabo Trançado de Sinalização,need-to-have,0,0,0,,0
13,2024-01-13,VLV-11,Válvula de Pressão dos Porões,must-have,0,0,0,,0
14,2024-01-14,CAB-07,Cabo Trançado de Sinalização,need-to-have,0,0,0,,0
14,2024-01-14,VLV-11,Válvula de Pressão dos Porões,must-have,0,57,49,VLV-11-PO001,0
15,2024-01-15,CAB-07,Cabo Trançado de Sinalização,need-to-have,0,0,0,,0
15,2024-01-15,VLV-11,Válvula de Pressão dos Porões,must-have,49,0,39,,60
16,2024-01-16,CAB-07,Cabo Trançado de Sinalização,need-to-have,0,0,0,,0
16,2024-01-16,VLV-11,Válvula de Pressão dos Porões,must-have,39,0,33,,0
17,2024-01-17,CAB-07,Cabo Trançado de Sinalização,need-to-have,0,0,0,,0
17,2024-01-17,VLV-11,Válvula de Pressão dos Porões,must-have,33,0,24,,0
18,2024-01-18,CAB-07,Cabo Trançado de Sinalização,need-to-have,0,41,39,CAB-07-PO001,0
18,2024-01-18,VLV-11,Válvula de Pressão dos Porões,must-have,24,0,20,,0
19,2024-01-19,CAB-07,Cabo Trançado de Sinalização,need-to-have,39,0,34,,0
19,2024-01-19,VLV-11,Válvula de Pressão dos Porões,must-have,20,0,14,,0
20,2024-01-20,CAB-07,Cabo Trançado de Sinalização,need-to-have,34,0,28,,0
20,2024-01-20,VLV-11,Válvula de Pressão dos Porões,must-have,14,0,9,,0
21,2024-01-21,CAB-07,Cabo Trançado de Sinalização,need-to-have,28,0,24,,43
21,2024-01-21,VLV-11,Válvula de Pressão dos Porões,must-have,9,0,1,,0
22,2024-01-22,CAB-07,Cabo Trançado de Sinalização,need-to-have,24,0,18,,0
22,2024-01-22,VLV-11,Válvula de Pressão dos Porões,must-have,1,0,0,,0
23,2024-01-23,CAB-07,Cabo Trançado de Sinalização,need-to-have,18,0,13,,0
23,2024-01-23,VLV-11,Válvula de Pressão dos Porões,must-have,0,60,55,VLV-11-PO002,0
24,2024-01-24,CAB-07,Cabo Trançado de Sinalização,need-to-have,13,0,6,,0
24,2024-01-24,VLV-11,Válvula de Pressão dos Porões,must-have,55,0,50,,0
25,2024-01-25,CAB-07,Cabo Trançado de Sinalização,need-to-have,6,0,1,,0
25,2024-01-25,VLV-11,Válvula de Pressão dos Porões,must-have,50,0,44,,0
26,2024-01-26,CAB-07,Cabo Trançado de Sinalização,need-to-have,1,0,0,,0
26,2024-01-26,VLV-11,Válvula de Pressão dos Porões,must-have,44,0,38,,69
27,2024-01-27,CAB-07,Cabo Trançado de Sinalização,need-to-have,0,43,37,CAB-07-PO002,0
27,2024-01-27,VLV-11,Válvula de Pressão dos Porões,must-have,38,0,34,,0
28,2024-01-28,CAB-07,Cabo Trançado de Sinalização,need-to-have,37,0,34,,0
28,2024-01-28,VLV-11,Válvula de Pressão dos Porões,must-have,34,0,29,,0
29,2024-01-29,CAB-07,Cabo Trançado de Sinalização,need-to-have,34,0,30,,0
29,2024-01-29,VLV-11,Válvula de Pressão dos Porões,must-have,29,0,21,,0
30,2024-01-30,CAB-07,Cabo Trançado de Sinalização,need-to-have,30,0,26,,48
30,2024-01-30,VLV-11,Válvula de Pressão dos Porões,must-have,21,0,18,,0
31,2024-01-31,CAB-07,Cabo Trançado de Sinalização,need-to-have,26,0,19,,0
31,2024-01-31,VLV-11,Válvula de Pressão dos Porões,must-have,18,0,16,,0
32,2024-02-01,CAB-07,Cabo Trançado de Sinalização,need-to-have,19,0,14,,0
32,2024-02-01,VLV-11,Válvula de Pressão dos Porões,must-have,16,0,8,,0
33,2024-02-02,CAB-07,Cabo Trançado de Sinalização,need-to-have,14,0,10,,0
33,2024-02-02,VLV-11,Válvula de Pressão dos Porões,must-have,8,0,1,,0
34,2024-02-03,CAB-07,Cabo Trançado de Sinalização,need-to-have,10,0,7,,0
34,2024-02-03,VLV-11,Válvula de Pressão dos Porões,must-have,1,0,0,,0
35,2024-02-04,CAB-07,Cabo Trançado de Sinalização,need-to-have,7,0,2,,0
35,2024-02-04,VLV-11,Válvula de Pressão dos Porões,must-have,0,69,64,VLV-11-PO003,0
36,2024-02-05,CAB-07,Cabo Trançado de Sinalização,need-to-have,2,0,0,,0
36,2024-02-05,VLV-11,Válvula de Pressão dos Porões,must-have,64,0,59,,0
37,2024-02-06,CAB-07,Cabo Trançado de Sinalização,need-to-have,0,0,0,,0
37,2024-02-06,VLV-11,Válvula de Pressão dos Porões,must-have,59,0,54,,0
38,2024-02-07,CAB-07,Cabo Trançado de Sinalização,need-to-have,0,0,0,,0
38,2024-02-07,VLV-11,Válvula de Pressão dos Porões,must-have,54,0,53,,0
39,2024-02-08,CAB-07,Cabo Trançado de Sinalização,need-to-have,0,48,41,CAB-07-PO003,0
39,2024-02-08,VLV-11,Válvula de Pressão dos Porões,must-have,53,0,49,,0
40,2024-02-09,CAB-07,Cabo Trançado de Sinalização,need-to-have,41,0,35,,0
40,2024-02-09,VLV-11,Válvula de Pressão dos Porões,must-have,49,0,40,,66
41,2024-02-10,CAB-07,Cabo Trançado de Sinalização,need-to-have,35,0,32,,0
41,2024-02-10,VLV-11,Válvula de Pressão dos Porões,must-have,40,0,29,,0
42,2024-02-11,CAB-07,Cabo Trançado de Sinalização,need-to-have,32,0,27,,0
42,2024-02-11,VLV-11,Válvula de Pressão dos Porões,must-have,29,0,25,,0
43,2024-02-12,CAB-07,Cabo Trançado de Sinalização,need-to-have,27,0,24,,45
43,2024-02-12,VLV-11,Válvula de Pressão dos Porões,must-have,25,0,17,,0
44,2024-02-13,CAB-07,Cabo Trançado de Sinalização,need-to-have,24,0,20,,0
44,2024-02-13,VLV-11,Válvula de Pressão dos Porões,must-have,17,0,10,,0
45,2024-02-14,CAB-07,Cabo Trançado de Sinalização,need-to-have,20,0,17,,0
45,2024-02-14,VLV-11,Válvula de Pressão dos Porões,must-have,10,0,4,,0
46,2024-02-15,CAB-07,Cabo Trançado de Sinalização,need-to-have,17,0,13,,0
46,2024-02-15,VLV-11,Válvula de Pressão dos Porões,must-have,4,0,0,,0
47,2024-02-16,CAB-07,Cabo Trançado de Sinalização,need-to-have,13,0,11,,0
47,2024-02-16,VLV-11,Válvula de Pressão dos Porões,must-have,0,0,0,,0
48,2024-02-17,CAB-07,Cabo Trançado de Sinalização,need-to-have,11,0,6,,0
48,2024-02-17,VLV-11,Válvula de Pressão dos Porões,must-have,0,0,0,,0
49,2024-02-18,CAB-07,Cabo Trançado de Sinalização,need-to-have,6,0,3,,0
49,2024-02-18,VLV-11,Válvula de Pressão dos Porões,must-have,0,0,0,,0
50,2024-02-19,CAB-07,Cabo Trançado de Sinalização,need-to-have,3,0,0,,0
50,2024-02-19,VLV-11,Válvula de Pressão dos Porões,must-have,0,0,0,,0
51,2024-02-20,CAB-07,Cabo Trançado de Sinalização,need-to-have,0,45,45,CAB-07-PO004,0
51,2024-02-20,VLV-11,Válvula de Pressão dos Porões,must-have,0,66,58,VLV-11-PO004,0
52,2024-02-21,CAB-07,Cabo Trançado de Sinalização,need-to-have,45,0,42,,0
52,2024-02-21,VLV-11,Válvula de Pressão dos Porões,must-have,58,0,53,,0
53,2024-02-22,CAB-07,Cabo Trançado de Sinalização,need-to-have,42,0,37,,0
53,2024-02-22,VLV-11,Válvula de Pressão dos Porões,must-have,53,0,44,,0
54,2024-02-23,CAB-07,Cabo Trançado de Sinalização,need-to-have,37,0,37,,0
54,2024-02-23,VLV-11,Válvula de Pressão dos Porões,must-have,44,0,36,,69
55,2024-02-24,CAB-07,Cabo Trançado de Sinalização,need-to-have,37,0,33,,0
55,2024-02-24,VLV-11,Válvula de Pressão dos Porões,must-have,36,0,30,,0
56,2024-02-25,CAB-07,Cabo Trançado de Sinalização,need-to-have,33,0,28,,0
56,2024-02-25,VLV-11,Válvula de Pressão dos Porões,must-have,30,0,24,,0
57,2024-02-26,CAB-07,Cabo Trançado de Sinalização,need-to-have,28,0,23,,46
57,2024-02-26,VLV-11,Válvula de Pressão dos Porões,must-have,24,0,16,,0
58,2024-02-27,CAB-07,Cabo Trançado de Sinalização,need-to-have,23,0,18,,0
58,2024-02-27,VLV-11,Válvula de Pressão dos Porões,must-have,16,0,9,,0
59,2024-02-28,CAB-07,Cabo Trançado de Sinalização,need-to-have,18,0,13,,0
59,2024-02-28,VLV-11,Válvula de Pressão dos Porões,must-have,9,0,2,,0
60,2024-02-29,CAB-07,Cabo Trançado de Sinalização,need-to-have,13,0,6,,0
60,2024-02-29,VLV-11,Válvula de Pressão dos Porões,must-have,2,0,0,,0
61,2024-03-01,CAB-07,Cabo Trançado de Sinalização,need-to-have,6,0,1,,0
61,2024-03-01,VLV-11,Válvula de Pressão dos Porões,must-have,0,0,0,,0
62,2024-03-02,CAB-07,Cabo Trançado de Sinalização,need-to-have,1,0,0,,0
62,2024-03-02,VLV-11,Válvula de Pressão dos Porões,must-have,0,0,0,,0
63,2024-03-03,CAB-07,Cabo Trançado de Sinalização,need-to-have,0,46,41,CAB-07-PO005,0
63,2024-03-03,VLV-11,Válvula de Pressão dos Porões,must-have,0,59,51,VLV-11-PO005,0
64,2024-03-04,CAB-07,Cabo Trançado de Sinalização,need-to-have,41,0,36,,0
64,2024-03-04,VLV-11,Válvula de Pressão dos Porões,must-have,51,0,45,,0
65,2024-03-05,CAB-07,Cabo Trançado de Sinalização,need-to-have,36,0,34,,0
65,2024-03-05,VLV-11,Válvula de Pressão dos Porões,must-have,45,0,38,,65
66,2024-03-06,CAB-07,Cabo Trançado de Sinalização,need-to-have,34,0,30,,0
66,2024-03-06,VLV-11,Válvula de Pressão dos Porões,must-have,38,0,33,,0
67,2024-03-07,CAB-07,Cabo Trançado de Sinalização,need-to-have,30,0,24,,42
67,2024-03-07,VLV-11,Válvula de Pressão dos Porões,must-have,33,0,27,,0
68,2024-03-08,CAB-07,Cabo Trançado de Sinalização,need-to-have,24,0,18,,0
68,2024-03-08,VLV-11,Válvula de Pressão dos Porões,must-have,27,0,21,,0
69,2024-03-09,CAB-07,Cabo Trançado de Sinalização,need-to-have,18,0,16,,0
69,2024-03-09,VLV-11,Válvula de Pressão dos Porões,must-have,21,0,13,,0
70,2024-03-10,CAB-07,Cabo Trançado de Sinalização,need-to-have,16,0,13,,0
70,2024-03-10,VLV-11,Válvula de Pressão dos Porões,must-have,13,0,5,,0
71,2024-03-11,CAB-07,Cabo Trançado de Sinalização,need-to-have,13,0,9,,0
71,2024-03-11,VLV-11,Válvula de Pressão dos Porões,must-have,5,0,1,,0
72,2024-03-12,CAB-07,Cabo Trançado de Sinalização,need-to-have,9,0,5,,0
72,2024-03-12,VLV-11,Válvula de Pressão dos Porões,must-have,1,0,0,,0
73,2024-03-13,CAB-07,Cabo Trançado de Sinalização,need-to-have,5,0,2,,0
73,2024-03-13,VLV-11,Válvula de Pressão dos Porões,must-have,0,0,0,,0
74,2024-03-14,CAB-07,Cabo Trançado de Sinalização,need-to-have,2,0,0,,0
74,2024-03-14,VLV-11,Válvula de Pressão dos Porões,must-have,0,65,57,VLV-11-PO006,0
75,2024-03-15,CAB-07,Cabo Trançado de Sinalização,need-to-have,0,0,0,,0
75,2024-03-15,VLV-11,Válvula de Pressão dos Porões,must-have,57,0,49,,0
76,2024-03-16,CAB-07,Cabo Trançado de Sinalização,need-to-have,0,0,0,,0
76,2024-03-16,VLV-11,Válvula de Pressão dos Porões,must-have,49,0,41,,0
77,2024-03-17,CAB-07,Cabo Trançado de Sinalização,need-to-have,0,0,0,,0
77,2024-03-17,VLV-11,Válvula de Pressão dos Porões,must-have,41,0,34,,65
78,2024-03-18,CAB-07,Cabo Trançado de Sinalização,need-to-have,0,0,0,,0
78,2024-03-18,VLV-11,Válvula de Pressão dos Porões,must-have,34,0,26,,0
79,2024-03-19,CAB-07,Cabo Trançado de Sinalização,need-to-have,0,0,0,,0
79,2024-03-19,VLV-11,Válvula de Pressão dos Porões,must-have,26,0,21,,0
80,2024-03-20,CAB-07,Cabo Trançado de Sinalização,need-to-have,0,0,0,,0
80,2024-03-20,VLV-11,Válvula de Pressão dos Porões,must-have,21,0,18,,0
81,2024-03-21,CAB-07,Cabo Trançado de Sinalização,need-to-have,0,36,32,CAB-07-PO006,0
81,2024-03-21,VLV-11,Válvula de Pressão dos Porões,must-have,18,0,10,,0
82,2024-03-22,CAB-07,Cabo Trançado de Sinalização,need-to-have,32,0,28,,0
82,2024-03-22,VLV-11,Válvula de Pressão dos Porões,must-have,10,0,6,,0
83,2024-03-23,CAB-07,Cabo Trançado de Sinalização,need-to-have,28,0,24,,45
83,2024-03-23,VLV-11,Válvula de Pressão dos Porões,must-have,6,0,0,,0
84,2024-03-24,CAB-07,Cabo Trançado de Sinalização,need-to-have,24,0,23,,0
84,2024-03-24,VLV-11,Válvula de Pressão dos Porões,must-have,0,0,0,,0
85,2024-03-25,CAB-07,Cabo Trançado de Sinalização,need-to-have,23,0,21,,0
85,2024-03-25,VLV-11,Válvula de Pressão dos Porões,must-have,0,0,0,,0
86,2024-03-26,CAB-07,Cabo Trançado de Sinalização,need-to-have,21,0,14,,0
86,2024-03-26,VLV-11,Válvula de Pressão dos Porões,must-have,0,0,0,,0
87,2024-03-27,CAB-07,Cabo Trançado de Sinalização,need-to-have,14,0,11,,0
87,2024-03-27,VLV-11,Válvula de Pressão dos Porões,must-have,0,0,0,,0
88,2024-03-28,CAB-07,Cabo Trançado de Sinalização,need-to-have,11,0,5,,0
88,2024-03-28,VLV-11,Válvula de Pressão dos Porões,must-have,0,65,60,VLV-11-PO007,0
89,2024-03-29,CAB-07,Cabo Trançado de Sinalização,need-to-have,5,0,0,,0
89,2024-03-29,VLV-11,Válvula de Pressão dos Porões,must-have,60,0,52,,0
90,2024-03-30,CAB-07,Cabo Trançado de Sinalização,need-to-have,0,0,0,,0
90,2024-03-30,VLV-11,Válvula de Pressão dos Porões,must-have,52,0,42,,0
91,2024-03-31,CAB-07,Cabo Trançado de Sinalização,need-to-have,0,0,0,,0
91,2024-03-31,VLV-11,Válvula de Pressão dos Porões,must-have,42,0,36,,69
92,2024-04-01,CAB-07,Cabo Trançado de Sinalização,need-to-have,0,0,0,,0
92,2024-04-01,VLV-11,Válvula de Pressão dos Porões,must-have,36,0,32,,0
93,2024-04-02,CAB-07,Cabo Trançado de Sinalização,need-to-have,0,0,0,,0
93,2024-04-02,VLV-11,Válvula de Pressão dos Porões,must-have,32,0,24,,0
94,2024-04-03,CAB-07,Cabo Trançado de Sinalização,need-to-have,0,45,39,CAB-07-PO007,0
94,2024-04-03,VLV-11,Válvula de Pressão dos Porões,must-have,24,0,18,,0
95,2024-04-04,CAB-07,Cabo Trançado de Sinalização,need-to-have,39,0,35,,0
95,2024-04-04,VLV-11,Válvula de Pressão dos Porões,must-have,18,0,14,,0
96,2024-04-05,CAB-07,Cabo Trançado de Sinalização,need-to-have,35,0,29,,0
96,2024-04-05,VLV-11,Válvula de Pressão dos Porões,must-have,14,0,6,,0
97,2024-04-06,CAB-07,Cabo Trançado de Sinalização,need-to-have,29,0,25,,44
97,2024-04-06,VLV-11,Válvula de Pressão dos Porões,must-have,6,0,2,,0
98,2024-04-07,CAB-07,Cabo Trançado de Sinalização,need-to-have,25,0,24,,0
98,2024-04-07,VLV-11,Válvula de Pressão dos Porões,must-have,2,0,0,,0
99,2024-04-08,CAB-07,Cabo Trançado de Sinalização,need-to-have,24,0,19,,0
99,2024-04-08,VLV-11,Válvula de Pressão dos Porões,must-have,0,0,0,,0
100,2024-04-09,CAB-07,Cabo Trançado de Sinalização,need-to-have,19,0,14,,0
100,2024-04-09,VLV-11,Válvula de Pressão dos Porões,must-have,0,0,0,,0
101,2024-04-10,CAB-07,Cabo Trançado de Sinalização,need-to-have,14,0,14,,0
101,2024-04-10,VLV-11,Válvula de Pressão dos Porões,must-have,0,0,0,,0
102,2024-04-11,CAB-07,Cabo Trançado de Sinalização,need-to-have,14,0,9,,0
102,2024-04-11,VLV-11,Válvula de Pressão dos Porões,must-have,0,0,0,,0
103,2024-04-12,CAB-07,Cabo Trançado de Sinalização,need-to-have,9,0,3,,0
103,2024-04-12,VLV-11,Válvula de Pressão dos Porões,must-have,0,0,0,,0
104,2024-04-13,CAB-07,Cabo Trançado de Sinalização,need-to-have,3,0,0,,0
104,2024-04-13,VLV-11,Válvula de Pressão dos Porões,must-have,0,0,0,,0
105,2024-04-14,CAB-07,Cabo Trançado de Sinalização,need-to-have,0,0,0,,0
105,2024-04-14,VLV-11,Válvula de Pressão dos Porões,must-have,0,59,52,VLV-11-PO008,0
106,2024-04-15,CAB-07,Cabo Trançado de Sinalização,need-to-have,0,0,0,,0
106,2024-04-15,VLV-11,Válvula de Pressão dos Porões,must-have,52,0,51,,0
107,2024-04-16,CAB-07,Cabo Trançado de Sinalização,need-to-have,0,0,0,,0
107,2024-04-16,VLV-11,Válvula de Pressão dos Porões,must-have,51,0,47,,0
108,2024-04-17,CAB-07,Cabo Trançado de Sinalização,need-to-have,0,0,0,,0
108,2024-04-17,VLV-11,Válvula de Pressão dos Porões,must-have,47,0,44,,0
109,2024-04-18,CAB-07,Cabo Trançado de Sinalização,need-to-have,0,0,0,,0
109,2024-04-18,VLV-11,Válvula de Pressão dos Porões,must-have,44,0,35,,58
110,2024-04-19,CAB-07,Cabo Trançado de Sinalização,need-to-have,0,44,38,CAB-07-PO008,0
110,2024-04-19,VLV-11,Válvula de Pressão dos Porões,must-have,35,0,30,,0
111,2024-04-20,CAB-07,Cabo Trançado de Sinalização,need-to-have,38,0,34,,0
111,2024-04-20,VLV-11,Válvula de Pressão dos Porões,must-have,30,0,25,,0
112,2024-04-21,CAB-07,Cabo Trançado de Sinalização,need-to-have,34,0,27,,0
112,2024-04-21,VLV-11,Válvula de Pressão dos Porões,must-have,25,0,23,,0
113,2024-04-22,CAB-07,Cabo Trançado de Sinalização,need-to-have,27,0,22,,39
113,2024-04-22,VLV-11,Válvula de Pressão dos Porões,must-have,23,0,18,,0
114,2024-04-23,CAB-07,Cabo Trançado de Sinalização,need-to-have,22,0,20,,0
114,2024-04-23,VLV-11,Válvula de Pressão dos Porões,must-have,18,0,13,,0
115,2024-04-24,CAB-07,Cabo Trançado de Sinalização,need-to-have,20,0,16,,0
115,2024-04-24,VLV-11,Válvula de Pressão dos Porões,must-have,13,0,8,,0
116,2024-04-25,CAB-07,Cabo Trançado de Sinalização,need-to-have,16,0,11,,0
116,2024-04-25,VLV-11,Válvula de Pressão dos Porões,must-have,8,58,62,VLV-11-PO009,0
117,2024-04-26,CAB-07,Cabo Trançado de Sinalização,need-to-have,11,0,4,,0
117,2024-04-26,VLV-11,Válvula de Pressão dos Porões,must-have,62,0,56,,0
118,2024-04-27,CAB-07,Cabo Trançado de Sinalização,need-to-have,4,0,1,,0
118,2024-04-27,VLV-11,Válvula de Pressão dos Porões,must-have,56,0,48,,0
119,2024-04-28,CAB-07,Cabo Trançado de Sinalização,need-to-have,1,0,0,,0
119,2024-04-28,VLV-11,Válvula de Pressão dos Porões,must-have,48,0,42,,0
120,2024-04-29,CAB-07,Cabo Trançado de Sinalização,need-to-have,0,0,0,,0
120,2024-04-29,VLV-11,Válvula de Pressão dos Porões,must-have,42,0,37,,59
121,2024-04-30,CAB-07,Cabo Trançado de Sinalização,need-to-have,0,0,0,,0
121,2024-04-30,VLV-11,Válvula de Pressão dos Porões,must-have,37,0,32,,0
122,2024-05-01,CAB-07,Cabo Trançado de Sinalização,need-to-have,0,0,0,,0
122,2024-05-01,VLV-11,Válvula de Pressão dos Porões,must-have,32,0,26,,0
123,2024-05-02,CAB-07,Cabo Trançado de Sinalização,need-to-have,0,0,0,,0
123,2024-05-02,VLV-11,Válvula de Pressão dos Porões,must-have,26,0,22,,0
124,2024-05-03,CAB-07,Cabo Trançado de Sinalização,need-to-have,0,39,33,CAB-07-PO009,0
124,2024-05-03,VLV-11,Válvula de Pressão dos Porões,must-have,22,0,15,,0
125,2024-05-04,CAB-07,Cabo Trançado de Sinalização,need-to-have,33,0,30,,0
125,2024-05-04,VLV-11,Válvula de Pressão dos Porões,must-have,15,0,8,,0
126,2024-05-05,CAB-07,Cabo Trançado de Sinalização,need-to-have,30,0,23,,43
126,2024-05-05,VLV-11,Válvula de Pressão dos Porões,must-have,8,0,1,,0
127,2024-05-06,CAB-07,Cabo Trançado de Sinalização,need-to-have,23,0,18,,0
127,2024-05-06,VLV-11,Válvula de Pressão dos Porões,must-have,1,0,0,,0
128,2024-05-07,CAB-07,Cabo Trançado de Sinalização,need-to-have,18,0,15,,0
128,2024-05-07,VLV-11,Válvula de Pressão dos Porões,must-have,0,0,0,,0
129,2024-05-08,CAB-07,Cabo Trançado de Sinalização,need-to-have,15,0,10,,0
129,2024-05-08,VLV-11,Válvula de Pressão dos Porões,must-have,0,0,0,,0
130,2024-05-09,CAB-07,Cabo Trançado de Sinalização,need-to-have,10,0,4,,0
130,2024-05-09,VLV-11,Válvula de Pressão dos Porões,must-have,0,0,0,,0
131,2024-05-10,CAB-07,Cabo Trançado de Sinalização,need-to-have,4,0,1,,0
131,2024-05-10,VLV-11,Válvula de Pressão dos Porões,must-have,0,0,0,,0
132,2024-05-11,CAB-07,Cabo Trançado de Sinalização,need-to-have,1,0,0,,0
132,2024-05-11,VLV-11,Válvula de Pressão dos Porões,must-have,0,0,0,,0
133,2024-05-12,CAB-07,Cabo Trançado de Sinalização,need-to-have,0,43,36,CAB-07-PO010,0
133,2024-05-12,VLV-11,Válvula de Pressão dos Porões,must-have,0,59,57,VLV-11-PO010,0
134,2024-05-13,CAB-07,Cabo Trançado de Sinalização,need-to-have,36,0,31,,0
134,2024-05-13,VLV-11,Válvula de Pressão dos Porões,must-have,57,0,52,,0
135,2024-05-14,CAB-07,Cabo Trançado de Sinalização,need-to-have,31,0,26,,46
135,2024-05-14,VLV-11,Válvula de Pressão dos Porões,must-have,52,0,48,,0
136,2024-05-15,CAB-07,Cabo Trançado de Sinalização,need-to-have,26,0,23,,0
136,2024-05-15,VLV-11,Válvula de Pressão dos Porões,must-have,48,0,44,,0
137,2024-05-16,CAB-07,Cabo Trançado de Sinalização,need-to-have,23,0,18,,0
137,2024-05-16,VLV-11,Válvula de Pressão dos Porões,must-have,44,0,39,,67
138,2024-05-17,CAB-07,Cabo Trançado de Sinalização,need-to-have,18,0,13,,0
138,2024-05-17,VLV-11,Válvula de Pressão dos Porões,must-have,39,0,35,,0
139,2024-05-18,CAB-07,Cabo Trançado de Sinalização,need-to-have,13,0,4,,0
139,2024-05-18,VLV-11,Válvula de Pressão dos Porões,must-have,35,0,30,,0
140,2024-05-19,CAB-07,Cabo Trançado de Sinalização,need-to-have,4,0,1,,0
140,2024-05-19,VLV-11,Válvula de Pressão dos Porões,must-have,30,0,24,,0
141,2024-05-20,CAB-07,Cabo Trançado de Sinalização,need-to-have,1,0,0,,0
141,2024-05-20,VLV-11,Válvula de Pressão dos Porões,must-have,24,0,16,,0
142,2024-05-21,CAB-07,Cabo Trançado de Sinalização,need-to-have,0,0,0,,0
142,2024-05-21,VLV-11,Válvula de Pressão dos Porões,must-have,16,0,9,,0
143,2024-05-22,CAB-07,Cabo Trançado de Sinalização,need-to-have,0,0,0,,0
143,2024-05-22,VLV-11,Válvula de Pressão dos Porões,must-have,9,0,0,,0
144,2024-05-23,CAB-07,Cabo Trançado de Sinalização,need-to-have,0,0,0,,0
144,2024-05-23,VLV-11,Válvula de Pressão dos Porões,must-have,0,0,0,,0
145,2024-05-24,CAB-07,Cabo Trançado de Sinalização,need-to-have,0,0,0,,0
145,2024-05-24,VLV-11,Válvula de Pressão dos Porões,must-have,0,0,0,,0
146,2024-05-25,CAB-07,Cabo Trançado de Sinalização,need-to-have,0,46,43,CAB-07-PO011,0
146,2024-05-25,VLV-11,Válvula de Pressão dos Porões,must-have,0,67,59,VLV-11-PO011,0
147,2024-05-26,CAB-07,Cabo Trançado de Sinalização,need-to-have,43,0,36,,0
147,2024-05-26,VLV-11,Válvula de Pressão dos Porões,must-have,59,0,53,,0
148,2024-05-27,CAB-07,Cabo Trançado de Sinalização,need-to-have,36,0,32,,0
148,2024-05-27,VLV-11,Válvula de Pressão dos Porões,must-have,53,0,46,,0
149,2024-05-28,CAB-07,Cabo Trançado de Sinalização,need-to-have,32,0,25,,40
149,2024-05-28,VLV-11,Válvula de Pressão dos Porões,must-have,46,0,41,,0
150,2024-05-29,CAB-07,Cabo Trançado de Sinalização,need-to-have,25,0,19,,0
150,2024-05-29,VLV-11,Válvula de Pressão dos Porões,must-have,41,0,37,,62
151,2024-05-30,CAB-07,Cabo Trançado de Sinalização,need-to-have,19,0,15,,0
151,2024-05-30,VLV-11,Válvula de Pressão dos Porões,must-have,37,0,31,,0
152,2024-05-31,CAB-07,Cabo Trançado de Sinalização,need-to-have,15,0,8,,0
152,2024-05-31,VLV-11,Válvula de Pressão dos Porões,must-have,31,0,26,,0
153,2024-06-01,CAB-07,Cabo Trançado de Sinalização,need-to-have,8,40,42,CAB-07-PO012,0
153,2024-06-01,VLV-11,Válvula de Pressão dos Porões,must-have,26,0,16,,0
154,2024-06-02,CAB-07,Cabo Trançado de Sinalização,need-to-have,42,0,36,,0
154,2024-06-02,VLV-11,Válvula de Pressão dos Porões,must-have,16,0,8,,0
155,2024-06-03,CAB-07,Cabo Trançado de Sinalização,need-to-have,36,0,31,,0
155,2024-06-03,VLV-11,Válvula de Pressão dos Porões,must-have,8,0,2,,0
156,2024-06-04,CAB-07,Cabo Trançado de Sinalização,need-to-have,31,0,25,,40
156,2024-06-04,VLV-11,Válvula de Pressão dos Porões,must-have,2,0,0,,0
157,2024-06-05,CAB-07,Cabo Trançado de Sinalização,need-to-have,25,0,21,,0
157,2024-06-05,VLV-11,Válvula de Pressão dos Porões,must-have,0,0,0,,0
158,2024-06-06,CAB-07,Cabo Trançado de Sinalização,need-to-have,21,0,15,,0
158,2024-06-06,VLV-11,Válvula de Pressão dos Porões,must-have,0,0,0,,0
159,2024-06-07,CAB-07,Cabo Trançado de Sinalização,need-to-have,15,0,9,,0
159,2024-06-07,VLV-11,Válvula de Pressão dos Porões,must-have,0,62,56,VLV-11-PO012,0
160,2024-06-08,CAB-07,Cabo Trançado de Sinalização,need-to-have,9,0,4,,0
160,2024-06-08,VLV-11,Válvula de Pressão dos Porões,must-have,56,0,51,,0
161,2024-06-09,CAB-07,Cabo Trançado de Sinalização,need-to-have,4,0,0,,0
161,2024-06-09,VLV-11,Válvula de Pressão dos Porões,must-have,51,0,44,,0
162,2024-06-10,CAB-07,Cabo Trançado de Sinalização,need-to-have,0,0,0,,0
162,2024-06-10,VLV-11,Válvula de Pressão dos Porões,must-have,44,0,33,,62
163,2024-06-11,CAB-07,Cabo Trançado de Sinalização,need-to-have,0,0,0,,0
163,2024-06-11,VLV-11,Válvula de Pressão dos Porões,must-have,33,0,28,,0
164,2024-06-12,CAB-07,Cabo Trançado de Sinalização,need-to-have,0,0,0,,0
164,2024-06-12,VLV-11,Válvula de Pressão dos Porões,must-have,28,0,25,,0
165,2024-06-13,CAB-07,Cabo Trançado de Sinalização,need-to-have,0,40,36,CAB-07-PO013,0
165,2024-06-13,VLV-11,Válvula de Pressão dos Porões,must-have,25,0,22,,0
166,2024-06-14,CAB-07,Cabo Trançado de Sinalização,need-to-have,36,0,33,,0
166,2024-06-14,VLV-11,Válvula de Pressão dos Porões,must-have,22,0,15,,0
167,2024-06-15,CAB-07,Cabo Trançado de Sinalização,need-to-have,33,0,30,,0
167,2024-06-15,VLV-11,Válvula de Pressão dos Porões,must-have,15,0,11,,0
168,2024-06-16,CAB-07,Cabo Trançado de Sinalização,need-to-have,30,0,25,,46
168,2024-06-16,VLV-11,Válvula de Pressão dos Porões,must-have,11,0,5,,0
169,2024-06-17,CAB-07,Cabo Trançado de Sinalização,need-to-have,25,0,20,,0
169,2024-06-17,VLV-11,Válvula de Pressão dos Porões,must-have,5,0,2,,0
170,2024-06-18,CAB-07,Cabo Trançado de Sinalização,need-to-have,20,0,14,,0
170,2024-06-18,VLV-11,Válvula de Pressão dos Porões,must-have,2,0,0,,0
171,2024-06-19,CAB-07,Cabo Trançado de Sinalização,need-to-have,14,0,11,,0
171,2024-06-19,VLV-11,Válvula de Pressão dos Porões,must-have,0,0,0,,0
172,2024-06-20,CAB-07,Cabo Trançado de Sinalização,need-to-have,11,0,6,,0
172,2024-06-20,VLV-11,Válvula de Pressão dos Porões,must-have,0,62,55,VLV-11-PO013,0
173,2024-06-21,CAB-07,Cabo Trançado de Sinalização,need-to-have,6,0,0,,0
173,2024-06-21,VLV-11,Válvula de Pressão dos Porões,must-have,55,0,52,,0
174,2024-06-22,CAB-07,Cabo Trançado de Sinalização,need-to-have,0,0,0,,0
174,2024-06-22,VLV-11,Válvula de Pressão dos Porões,must-have,52,0,45,,0
175,2024-06-23,CAB-07,Cabo Trançado de Sinalização,need-to-have,0,0,0,,0
175,2024-06-23,VLV-11,Válvula de Pressão dos Porões,must-have,45,0,39,,68
176,2024-06-24,CAB-07,Cabo Trançado de Sinalização,need-to-have,0,46,42,CAB-07-PO014,0
176,2024-06-24,VLV-11,Válvula de Pressão dos Porões,must-have,39,0,33,,0
177,2024-06-25,CAB-07,Cabo Trançado de Sinalização,need-to-have,42,0,42,,0
177,2024-06-25,VLV-11,Válvula de Pressão dos Porões,must-have,33,0,24,,0
178,2024-06-26,CAB-07,Cabo Trançado de Sinalização,need-to-have,42,0,36,,0
178,2024-06-26,VLV-11,Válvula de Pressão dos Porões,must-have,24,0,18,,0
179,2024-06-27,CAB-07,Cabo Trançado de Sinalização,need-to-have,36,0,34,,0
179,2024-06-27,VLV-11,Válvula de Pressão dos Porões,must-have,18,0,15,,0
180,2024-06-28,CAB-07,Cabo Trançado de Sinalização,need-to-have,34,0,27,,0
180,2024-06-28,VLV-11,Válvula de Pressão dos Porões,must-have,15,0,7,,0
181,2024-06-29,CAB-07,Cabo Trançado de Sinalização,need-to-have,27,0,21,,43
181,2024-06-29,VLV-11,Válvula de Pressão dos Porões,must-have,7,0,0,,0
182,2024-06-30,CAB-07,Cabo Trançado de Sinalização,need-to-have,21,0,16,,0
182,2024-06-30,VLV-11,Válvula de Pressão dos Porões,must-have,0,0,0,,0
183,2024-07-01,CAB-07,Cabo Trançado de Sinalização,need-to-have,16,0,14,,0
183,2024-07-01,VLV-11,Válvula de Pressão dos Porões,must-have,0,0,0,,0
184,2024-07-02,CAB-07,Cabo Trançado de Sinalização,need-to-have,14,0,9,,0
184,2024-07-02,VLV-11,Válvula de Pressão dos Porões,must-have,0,0,0,,0
185,2024-07-03,CAB-07,Cabo Trançado de Sinalização,need-to-have,9,0,7,,0
185,2024-07-03,VLV-11,Válvula de Pressão dos Porões,must-have,0,68,65,VLV-11-PO014,0
186,2024-07-04,CAB-07,Cabo Trançado de Sinalização,need-to-have,7,0,2,,0
186,2024-07-04,VLV-11,Válvula de Pressão dos Porões,must-have,65,0,58,,0
187,2024-07-05,CAB-07,Cabo Trançado de Sinalização,need-to-have,2,0,0,,0
187,2024-07-05,VLV-11,Válvula de Pressão dos Porões,must-have,58,0,52,,0
188,2024-07-06,CAB-07,Cabo Trançado de Sinalização,need-to-have,0,0,0,,0
188,2024-07-06,VLV-11,Válvula de Pressão dos Porões,must-have,52,0,44,,0
189,2024-07-07,CAB-07,Cabo Trançado de Sinalização,need-to-have,0,0,0,,0
189,2024-07-07,VLV-11,Válvula de Pressão dos Porões,must-have,44,0,40,,62
190,2024-07-08,CAB-07,Cabo Trançado de Sinalização,need-to-have,0,0,0,,0
190,2024-07-08,VLV-11,Válvula de Pressão dos Porões,must-have,40,0,36,,0
191,2024-07-09,CAB-07,Cabo Trançado de Sinalização,need-to-have,0,0,0,,0
191,2024-07-09,VLV-11,Válvula de Pressão dos Porões,must-have,36,0,30,,0
192,2024-07-10,CAB-07,Cabo Trançado de Sinalização,need-to-have,0,0,0,,0
192,2024-07-10,VLV-11,Válvula de Pressão dos Porões,must-have,30,0,23,,0
193,2024-07-11,CAB-07,Cabo Trançado de Sinalização,need-to-have,0,43,37,CAB-07-PO015,0
193,2024-07-11,VLV-11,Válvula de Pressão dos Porões,must-have,23,0,15,,0
194,2024-07-12,CAB-07,Cabo Trançado de Sinalização,need-to-have,37,0,35,,0
194,2024-07-12,VLV-11,Válvula de Pressão dos Porões,must-have,15,0,7,,0
195,2024-07-13,CAB-07,Cabo Trançado de Sinalização,need-to-have,35,0,29,,0
195,2024-07-13,VLV-11,Válvula de Pressão dos Porões,must-have,7,0,0,,0
196,2024-07-14,CAB-07,Cabo Trançado de Sinalização,need-to-have,29,0,26,,42
196,2024-07-14,VLV-11,Válvula de Pressão dos Porões,must-have,0,0,0,,0
197,2024-07-15,CAB-07,Cabo Trançado de Sinalização,need-to-have,26,0,20,,0
197,2024-07-15,VLV-11,Válvula de Pressão dos Porões,must-have,0,0,0,,0
198,2024-07-16,CAB-07,Cabo Trançado de Sinalização,need-to-have,20,0,13,,0
198,2024-07-16,VLV-11,Válvula de Pressão dos Porões,must-have,0,62,54,VLV-11-PO015,0
199,2024-07-17,CAB-07,Cabo Trançado de Sinalização,need-to-have,13,0,7,,0
199,2024-07-17,VLV-11,Válvula de Pressão dos Porões,must-have,54,0,49,,0
200,2024-07-18,CAB-07,Cabo Trançado de Sinalização,need-to-have,7,0,4,,0
200,2024-07-18,VLV-11,Válvula de Pressão dos Porões,must-have,49,0,41,,0
201,2024-07-19,CAB-07,Cabo Trançado de Sinalização,need-to-have,4,0,3,,0
201,2024-07-19,VLV-11,Válvula de Pressão dos Porões,must-have,41,0,38,,63
202,2024-07-20,CAB-07,Cabo Trançado de Sinalização,need-to-have,3,0,0,,0
202,2024-07-20,VLV-11,Válvula de Pressão dos Porões,must-have,38,0,32,,0
203,2024-07-21,CAB-07,Cabo Trançado de Sinalização,need-to-have,0,0,0,,0
203,2024-07-21,VLV-11,Válvula de Pressão dos Porões,must-have,32,0,26,,0
204,2024-07-22,CAB-07,Cabo Trançado de Sinalização,need-to-have,0,0,0,,0
204,2024-07-22,VLV-11,Válvula de Pressão dos Porões,must-have,26,0,15,,0
205,2024-07-23,CAB-07,Cabo Trançado de Sinalização,need-to-have,0,0,0,,0
205,2024-07-23,VLV-11,Válvula de Pressão dos Porões,must-have,15,0,10,,0
206,2024-07-24,CAB-07,Cabo Trançado de Sinalização,need-to-have,0,0,0,,0
206,2024-07-24,VLV-11,Válvula de Pressão dos Porões,must-have,10,0,1,,0
207,2024-07-25,CAB-07,Cabo Trançado de Sinalização,need-to-have,0,0,0,,0
207,2024-07-25,VLV-11,Válvula de Pressão dos Porões,must-have,1,0,0,,0
208,2024-07-26,CAB-07,Cabo Trançado de Sinalização,need-to-have,0,0,0,,0
208,2024-07-26,VLV-11,Válvula de Pressão dos Porões,must-have,0,0,0,,0
209,2024-07-27,CAB-07,Cabo Trançado de Sinalização,need-to-have,0,0,0,,0
209,2024-07-27,VLV-11,Válvula de Pressão dos Porões,must-have,0,0,0,,0
210,2024-07-28,CAB-07,Cabo Trançado de Sinalização,need-to-have,0,0,0,,0
210,2024-07-28,VLV-11,Válvula de Pressão dos Porões,must-have,0,0,0,,0
211,2024-07-29,CAB-07,Cabo Trançado de Sinalização,need-to-have,0,42,36,CAB-07-PO016,0
211,2024-07-29,VLV-11,Válvula de Pressão dos Porões,must-have,0,0,0,,0
212,2024-07-30,CAB-07,Cabo Trançado de Sinalização,need-to-have,36,0,32,,0
212,2024-07-30,VLV-11,Válvula de Pressão dos Porões,must-have,0,0,0,,0
213,2024-07-31,CAB-07,Cabo Trançado de Sinalização,need-to-have,32,0,27,,0
213,2024-07-31,VLV-11,Válvula de Pressão dos Porões,must-have,0,0,0,,0
214,2024-08-01,CAB-07,Cabo Trançado de Sinalização,need-to-have,27,0,22,,45
214,2024-08-01,VLV-11,Válvula de Pressão dos Porões,must-have,0,0,0,,0
215,2024-08-02,CAB-07,Cabo Trançado de Sinalização,need-to-have,22,0,18,,0
215,2024-08-02,VLV-11,Válvula de Pressão dos Porões,must-have,0,63,58,VLV-11-PO016,0
216,2024-08-03,CAB-07,Cabo Trançado de Sinalização,need-to-have,18,0,12,,0
216,2024-08-03,VLV-11,Válvula de Pressão dos Porões,must-have,58,0,54,,0
217,2024-08-04,CAB-07,Cabo Trançado de Sinalização,need-to-have,12,0,6,,0
217,2024-08-04,VLV-11,Válvula de Pressão dos Porões,must-have,54,0,47,,0
218,2024-08-05,CAB-07,Cabo Trançado de Sinalização,need-to-have,6,0,3,,0
218,2024-08-05,VLV-11,Válvula de Pressão dos Porões,must-have,47,0,41,,0
219,2024-08-06,CAB-07,Cabo Trançado de Sinalização,need-to-have,3,0,1,,0
219,2024-08-06,VLV-11,Válvula de Pressão dos Porões,must-have,41,0,35,,64
220,2024-08-07,CAB-07,Cabo Trançado de Sinalização,need-to-have,1,0,0,,0
220,2024-08-07,VLV-11,Válvula de Pressão dos Porões,must-have,35,0,28,,0
221,2024-08-08,CAB-07,Cabo Trançado de Sinalização,need-to-have,0,0,0,,0
221,2024-08-08,VLV-11,Válvula de Pressão dos Porões,must-have,28,0,21,,0
222,2024-08-09,CAB-07,Cabo Trançado de Sinalização,need-to-have,0,0,0,,0
222,2024-08-09,VLV-11,Válvula de Pressão dos Porões,must-have,21,0,17,,0
223,2024-08-10,CAB-07,Cabo Trançado de Sinalização,need-to-have,0,0,0,,0
223,2024-08-10,VLV-11,Válvula de Pressão dos Porões,must-have,17,0,10,,0
224,2024-08-11,CAB-07,Cabo Trançado de Sinalização,need-to-have,0,0,0,,0
224,2024-08-11,VLV-11,Válvula de Pressão dos Porões,must-have,10,0,3,,0
225,2024-08-12,CAB-07,Cabo Trançado de Sinalização,need-to-have,0,0,0,,0
225,2024-08-12,VLV-11,Válvula de Pressão dos Porões,must-have,3,0,1,,0
226,2024-08-13,CAB-07,Cabo Trançado de Sinalização,need-to-have,0,0,0,,0
226,2024-08-13,VLV-11,Válvula de Pressão dos Porões,must-have,1,0,0,,0
227,2024-08-14,CAB-07,Cabo Trançado de Sinalização,need-to-have,0,43,39,CAB-07-PO017,0
227,2024-08-14,VLV-11,Válvula de Pressão dos Porões,must-have,0,0,0,,0
228,2024-08-15,CAB-07,Cabo Trançado de Sinalização,need-to-have,39,0,33,,0
228,2024-08-15,VLV-11,Válvula de Pressão dos Porões,must-have,0,0,0,,0
229,2024-08-16,CAB-07,Cabo Trançado de Sinalização,need-to-have,33,0,29,,0
229,2024-08-16,VLV-11,Válvula de Pressão dos Porões,must-have,0,0,0,,0
230,2024-08-17,CAB-07,Cabo Trançado de Sinalização,need-to-have,29,0,24,,41
230,2024-08-17,VLV-11,Válvula de Pressão dos Porões,must-have,0,0,0,,0
231,2024-08-18,CAB-07,Cabo Trançado de Sinalização,need-to-have,24,0,22,,0
231,2024-08-18,VLV-11,Válvula de Pressão dos Porões,must-have,0,0,0,,0
232,2024-08-19,CAB-07,Cabo Trançado de Sinalização,need-to-have,22,0,19,,0
232,2024-08-19,VLV-11,Válvula de Pressão dos Porões,must-have,0,64,56,VLV-11-PO017,0
233,2024-08-20,CAB-07,Cabo Trançado de Sinalização,need-to-have,19,0,13,,0
233,2024-08-20,VLV-11,Válvula de Pressão dos Porões,must-have,56,0,49,,0
234,2024-08-21,CAB-07,Cabo Trançado de Sinalização,need-to-have,13,0,8,,0
234,2024-08-21,VLV-11,Válvula de Pressão dos Porões,must-have,49,0,41,,0
235,2024-08-22,CAB-07,Cabo Trançado de Sinalização,need-to-have,8,0,2,,0
235,2024-08-22,VLV-11,Válvula de Pressão dos Porões,must-have,41,0,32,,70
236,2024-08-23,CAB-07,Cabo Trançado de Sinalização,need-to-have,2,0,0,,0
236,2024-08-23,VLV-11,Válvula de Pressão dos Porões,must-have,32,0,24,,0
237,2024-08-24,CAB-07,Cabo Trançado de Sinalização,need-to-have,0,0,0,,0
237,2024-08-24,VLV-11,Válvula de Pressão dos Porões,must-have,24,0,20,,0
238,2024-08-25,CAB-07,Cabo Trançado de Sinalização,need-to-have,0,0,0,,0
238,2024-08-25,VLV-11,Válvula de Pressão dos Porões,must-have,20,0,16,,0
239,2024-08-26,CAB-07,Cabo Trançado de Sinalização,need-to-have,0,0,0,,0
239,2024-08-26,VLV-11,Válvula de Pressão dos Porões,must-have,16,0,9,,0
240,2024-08-27,CAB-07,Cabo Trançado de Sinalização,need-to-have,0,41,37,CAB-07-PO018,0
240,2024-08-27,VLV-11,Válvula de Pressão dos Porões,must-have,9,0,4,,0
241,2024-08-28,CAB-07,Cabo Trançado de Sinalização,need-to-have,37,0,33,,0
241,2024-08-28,VLV-11,Válvula de Pressão dos Porões,must-have,4,0,0,,0
242,2024-08-29,CAB-07,Cabo Trançado de Sinalização,need-to-have,33,0,27,,0
242,2024-08-29,VLV-11,Válvula de Pressão dos Porões,must-have,0,0,0,,0
243,2024-08-30,CAB-07,Cabo Trançado de Sinalização,need-to-have,27,0,20,,41
243,2024-08-30,VLV-11,Válvula de Pressão dos Porões,must-have,0,0,0,,0
244,2024-08-31,CAB-07,Cabo Trançado de Sinalização,need-to-have,20,0,14,,0
244,2024-08-31,VLV-11,Válvula de Pressão dos Porões,must-have,0,70,63,VLV-11-PO018,0
245,2024-09-01,CAB-07,Cabo Trançado de Sinalização,need-to-have,14,0,9,,0
245,2024-09-01,VLV-11,Válvula de Pressão dos Porões,must-have,63,0,55,,0
246,2024-09-02,CAB-07,Cabo Trançado de Sinalização,need-to-have,9,0,5,,0
246,2024-09-02,VLV-11,Válvula de Pressão dos Porões,must-have,55,0,47,,0
247,2024-09-03,CAB-07,Cabo Trançado de Sinalização,need-to-have,5,0,3,,0
247,2024-09-03,VLV-11,Válvula de Pressão dos Porões,must-have,47,0,43,,0
248,2024-09-04,CAB-07,Cabo Trançado de Sinalização,need-to-have,3,0,0,,0
248,2024-09-04,VLV-11,Válvula de Pressão dos Porões,must-have,43,0,39,,58
249,2024-09-05,CAB-07,Cabo Trançado de Sinalização,need-to-have,0,0,0,,0
249,2024-09-05,VLV-11,Válvula de Pressão dos Porões,must-have,39,0,33,,0
250,2024-09-06,CAB-07,Cabo Trançado de Sinalização,need-to-have,0,0,0,,0
250,2024-09-06,VLV-11,Válvula de Pressão dos Porões,must-have,33,0,25,,0
251,2024-09-07,CAB-07,Cabo Trançado de Sinalização,need-to-have,0,0,0,,0
251,2024-09-07,VLV-11,Válvula de Pressão dos Porões,must-have,25,0,20,,0
252,2024-09-08,CAB-07,Cabo Trançado de Sinalização,need-to-have,0,0,0,,0
252,2024-09-08,VLV-11,Válvula de Pressão dos Porões,must-have,20,0,13,,0
253,2024-09-09,CAB-07,Cabo Trançado de Sinalização,need-to-have,0,0,0,,0
253,2024-09-09,VLV-11,Válvula de Pressão dos Porões,must-have,13,0,7,,0
254,2024-09-10,CAB-07,Cabo Trançado de Sinalização,need-to-have,0,0,0,,0
254,2024-09-10,VLV-11,Válvula de Pressão dos Porões,must-have,7,0,0,,0
255,2024-09-11,CAB-07,Cabo Trançado de Sinalização,need-to-have,0,0,0,,0
255,2024-09-11,VLV-11,Válvula de Pressão dos Porões,must-have,0,0,0,,0
256,2024-09-12,CAB-07,Cabo Trançado de Sinalização,need-to-have,0,0,0,,0
256,2024-09-12,VLV-11,Válvula de Pressão dos Porões,must-have,0,0,0,,0
257,2024-09-13,CAB-07,Cabo Trançado de Sinalização,need-to-have,0,41,38,CAB-07-PO019,0
257,2024-09-13,VLV-11,Válvula de Pressão dos Porões,must-have,0,0,0,,0
258,2024-09-14,CAB-07,Cabo Trançado de Sinalização,need-to-have,38,0,36,,0
258,2024-09-14,VLV-11,Válvula de Pressão dos Porões,must-have,0,58,49,VLV-11-PO019,0
259,2024-09-15,CAB-07,Cabo Trançado de Sinalização,need-to-have,36,0,33,,0
259,2024-09-15,VLV-11,Válvula de Pressão dos Porões,must-have,49,0,46,,0
260,2024-09-16,CAB-07,Cabo Trançado de Sinalização,need-to-have,33,0,27,,0
260,2024-09-16,VLV-11,Válvula de Pressão dos Porões,must-have,46,0,41,,0
261,2024-09-17,CAB-07,Cabo Trançado de Sinalização,need-to-have,27,0,26,,41
261,2024-09-17,VLV-11,Válvula de Pressão dos Porões,must-have,41,0,35,,60
262,2024-09-18,CAB-07,Cabo Trançado de Sinalização,need-to-have,26,0,23,,0
262,2024-09-18,VLV-11,Válvula de Pressão dos Porões,must-have,35,0,26,,0
263,2024-09-19,CAB-07,Cabo Trançado de Sinalização,need-to-have,23,0,17,,0
263,2024-09-19,VLV-11,Válvula de Pressão dos Porões,must-have,26,0,19,,0
264,2024-09-20,CAB-07,Cabo Trançado de Sinalização,need-to-have,17,0,13,,0
264,2024-09-20,VLV-11,Válvula de Pressão dos Porões,must-have,19,0,13,,0
265,2024-09-21,CAB-07,Cabo Trançado de Sinalização,need-to-have,13,0,8,,0
265,2024-09-21,VLV-11,Válvula de Pressão dos Porões,must-have,13,0,4,,0
266,2024-09-22,CAB-07,Cabo Trançado de Sinalização,need-to-have,8,0,3,,0
266,2024-09-22,VLV-11,Válvula de Pressão dos Porões,must-have,4,0,0,,0
267,2024-09-23,CAB-07,Cabo Trançado de Sinalização,need-to-have,3,0,0,,0
267,2024-09-23,VLV-11,Válvula de Pressão dos Porões,must-have,0,0,0,,0
268,2024-09-24,CAB-07,Cabo Trançado de Sinalização,need-to-have,0,41,38,CAB-07-PO020,0
268,2024-09-24,VLV-11,Válvula de Pressão dos Porões,must-have,0,0,0,,0
269,2024-09-25,CAB-07,Cabo Trançado de Sinalização,need-to-have,38,0,34,,0
269,2024-09-25,VLV-11,Válvula de Pressão dos Porões,must-have,0,0,0,,0
270,2024-09-26,CAB-07,Cabo Trançado de Sinalização,need-to-have,34,0,27,,0
270,2024-09-26,VLV-11,Válvula de Pressão dos Porões,must-have,0,0,0,,0
271,2024-09-27,CAB-07,Cabo Trançado de Sinalização,need-to-have,27,0,24,,43
271,2024-09-27,VLV-11,Válvula de Pressão dos Porões,must-have,0,0,0,,0
272,2024-09-28,CAB-07,Cabo Trançado de Sinalização,need-to-have,24,0,19,,0
272,2024-09-28,VLV-11,Válvula de Pressão dos Porões,must-have,0,60,56,VLV-11-PO020,0
273,2024-09-29,CAB-07,Cabo Trançado de Sinalização,need-to-have,19,0,16,,0
273,2024-09-29,VLV-11,Válvula de Pressão dos Porões,must-have,56,0,49,,0
274,2024-09-30,CAB-07,Cabo Trançado de Sinalização,need-to-have,16,0,11,,0
274,2024-09-30,VLV-11,Válvula de Pressão dos Porões,must-have,49,0,42,,0
275,2024-10-01,CAB-07,Cabo Trançado de Sinalização,need-to-have,11,0,5,,0
275,2024-10-01,VLV-11,Válvula de Pressão dos Porões,must-have,42,0,36,,66
276,2024-10-02,CAB-07,Cabo Trançado de Sinalização,need-to-have,5,0,2,,0
276,2024-10-02,VLV-11,Válvula de Pressão dos Porões,must-have,36,0,29,,0
277,2024-10-03,CAB-07,Cabo Trançado de Sinalização,need-to-have,2,0,0,,0
277,2024-10-03,VLV-11,Válvula de Pressão dos Porões,must-have,29,0,22,,0
278,2024-10-04,CAB-07,Cabo Trançado de Sinalização,need-to-have,0,0,0,,0
278,2024-10-04,VLV-11,Válvula de Pressão dos Porões,must-have,22,0,16,,0
279,2024-10-05,CAB-07,Cabo Trançado de Sinalização,need-to-have,0,0,0,,0
279,2024-10-05,VLV-11,Válvula de Pressão dos Porões,must-have,16,0,10,,0
280,2024-10-06,CAB-07,Cabo Trançado de Sinalização,need-to-have,0,0,0,,0
280,2024-10-06,VLV-11,Válvula de Pressão dos Porões,must-have,10,0,3,,0
281,2024-10-07,CAB-07,Cabo Trançado de Sinalização,need-to-have,0,0,0,,0
281,2024-10-07,VLV-11,Válvula de Pressão dos Porões,must-have,3,0,0,,0
282,2024-10-08,CAB-07,Cabo Trançado de Sinalização,need-to-have,0,0,0,,0
282,2024-10-08,VLV-11,Válvula de Pressão dos Porões,must-have,0,0,0,,0
283,2024-10-09,CAB-07,Cabo Trançado de Sinalização,need-to-have,0,43,36,CAB-07-PO021,0
283,2024-10-09,VLV-11,Válvula de Pressão dos Porões,must-have,0,0,0,,0
284,2024-10-10,CAB-07,Cabo Trançado de Sinalização,need-to-have,36,0,31,,0
284,2024-10-10,VLV-11,Válvula de Pressão dos Porões,must-have,0,0,0,,0
285,2024-10-11,CAB-07,Cabo Trançado de Sinalização,need-to-have,31,0,29,,0
285,2024-10-11,VLV-11,Válvula de Pressão dos Porões,must-have,0,0,0,,0
286,2024-10-12,CAB-07,Cabo Trançado de Sinalização,need-to-have,29,0,25,,41
286,2024-10-12,VLV-11,Válvula de Pressão dos Porões,must-have,0,66,60,VLV-11-PO021,0
287,2024-10-13,CAB-07,Cabo Trançado de Sinalização,need-to-have,25,0,21,,0
287,2024-10-13,VLV-11,Válvula de Pressão dos Porões,must-have,60,0,53,,0
288,2024-10-14,CAB-07,Cabo Trançado de Sinalização,need-to-have,21,0,16,,0
288,2024-10-14,VLV-11,Válvula de Pressão dos Porões,must-have,53,0,48,,0
289,2024-10-15,CAB-07,Cabo Trançado de Sinalização,need-to-have,16,0,12,,0
289,2024-10-15,VLV-11,Válvula de Pressão dos Porões,must-have,48,0,42,,0
290,2024-10-16,CAB-07,Cabo Trançado de Sinalização,need-to-have,12,0,11,,0
290,2024-10-16,VLV-11,Válvula de Pressão dos Porões,must-have,42,0,32,,64
291,2024-10-17,CAB-07,Cabo Trançado de Sinalização,need-to-have,11,0,6,,0
291,2024-10-17,VLV-11,Válvula de Pressão dos Porões,must-have,32,0,21,,0
292,2024-10-18,CAB-07,Cabo Trançado de Sinalização,need-to-have,6,0,1,,0
292,2024-10-18,VLV-11,Válvula de Pressão dos Porões,must-have,21,0,19,,0
293,2024-10-19,CAB-07,Cabo Trançado de Sinalização,need-to-have,1,0,0,,0
293,2024-10-19,VLV-11,Válvula de Pressão dos Porões,must-have,19,0,10,,0
294,2024-10-20,CAB-07,Cabo Trançado de Sinalização,need-to-have,0,0,0,,0
294,2024-10-20,VLV-11,Válvula de Pressão dos Porões,must-have,10,0,2,,0
295,2024-10-21,CAB-07,Cabo Trançado de Sinalização,need-to-have,0,0,0,,0
295,2024-10-21,VLV-11,Válvula de Pressão dos Porões,must-have,2,0,0,,0
296,2024-10-22,CAB-07,Cabo Trançado de Sinalização,need-to-have,0,0,0,,0
296,2024-10-22,VLV-11,Válvula de Pressão dos Porões,must-have,0,0,0,,0
297,2024-10-23,CAB-07,Cabo Trançado de Sinalização,need-to-have,0,33,32,CAB-07-PO022,0
297,2024-10-23,VLV-11,Válvula de Pressão dos Porões,must-have,0,0,0,,0
298,2024-10-24,CAB-07,Cabo Trançado de Sinalização,need-to-have,32,0,26,,40
298,2024-10-24,VLV-11,Válvula de Pressão dos Porões,must-have,0,0,0,,0
299,2024-10-25,CAB-07,Cabo Trançado de Sinalização,need-to-have,26,0,20,,0
299,2024-10-25,VLV-11,Válvula de Pressão dos Porões,must-have,0,0,0,,0
300,2024-10-26,CAB-07,Cabo Trançado de Sinalização,need-to-have,20,0,11,,0
300,2024-10-26,VLV-11,Válvula de Pressão dos Porões,must-have,0,64,58,VLV-11-PO022,0
301,2024-10-27,CAB-07,Cabo Trançado de Sinalização,need-to-have,11,0,6,,0
301,2024-10-27,VLV-11,Válvula de Pressão dos Porões,must-have,58,0,51,,0
302,2024-10-28,CAB-07,Cabo Trançado de Sinalização,need-to-have,6,0,0,,0
302,2024-10-28,VLV-11,Válvula de Pressão dos Porões,must-have,51,0,45,,0
303,2024-10-29,CAB-07,Cabo Trançado de Sinalização,need-to-have,0,0,0,,0
303,2024-10-29,VLV-11,Válvula de Pressão dos Porões,must-have,45,0,38,,58
304,2024-10-30,CAB-07,Cabo Trançado de Sinalização,need-to-have,0,0,0,,0
304,2024-10-30,VLV-11,Válvula de Pressão dos Porões,must-have,38,0,33,,0
305,2024-10-31,CAB-07,Cabo Trançado de Sinalização,need-to-have,0,0,0,,0
305,2024-10-31,VLV-11,Válvula de Pressão dos Porões,must-have,33,0,25,,0
306,2024-11-01,CAB-07,Cabo Trançado de Sinalização,need-to-have,0,0,0,,0
306,2024-11-01,VLV-11,Válvula de Pressão dos Porões,must-have,25,0,17,,0
307,2024-11-02,CAB-07,Cabo Trançado de Sinalização,need-to-have,0,0,0,,0
307,2024-11-02,VLV-11,Válvula de Pressão dos Porões,must-have,17,0,12,,0
308,2024-11-03,CAB-07,Cabo Trançado de Sinalização,need-to-have,0,0,0,,0
308,2024-11-03,VLV-11,Válvula de Pressão dos Porões,must-have,12,0,9,,0
309,2024-11-04,CAB-07,Cabo Trançado de Sinalização,need-to-have,0,40,34,CAB-07-PO023,0
309,2024-11-04,VLV-11,Válvula de Pressão dos Porões,must-have,9,0,7,,0
310,2024-11-05,CAB-07,Cabo Trançado de Sinalização,need-to-have,34,0,31,,0
310,2024-11-05,VLV-11,Válvula de Pressão dos Porões,must-have,7,0,5,,0
311,2024-11-06,CAB-07,Cabo Trançado de Sinalização,need-to-have,31,0,27,,0
311,2024-11-06,VLV-11,Válvula de Pressão dos Porões,must-have,5,0,0,,0
312,2024-11-07,CAB-07,Cabo Trançado de Sinalização,need-to-have,27,0,21,,44
312,2024-11-07,VLV-11,Válvula de Pressão dos Porões,must-have,0,0,0,,0
313,2024-11-08,CAB-07,Cabo Trançado de Sinalização,need-to-have,21,0,15,,0
313,2024-11-08,VLV-11,Válvula de Pressão dos Porões,must-have,0,0,0,,0
314,2024-11-09,CAB-07,Cabo Trançado de Sinalização,need-to-have,15,0,12,,0
314,2024-11-09,VLV-11,Válvula de Pressão dos Porões,must-have,0,0,0,,0
315,2024-11-10,CAB-07,Cabo Trançado de Sinalização,need-to-have,12,0,8,,0
315,2024-11-10,VLV-11,Válvula de Pressão dos Porões,must-have,0,58,51,VLV-11-PO023,0
316,2024-11-11,CAB-07,Cabo Trançado de Sinalização,need-to-have,8,0,5,,0
316,2024-11-11,VLV-11,Válvula de Pressão dos Porões,must-have,51,0,46,,0
317,2024-11-12,CAB-07,Cabo Trançado de Sinalização,need-to-have,5,0,0,,0
317,2024-11-12,VLV-11,Válvula de Pressão dos Porões,must-have,46,0,39,,61
318,2024-11-13,CAB-07,Cabo Trançado de Sinalização,need-to-have,0,0,0,,0
318,2024-11-13,VLV-11,Válvula de Pressão dos Porões,must-have,39,0,32,,0
319,2024-11-14,CAB-07,Cabo Trançado de Sinalização,need-to-have,0,0,0,,0
319,2024-11-14,VLV-11,Válvula de Pressão dos Porões,must-have,32,0,25,,0
320,2024-11-15,CAB-07,Cabo Trançado de Sinalização,need-to-have,0,0,0,,0
320,2024-11-15,VLV-11,Válvula de Pressão dos Porões,must-have,25,0,20,,0
321,2024-11-16,CAB-07,Cabo Trançado de Sinalização,need-to-have,0,0,0,,0
321,2024-11-16,VLV-11,Válvula de Pressão dos Porões,must-have,20,0,18,,0
322,2024-11-17,CAB-07,Cabo Trançado de Sinalização,need-to-have,0,44,38,CAB-07-PO024,0
322,2024-11-17,VLV-11,Válvula de Pressão dos Porões,must-have,18,0,10,,0
323,2024-11-18,CAB-07,Cabo Trançado de Sinalização,need-to-have,38,0,35,,0
323,2024-11-18,VLV-11,Válvula de Pressão dos Porões,must-have,10,0,3,,0
324,2024-11-19,CAB-07,Cabo Trançado de Sinalização,need-to-have,35,0,29,,0
324,2024-11-19,VLV-11,Válvula de Pressão dos Porões,must-have,3,0,0,,0
325,2024-11-20,CAB-07,Cabo Trançado de Sinalização,need-to-have,29,0,24,,44
325,2024-11-20,VLV-11,Válvula de Pressão dos Porões,must-have,0,0,0,,0
326,2024-11-21,CAB-07,Cabo Trançado de Sinalização,need-to-have,24,0,20,,0
326,2024-11-21,VLV-11,Válvula de Pressão dos Porões,must-have,0,0,0,,0
327,2024-11-22,CAB-07,Cabo Trançado de Sinalização,need-to-have,20,0,15,,0
327,2024-11-22,VLV-11,Válvula de Pressão dos Porões,must-have,0,0,0,,0
328,2024-11-23,CAB-07,Cabo Trançado de Sinalização,need-to-have,15,0,12,,0
328,2024-11-23,VLV-11,Válvula de Pressão dos Porões,must-have,0,0,0,,0
329,2024-11-24,CAB-07,Cabo Trançado de Sinalização,need-to-have,12,0,8,,0
329,2024-11-24,VLV-11,Válvula de Pressão dos Porões,must-have,0,0,0,,0
330,2024-11-25,CAB-07,Cabo Trançado de Sinalização,need-to-have,8,0,6,,0
330,2024-11-25,VLV-11,Válvula de Pressão dos Porões,must-have,0,0,0,,0
331,2024-11-26,CAB-07,Cabo Trançado de Sinalização,need-to-have,6,0,3,,0
331,2024-11-26,VLV-11,Válvula de Pressão dos Porões,must-have,0,52,47,VLV-11-PO024,0
332,2024-11-27,CAB-07,Cabo Trançado de Sinalização,need-to-have,3,44,44,CAB-07-PO025,0
332,2024-11-27,VLV-11,Válvula de Pressão dos Porões,must-have,47,0,41,,0
333,2024-11-28,CAB-07,Cabo Trançado de Sinalização,need-to-have,44,0,38,,0
333,2024-11-28,VLV-11,Válvula de Pressão dos Porões,must-have,41,0,36,,67
334,2024-11-29,CAB-07,Cabo Trançado de Sinalização,need-to-have,38,0,34,,0
334,2024-11-29,VLV-11,Válvula de Pressão dos Porões,must-have,36,0,32,,0
335,2024-11-30,CAB-07,Cabo Trançado de Sinalização,need-to-have,34,0,29,,0
335,2024-11-30,VLV-11,Válvula de Pressão dos Porões,must-have,32,0,27,,0
336,2024-12-01,CAB-07,Cabo Trançado de Sinalização,need-to-have,29,0,25,,40
336,2024-12-01,VLV-11,Válvula de Pressão dos Porões,must-have,27,0,21,,0
337,2024-12-02,CAB-07,Cabo Trançado de Sinalização,need-to-have,25,0,20,,0
337,2024-12-02,VLV-11,Válvula de Pressão dos Porões,must-have,21,0,12,,0
338,2024-12-03,CAB-07,Cabo Trançado de Sinalização,need-to-have,20,0,14,,0
338,2024-12-03,VLV-11,Válvula de Pressão dos Porões,must-have,12,0,5,,0
339,2024-12-04,CAB-07,Cabo Trançado de Sinalização,need-to-have,14,0,6,,0
339,2024-12-04,VLV-11,Válvula de Pressão dos Porões,must-have,5,0,0,,0
340,2024-12-05,CAB-07,Cabo Trançado de Sinalização,need-to-have,6,0,4,,0
340,2024-12-05,VLV-11,Válvula de Pressão dos Porões,must-have,0,0,0,,0
341,2024-12-06,CAB-07,Cabo Trançado de Sinalização,need-to-have,4,0,1,,0
341,2024-12-06,VLV-11,Válvula de Pressão dos Porões,must-have,0,0,0,,0
342,2024-12-07,CAB-07,Cabo Trançado de Sinalização,need-to-have,1,0,0,,0
342,2024-12-07,VLV-11,Válvula de Pressão dos Porões,must-have,0,0,0,,0
343,2024-12-08,CAB-07,Cabo Trançado de Sinalização,need-to-have,0,0,0,,0
343,2024-12-08,VLV-11,Válvula de Pressão dos Porões,must-have,0,67,61,VLV-11-PO025,0
344,2024-12-09,CAB-07,Cabo Trançado de Sinalização,need-to-have,0,0,0,,0
344,2024-12-09,VLV-11,Válvula de Pressão dos Porões,must-have,61,0,55,,0
345,2024-12-10,CAB-07,Cabo Trançado de Sinalização,need-to-have,0,0,0,,0
345,2024-12-10,VLV-11,Válvula de Pressão dos Porões,must-have,55,0,51,,0
346,2024-12-11,CAB-07,Cabo Trançado de Sinalização,need-to-have,0,0,0,,0
346,2024-12-11,VLV-11,Válvula de Pressão dos Porões,must-have,51,0,46,,0
347,2024-12-12,CAB-07,Cabo Trançado de Sinalização,need-to-have,0,40,32,CAB-07-PO026,0
347,2024-12-12,VLV-11,Válvula de Pressão dos Porões,must-have,46,0,42,,0
348,2024-12-13,CAB-07,Cabo Trançado de Sinalização,need-to-have,32,0,25,,41
348,2024-12-13,VLV-11,Válvula de Pressão dos Porões,must-have,42,0,37,,59
349,2024-12-14,CAB-07,Cabo Trançado de Sinalização,need-to-have,25,0,19,,0
349,2024-12-14,VLV-11,Válvula de Pressão dos Porões,must-have,37,0,31,,0
350,2024-12-15,CAB-07,Cabo Trançado de Sinalização,need-to-have,19,0,15,,0
350,2024-12-15,VLV-11,Válvula de Pressão dos Porões,must-have,31,0,26,,0
351,2024-12-16,CAB-07,Cabo Trançado de Sinalização,need-to-have,15,0,11,,0
351,2024-12-16,VLV-11,Válvula de Pressão dos Porões,must-have,26,0,22,,0
352,2024-12-17,CAB-07,Cabo Trançado de Sinalização,need-to-have,11,0,8,,0
352,2024-12-17,VLV-11,Válvula de Pressão dos Porões,must-have,22,0,17,,0
353,2024-12-18,CAB-07,Cabo Trançado de Sinalização,need-to-have,8,0,1,,0
353,2024-12-18,VLV-11,Válvula de Pressão dos Porões,must-have,17,0,13,,0
354,2024-12-19,CAB-07,Cabo Trançado de Sinalização,need-to-have,1,0,0,,0
354,2024-12-19,VLV-11,Válvula de Pressão dos Porões,must-have,13,0,7,,0
355,2024-12-20,CAB-07,Cabo Trançado de Sinalização,need-to-have,0,0,0,,0
355,2024-12-20,VLV-11,Válvula de Pressão dos Porões,must-have,7,0,0,,0
356,2024-12-21,CAB-07,Cabo Trançado de Sinalização,need-to-have,0,0,0,,0
356,2024-12-21,VLV-11,Válvula de Pressão dos Porões,must-have,0,0,0,,0
357,2024-12-22,CAB-07,Cabo Trançado de Sinalização,need-to-have,0,0,0,,0
357,2024-12-22,VLV-11,Válvula de Pressão dos Porões,must-have,0,0,0,,0
358,2024-12-23,CAB-07,Cabo Trançado de Sinalização,need-to-have,0,0,0,,0
358,2024-12-23,VLV-11,Válvula de Pressão dos Porões,must-have,0,0,0,,0
359,2024-12-24,CAB-07,Cabo Trançado de Sinalização,need-to-have,0,0,0,,0
359,2024-12-24,VLV-11,Válvula de Pressão dos Porões,must-have,0,0,0,,0
360,2024-12-25,CAB-07,Cabo Trançado de Sinalização,need-to-have,0,0,0,,0
360,2024-12-25,VLV-11,Válvula de Pressão dos Porões,must-have,0,50,45,VLV-11-PO026,0
361,2024-12-26,CAB-07,Cabo Trançado de Sinalização,need-to-have,0,0,0,,0
361,2024-12-26,VLV-11,Válvula de Pressão dos Porões,must-have,45,0,43,,0
362,2024-12-27,CAB-07,Cabo Trançado de Sinalização,need-to-have,0,0,0,,0
362,2024-12-27,VLV-11,Válvula de Pressão dos Porões,must-have,43,0,34,,69
363,2024-12-28,CAB-07,Cabo Trançado de Sinalização,need-to-have,0,33,29,CAB-07-PO027,0
363,2024-12-28,VLV-11,Válvula de Pressão dos Porões,must-have,34,0,32,,0
364,2024-12-29,CAB-07,Cabo Trançado de Sinalização,need-to-have,29,0,23,,42
364,2024-12-29,VLV-11,Válvula de Pressão dos Porões,must-have,32,0,27,,0
365,2024-12-30,CAB-07,Cabo Trançado de Sinalização,need-to-have,23,0,15,,0
365,2024-12-30,VLV-11,Válvula de Pressão dos Porões,must-have,27,0,24,,0
366,2024-12-31,CAB-07,Cabo Trançado de Sinalização,need-to-have,15,0,11,,0
366,2024-12-31,VLV-11,Válvula de Pressão dos Porões,must-have,24,0,19,,0
367,2025-01-01,CAB-07,Cabo Trançado de Sinalização,need-to-have,11,0,6,,0
367,2025-01-01,VLV-11,Válvula de Pressão dos Porões,must-have,19,0,11,,0
368,2025-01-02,CAB-07,Cabo Trançado de Sinalização,need-to-have,6,0,3,,0
368,2025-01-02,VLV-11,Válvula de Pressão dos Porões,must-have,11,0,7,,0
369,2025-01-03,CAB-07,Cabo Trançado de Sinalização,need-to-have,3,0,0,,0
369,2025-01-03,VLV-11,Válvula de Pressão dos Porões,must-have,7,0,4,,0
370,2025-01-04,CAB-07,Cabo Trançado de Sinalização,need-to-have,0,0,0,,0
370,2025-01-04,VLV-11,Válvula de Pressão dos Porões,must-have,4,0,0,,0
371,2025-01-05,CAB-07,Cabo Trançado de Sinalização,need-to-have,0,0,0,,0
371,2025-01-05,VLV-11,Válvula de Pressão dos Porões,must-have,0,0,0,,0
372,2025-01-06,CAB-07,Cabo Trançado de Sinalização,need-to-have,0,0,0,,0
372,2025-01-06,VLV-11,Válvula de Pressão dos Porões,must-have,0,0,0,,0
373,2025-01-07,CAB-07,Cabo Trançado de Sinalização,need-to-have,0,0,0,,0
373,2025-01-07,VLV-11,Válvula de Pressão dos Porões,must-have,0,0,0,,0
374,2025-01-08,CAB-07,Cabo Trançado de Sinalização,need-to-have,0,0,0,,0
374,2025-01-08,VLV-11,Válvula de Pressão dos Porões,must-have,0,0,0,,0
375,2025-01-09,CAB-07,Cabo Trançado de Sinalização,need-to-have,0,0,0,,0
375,2025-01-09,VLV-11,Válvula de Pressão dos Porões,must-have,0,0,0,,0
376,2025-01-10,CAB-07,Cabo Trançado de Sinalização,need-to-have,0,0,0,,0
376,2025-01-10,VLV-11,Válvula de Pressão dos Porões,must-have,0,0,0,,0
377,2025-01-11,CAB-07,Cabo Trançado de Sinalização,need-to-have,0,0,0,,0
377,2025-01-11,VLV-11,Válvula de Pressão dos Porões,must-have,0,62,58,VLV-11-PO027,0
378,2025-01-12,CAB-07,Cabo Trançado de Sinalização,need-to-have,0,0,0,,0
378,2025-01-12,VLV-11,Válvula de Pressão dos Porões,must-have,58,0,52,,0
379,2025-01-13,CAB-07,Cabo Trançado de Sinalização,need-to-have,0,42,38,CAB-07-PO028,0
379,2025-01-13,VLV-11,Válvula de Pressão dos Porões,must-have,52,0,46,,0
380,2025-01-14,CAB-07,Cabo Trançado de Sinalização,need-to-have,38,0,28,,0
380,2025-01-14,VLV-11,Válvula de Pressão dos Porões,must-have,46,0,39,,60
381,2025-01-15,CAB-07,Cabo Trançado de Sinalização,need-to-have,28,0,26,,42
381,2025-01-15,VLV-11,Válvula de Pressão dos Porões,must-have,39,0,31,,0
382,2025-01-16,CAB-07,Cabo Trançado de Sinalização,need-to-have,26,0,22,,0
382,2025-01-16,VLV-11,Válvula de Pressão dos Porões,must-have,31,0,24,,0
383,2025-01-17,CAB-07,Cabo Trançado de Sinalização,need-to-have,22,0,21,,0
383,2025-01-17,VLV-11,Válvula de Pressão dos Porões,must-have,24,0,19,,0
384,2025-01-18,CAB-07,Cabo Trançado de Sinalização,need-to-have,21,0,16,,0
384,2025-01-18,VLV-11,Válvula de Pressão dos Porões,must-have,19,0,14,,0
385,2025-01-19,CAB-07,Cabo Trançado de Sinalização,need-to-have,16,0,10,,0
385,2025-01-19,VLV-11,Válvula de Pressão dos Porões,must-have,14,0,6,,0
386,2025-01-20,CAB-07,Cabo Trançado de Sinalização,need-to-have,10,0,4,,0
386,2025-01-20,VLV-11,Válvula de Pressão dos Porões,must-have,6,0,2,,0
387,2025-01-21,CAB-07,Cabo Trançado de Sinalização,need-to-have,4,0,0,,0
387,2025-01-21,VLV-11,Válvula de Pressão dos Porões,must-have,2,0,0,,0
388,2025-01-22,CAB-07,Cabo Trançado de Sinalização,need-to-have,0,0,0,,0
388,2025-01-22,VLV-11,Válvula de Pressão dos Porões,must-have,0,0,0,,0
389,2025-01-23,CAB-07,Cabo Trançado de Sinalização,need-to-have,0,0,0,,0
389,2025-01-23,VLV-11,Válvula de Pressão dos Porões,must-have,0,0,0,,0
390,2025-01-24,CAB-07,Cabo Trançado de Sinalização,need-to-have,0,0,0,,0
390,2025-01-24,VLV-11,Válvula de Pressão dos Porões,must-have,0,60,53,VLV-11-PO028,0
391,2025-01-25,CAB-07,Cabo Trançado de Sinalização,need-to-have,0,0,0,,0
391,2025-01-25,VLV-11,Válvula de Pressão dos Porões,must-have,53,0,47,,0
392,2025-01-26,CAB-07,Cabo Trançado de Sinalização,need-to-have,0,42,36,CAB-07-PO029,0
392,2025-01-26,VLV-11,Válvula de Pressão dos Porões,must-have,47,0,41,,0
393,2025-01-27,CAB-07,Cabo Trançado de Sinalização,need-to-have,36,0,29,,0
393,2025-01-27,VLV-11,Válvula de Pressão dos Porões,must-have,41,0,33,,62
394,2025-01-28,CAB-07,Cabo Trançado de Sinalização,need-to-have,29,0,27,,0
394,2025-01-28,VLV-11,Válvula de Pressão dos Porões,must-have,33,0,27,,0
395,2025-01-29,CAB-07,Cabo Trançado de Sinalização,need-to-have,27,0,22,,39
395,2025-01-29,VLV-11,Válvula de Pressão dos Porões,must-have,27,0,21,,0
396,2025-01-30,CAB-07,Cabo Trançado de Sinalização,need-to-have,22,0,20,,0
396,2025-01-30,VLV-11,Válvula de Pressão dos Porões,must-have,21,0,16,,0
397,2025-01-31,CAB-07,Cabo Trançado de Sinalização,need-to-have,20,0,12,,0
397,2025-01-31,VLV-11,Válvula de Pressão dos Porões,must-have,16,0,6,,0
398,2025-02-01,CAB-07,Cabo Trançado de Sinalização,need-to-have,12,0,8,,0
398,2025-02-01,VLV-11,Válvula de Pressão dos Porões,must-have,6,0,2,,0
399,2025-02-02,CAB-07,Cabo Trançado de Sinalização,need-to-have,8,0,4,,0
399,2025-02-02,VLV-11,Válvula de Pressão dos Porões,must-have,2,50,42,VLV-11-PO029,0
400,2025-02-03,CAB-07,Cabo Trançado de Sinalização,need-to-have,4,0,0,,0
400,2025-02-03,VLV-11,Válvula de Pressão dos Porões,must-have,42,0,39,,71
401,2025-02-04,CAB-07,Cabo Trançado de Sinalização,need-to-have,0,0,0,,0
401,2025-02-04,VLV-11,Válvula de Pressão dos Porões,must-have,39,0,35,,0
402,2025-02-05,CAB-07,Cabo Trançado de Sinalização,need-to-have,0,0,0,,0
402,2025-02-05,VLV-11,Válvula de Pressão dos Porões,must-have,35,0,29,,0
403,2025-02-06,CAB-07,Cabo Trançado de Sinalização,need-to-have,0,0,0,,0
403,2025-02-06,VLV-11,Válvula de Pressão dos Porões,must-have,29,0,21,,0
404,2025-02-07,CAB-07,Cabo Trançado de Sinalização,need-to-have,0,0,0,,0
404,2025-02-07,VLV-11,Válvula de Pressão dos Porões,must-have,21,0,16,,0
405,2025-02-08,CAB-07,Cabo Trançado de Sinalização,need-to-have,0,0,0,,0
405,2025-02-08,VLV-11,Válvula de Pressão dos Porões,must-have,16,0,11,,0
406,2025-02-09,CAB-07,Cabo Trançado de Sinalização,need-to-have,0,0,0,,0
406,2025-02-09,VLV-11,Válvula de Pressão dos Porões,must-have,11,0,3,,0
407,2025-02-10,CAB-07,Cabo Trançado de Sinalização,need-to-have,0,0,0,,0
407,2025-02-10,VLV-11,Válvula de Pressão dos Porões,must-have,3,0,0,,0
408,2025-02-11,CAB-07,Cabo Trançado de Sinalização,need-to-have,0,0,0,,0
408,2025-02-11,VLV-11,Válvula de Pressão dos Porões,must-have,0,0,0,,0
409,2025-02-12,CAB-07,Cabo Trançado de Sinalização,need-to-have,0,39,35,CAB-07-PO030,0
409,2025-02-12,VLV-11,Válvula de Pressão dos Porões,must-have,0,0,0,,0
410,2025-02-13,CAB-07,Cabo Trançado de Sinalização,need-to-have,35,0,33,,0
410,2025-02-13,VLV-11,Válvula de Pressão dos Porões,must-have,0,0,0,,0
411,2025-02-14,CAB-07,Cabo Trançado de Sinalização,need-to-have,33,0,29,,0
411,2025-02-14,VLV-11,Válvula de Pressão dos Porões,must-have,0,0,0,,0
412,2025-02-15,CAB-07,Cabo Trançado de Sinalização,need-to-have,29,0,26,,39
412,2025-02-15,VLV-11,Válvula de Pressão dos Porões,must-have,0,71,66,VLV-11-PO030,0
413,2025-02-16,CAB-07,Cabo Trançado de Sinalização,need-to-have,26,0,24,,0
413,2025-02-16,VLV-11,Válvula de Pressão dos Porões,must-have,66,0,62,,0
414,2025-02-17,CAB-07,Cabo Trançado de Sinalização,need-to-have,24,0,18,,0
414,2025-02-17,VLV-11,Válvula de Pressão dos Porões,must-have,62,0,59,,0
415,2025-02-18,CAB-07,Cabo Trançado de Sinalização,need-to-have,18,0,11,,0
415,2025-02-18,VLV-11,Válvula de Pressão dos Porões,must-have,59,0,52,,0
416,2025-02-19,CAB-07,Cabo Trançado de Sinalização,need-to-have,11,0,5,,0
416,2025-02-19,VLV-11,Válvula de Pressão dos Porões,must-have,52,0,48,,0
417,2025-02-20,CAB-07,Cabo Trançado de Sinalização,need-to-have,5,0,1,,0
417,2025-02-20,VLV-11,Válvula de Pressão dos Porões,must-have,48,0,40,,69
418,2025-02-21,CAB-07,Cabo Trançado de Sinalização,need-to-have,1,0,0,,0
418,2025-02-21,VLV-11,Válvula de Pressão dos Porões,must-have,40,0,31,,0
419,2025-02-22,CAB-07,Cabo Trançado de Sinalização,need-to-have,0,0,0,,0
419,2025-02-22,VLV-11,Válvula de Pressão dos Porões,must-have,31,0,25,,0
420,2025-02-23,CAB-07,Cabo Trançado de Sinalização,need-to-have,0,0,0,,0
420,2025-02-23,VLV-11,Válvula de Pressão dos Porões,must-have,25,0,20,,0
421,2025-02-24,CAB-07,Cabo Trançado de Sinalização,need-to-have,0,0,0,,0
421,2025-02-24,VLV-11,Válvula de Pressão dos Porões,must-have,20,0,14,,0
422,2025-02-25,CAB-07,Cabo Trançado de Sinalização,need-to-have,0,0,0,,0
422,2025-02-25,VLV-11,Válvula de Pressão dos Porões,must-have,14,0,6,,0
423,2025-02-26,CAB-07,Cabo Trançado de Sinalização,need-to-have,0,39,34,CAB-07-PO031,0
423,2025-02-26,VLV-11,Válvula de Pressão dos Porões,must-have,6,0,0,,0
424,2025-02-27,CAB-07,Cabo Trançado de Sinalização,need-to-have,34,0,31,,0
424,2025-02-27,VLV-11,Válvula de Pressão dos Porões,must-have,0,0,0,,0
425,2025-02-28,CAB-07,Cabo Trançado de Sinalização,need-to-have,31,0,27,,0
425,2025-02-28,VLV-11,Válvula de Pressão dos Porões,must-have,0,0,0,,0
426,2025-03-01,CAB-07,Cabo Trançado de Sinalização,need-to-have,27,0,22,,42
426,2025-03-01,VLV-11,Válvula de Pressão dos Porões,must-have,0,0,0,,0
427,2025-03-02,CAB-07,Cabo Trançado de Sinalização,need-to-have,22,0,17,,0
427,2025-03-02,VLV-11,Válvula de Pressão dos Porões,must-have,0,0,0,,0
428,2025-03-03,CAB-07,Cabo Trançado de Sinalização,need-to-have,17,0,12,,0
428,2025-03-03,VLV-11,Válvula de Pressão dos Porões,must-have,0,0,0,,0
429,2025-03-04,CAB-07,Cabo Trançado de Sinalização,need-to-have,12,0,5,,0
429,2025-03-04,VLV-11,Válvula de Pressão dos Porões,must-have,0,0,0,,0
430,2025-03-05,CAB-07,Cabo Trançado de Sinalização,need-to-have,5,0,0,,0
430,2025-03-05,VLV-11,Válvula de Pressão dos Porões,must-have,0,0,0,,0
431,2025-03-06,CAB-07,Cabo Trançado de Sinalização,need-to-have,0,0,0,,0
431,2025-03-06,VLV-11,Válvula de Pressão dos Porões,must-have,0,0,0,,0
432,2025-03-07,CAB-07,Cabo Trançado de Sinalização,need-to-have,0,0,0,,0
432,2025-03-07,VLV-11,Válvula de Pressão dos Porões,must-have,0,0,0,,0
433,2025-03-08,CAB-07,Cabo Trançado de Sinalização,need-to-have,0,0,0,,0
433,2025-03-08,VLV-11,Válvula de Pressão dos Porões,must-have,0,0,0,,0
434,2025-03-09,CAB-07,Cabo Trançado de Sinalização,need-to-have,0,0,0,,0
434,2025-03-09,VLV-11,Válvula de Pressão dos Porões,must-have,0,0,0,,0
435,2025-03-10,CAB-07,Cabo Trançado de Sinalização,need-to-have,0,42,39,CAB-07-PO032,0
435,2025-03-10,VLV-11,Válvula de Pressão dos Porões,must-have,0,0,0,,0
436,2025-03-11,CAB-07,Cabo Trançado de Sinalização,need-to-have,39,0,32,,0
436,2025-03-11,VLV-11,Válvula de Pressão dos Porões,must-have,0,69,64,VLV-11-PO031,0
437,2025-03-12,CAB-07,Cabo Trançado de Sinalização,need-to-have,32,0,29,,0
437,2025-03-12,VLV-11,Válvula de Pressão dos Porões,must-have,64,0,54,,0
438,2025-03-13,CAB-07,Cabo Trançado de Sinalização,need-to-have,29,0,26,,40
438,2025-03-13,VLV-11,Válvula de Pressão dos Porões,must-have,54,0,46,,0
439,2025-03-14,CAB-07,Cabo Trançado de Sinalização,need-to-have,26,0,21,,0
439,2025-03-14,VLV-11,Válvula de Pressão dos Porões,must-have,46,0,38,,65
440,2025-03-15,CAB-07,Cabo Trançado de Sinalização,need-to-have,21,0,19,,0
440,2025-03-15,VLV-11,Válvula de Pressão dos Porões,must-have,38,0,28,,0
441,2025-03-16,CAB-07,Cabo Trançado de Sinalização,need-to-have,19,0,15,,0
441,2025-03-16,VLV-11,Válvula de Pressão dos Porões,must-have,28,0,24,,0
442,2025-03-17,CAB-07,Cabo Trançado de Sinalização,need-to-have,15,0,12,,0
442,2025-03-17,VLV-11,Válvula de Pressão dos Porões,must-have,24,0,19,,0
443,2025-03-18,CAB-07,Cabo Trançado de Sinalização,need-to-have,12,0,7,,0
443,2025-03-18,VLV-11,Válvula de Pressão dos Porões,must-have,19,0,12,,0
444,2025-03-19,CAB-07,Cabo Trançado de Sinalização,need-to-have,7,0,3,,0
444,2025-03-19,VLV-11,Válvula de Pressão dos Porões,must-have,12,0,10,,0
445,2025-03-20,CAB-07,Cabo Trançado de Sinalização,need-to-have,3,0,0,,0
445,2025-03-20,VLV-11,Válvula de Pressão dos Porões,must-have,10,0,2,,0
446,2025-03-21,CAB-07,Cabo Trançado de Sinalização,need-to-have,0,0,0,,0
446,2025-03-21,VLV-11,Válvula de Pressão dos Porões,must-have,2,0,0,,0
447,2025-03-22,CAB-07,Cabo Trançado de Sinalização,need-to-have,0,32,29,CAB-07-PO033,0
447,2025-03-22,VLV-11,Válvula de Pressão dos Porões,must-have,0,0,0,,0
448,2025-03-23,CAB-07,Cabo Trançado de Sinalização,need-to-have,29,0,23,,40
448,2025-03-23,VLV-11,Válvula de Pressão dos Porões,must-have,0,0,0,,0
449,2025-03-24,CAB-07,Cabo Trançado de Sinalização,need-to-have,23,0,15,,0
449,2025-03-24,VLV-11,Válvula de Pressão dos Porões,must-have,0,0,0,,0
450,2025-03-25,CAB-07,Cabo Trançado de Sinalização,need-to-have,15,0,13,,0
450,2025-03-25,VLV-11,Válvula de Pressão dos Porões,must-have,0,65,58,VLV-11-PO032,0
451,2025-03-26,CAB-07,Cabo Trançado de Sinalização,need-to-have,13,0,10,,0
451,2025-03-26,VLV-11,Válvula de Pressão dos Porões,must-have,58,0,51,,0
452,2025-03-27,CAB-07,Cabo Trançado de Sinalização,need-to-have,10,0,6,,0
452,2025-03-27,VLV-11,Válvula de Pressão dos Porões,must-have,51,0,42,,0
453,2025-03-28,CAB-07,Cabo Trançado de Sinalização,need-to-have,6,0,2,,0
453,2025-03-28,VLV-11,Válvula de Pressão dos Porões,must-have,42,0,37,,62
454,2025-03-29,CAB-07,Cabo Trançado de Sinalização,need-to-have,2,0,0,,0
454,2025-03-29,VLV-11,Válvula de Pressão dos Porões,must-have,37,0,30,,0
455,2025-03-30,CAB-07,Cabo Trançado de Sinalização,need-to-have,0,0,0,,0
455,2025-03-30,VLV-11,Válvula de Pressão dos Porões,must-have,30,0,23,,0
456,2025-03-31,CAB-07,Cabo Trançado de Sinalização,need-to-have,0,40,35,CAB-07-PO034,0
456,2025-03-31,VLV-11,Válvula de Pressão dos Porões,must-have,23,0,10,,0
457,2025-04-01,CAB-07,Cabo Trançado de Sinalização,need-to-have,35,0,31,,0
457,2025-04-01,VLV-11,Válvula de Pressão dos Porões,must-have,10,0,3,,0
458,2025-04-02,CAB-07,Cabo Trançado de Sinalização,need-to-have,31,0,28,,0
458,2025-04-02,VLV-11,Válvula de Pressão dos Porões,must-have,3,0,0,,0
459,2025-04-03,CAB-07,Cabo Trançado de Sinalização,need-to-have,28,0,25,,47
459,2025-04-03,VLV-11,Válvula de Pressão dos Porões,must-have,0,0,0,,0
460,2025-04-04,CAB-07,Cabo Trançado de Sinalização,need-to-have,25,0,22,,0
460,2025-04-04,VLV-11,Válvula de Pressão dos Porões,must-have,0,0,0,,0
461,2025-04-05,CAB-07,Cabo Trançado de Sinalização,need-to-have,22,0,13,,0
461,2025-04-05,VLV-11,Válvula de Pressão dos Porões,must-have,0,0,0,,0
462,2025-04-06,CAB-07,Cabo Trançado de Sinalização,need-to-have,13,0,8,,0
462,2025-04-06,VLV-11,Válvula de Pressão dos Porões,must-have,0,0,0,,0
463,2025-04-07,CAB-07,Cabo Trançado de Sinalização,need-to-have,8,0,5,,0
463,2025-04-07,VLV-11,Válvula de Pressão dos Porões,must-have,0,62,56,VLV-11-PO033,0
464,2025-04-08,CAB-07,Cabo Trançado de Sinalização,need-to-have,5,0,0,,0
464,2025-04-08,VLV-11,Válvula de Pressão dos Porões,must-have,56,0,52,,0
465,2025-04-09,CAB-07,Cabo Trançado de Sinalização,need-to-have,0,0,0,,0
465,2025-04-09,VLV-11,Válvula de Pressão dos Porões,must-have,52,0,46,,0
466,2025-04-10,CAB-07,Cabo Trançado de Sinalização,need-to-have,0,0,0,,0
466,2025-04-10,VLV-11,Válvula de Pressão dos Porões,must-have,46,0,39,,58
467,2025-04-11,CAB-07,Cabo Trançado de Sinalização,need-to-have,0,0,0,,0
467,2025-04-11,VLV-11,Válvula de Pressão dos Porões,must-have,39,0,36,,0
468,2025-04-12,CAB-07,Cabo Trançado de Sinalização,need-to-have,0,0,0,,0
468,2025-04-12,VLV-11,Válvula de Pressão dos Porões,must-have,36,0,33,,0
469,2025-04-13,CAB-07,Cabo Trançado de Sinalização,need-to-have,0,47,42,CAB-07-PO035,0
469,2025-04-13,VLV-11,Válvula de Pressão dos Porões,must-have,33,0,28,,0
470,2025-04-14,CAB-07,Cabo Trançado de Sinalização,need-to-have,42,0,36,,0
470,2025-04-14,VLV-11,Válvula de Pressão dos Porões,must-have,28,0,23,,0
471,2025-04-15,CAB-07,Cabo Trançado de Sinalização,need-to-have,36,0,31,,0
471,2025-04-15,VLV-11,Válvula de Pressão dos Porões,must-have,23,0,17,,0
472,2025-04-16,CAB-07,Cabo Trançado de Sinalização,need-to-have,31,0,26,,48
472,2025-04-16,VLV-11,Válvula de Pressão dos Porões,must-have,17,0,10,,0
473,2025-04-17,CAB-07,Cabo Trançado de Sinalização,need-to-have,26,0,20,,0
473,2025-04-17,VLV-11,Válvula de Pressão dos Porões,must-have,10,0,0,,0
474,2025-04-18,CAB-07,Cabo Trançado de Sinalização,need-to-have,20,0,17,,0
474,2025-04-18,VLV-11,Válvula de Pressão dos Porões,must-have,0,0,0,,0
475,2025-04-19,CAB-07,Cabo Trançado de Sinalização,need-to-have,17,0,12,,0
475,2025-04-19,VLV-11,Válvula de Pressão dos Porões,must-have,0,0,0,,0
476,2025-04-20,CAB-07,Cabo Trançado de Sinalização,need-to-have,12,0,7,,0
476,2025-04-20,VLV-11,Válvula de Pressão dos Porões,must-have,0,0,0,,0
477,2025-04-21,CAB-07,Cabo Trançado de Sinalização,need-to-have,7,0,6,,0
477,2025-04-21,VLV-11,Válvula de Pressão dos Porões,must-have,0,0,0,,0
478,2025-04-22,CAB-07,Cabo Trançado de Sinalização,need-to-have,6,0,1,,0
478,2025-04-22,VLV-11,Válvula de Pressão dos Porões,must-have,0,0,0,,0
479,2025-04-23,CAB-07,Cabo Trançado de Sinalização,need-to-have,1,0,0,,0
479,2025-04-23,VLV-11,Válvula de Pressão dos Porões,must-have,0,58,49,VLV-11-PO034,0
480,2025-04-24,CAB-07,Cabo Trançado de Sinalização,need-to-have,0,0,0,,0
480,2025-04-24,VLV-11,Válvula de Pressão dos Porões,must-have,49,0,47,,0
481,2025-04-25,CAB-07,Cabo Trançado de Sinalização,need-to-have,0,48,41,CAB-07-PO036,0
481,2025-04-25,VLV-11,Válvula de Pressão dos Porões,must-have,47,0,39,,69
482,2025-04-26,CAB-07,Cabo Trançado de Sinalização,need-to-have,41,0,35,,0
482,2025-04-26,VLV-11,Válvula de Pressão dos Porões,must-have,39,0,31,,0
483,2025-04-27,CAB-07,Cabo Trançado de Sinalização,need-to-have,35,0,33,,0
483,2025-04-27,VLV-11,Válvula de Pressão dos Porões,must-have,31,0,21,,0
484,2025-04-28,CAB-07,Cabo Trançado de Sinalização,need-to-have,33,0,26,,42
484,2025-04-28,VLV-11,Válvula de Pressão dos Porões,must-have,21,0,16,,0
485,2025-04-29,CAB-07,Cabo Trançado de Sinalização,need-to-have,26,0,22,,0
485,2025-04-29,VLV-11,Válvula de Pressão dos Porões,must-have,16,0,8,,0
486,2025-04-30,CAB-07,Cabo Trançado de Sinalização,need-to-have,22,0,18,,0
486,2025-04-30,VLV-11,Válvula de Pressão dos Porões,must-have,8,0,4,,0
487,2025-05-01,CAB-07,Cabo Trançado de Sinalização,need-to-have,18,0,12,,0
487,2025-05-01,VLV-11,Válvula de Pressão dos Porões,must-have,4,0,0,,0
488,2025-05-02,CAB-07,Cabo Trançado de Sinalização,need-to-have,12,0,11,,0
488,2025-05-02,VLV-11,Válvula de Pressão dos Porões,must-have,0,0,0,,0
489,2025-05-03,CAB-07,Cabo Trançado de Sinalização,need-to-have,11,0,4,,0
489,2025-05-03,VLV-11,Válvula de Pressão dos Porões,must-have,0,0,0,,0
490,2025-05-04,CAB-07,Cabo Trançado de Sinalização,need-to-have,4,0,1,,0
490,2025-05-04,VLV-11,Válvula de Pressão dos Porões,must-have,0,0,0,,0
491,2025-05-05,CAB-07,Cabo Trançado de Sinalização,need-to-have,1,0,0,,0
491,2025-05-05,VLV-11,Válvula de Pressão dos Porões,must-have,0,0,0,,0
492,2025-05-06,CAB-07,Cabo Trançado de Sinalização,need-to-have,0,0,0,,0
492,2025-05-06,VLV-11,Válvula de Pressão dos Porões,must-have,0,0,0,,0
493,2025-05-07,CAB-07,Cabo Trançado de Sinalização,need-to-have,0,0,0,,0
493,2025-05-07,VLV-11,Válvula de Pressão dos Porões,must-have,0,0,0,,0
494,2025-05-08,CAB-07,Cabo Trançado de Sinalização,need-to-have,0,0,0,,0
494,2025-05-08,VLV-11,Válvula de Pressão dos Porões,must-have,0,0,0,,0
495,2025-05-09,CAB-07,Cabo Trançado de Sinalização,need-to-have,0,40,34,CAB-07-PO037,0
495,2025-05-09,VLV-11,Válvula de Pressão dos Porões,must-have,0,69,67,VLV-11-PO035,0
496,2025-05-10,CAB-07,Cabo Trançado de Sinalização,need-to-have,34,0,32,,0
496,2025-05-10,VLV-11,Válvula de Pressão dos Porões,must-have,67,0,58,,0
497,2025-05-11,CAB-07,Cabo Trançado de Sinalização,need-to-have,32,0,27,,0
497,2025-05-11,VLV-11,Válvula de Pressão dos Porões,must-have,58,0,53,,0
498,2025-05-12,CAB-07,Cabo Trançado de Sinalização,need-to-have,27,0,24,,48
498,2025-05-12,VLV-11,Válvula de Pressão dos Porões,must-have,53,0,48,,0
499,2025-05-13,CAB-07,Cabo Trançado de Sinalização,need-to-have,24,0,20,,0
499,2025-05-13,VLV-11,Válvula de Pressão dos Porões,must-have,48,0,42,,0
500,2025-05-14,CAB-07,Cabo Trançado de Sinalização,need-to-have,20,0,15,,0
500,2025-05-14,VLV-11,Válvula de Pressão dos Porões,must-have,42,0,37,,59
501,2025-05-15,CAB-07,Cabo Trançado de Sinalização,need-to-have,15,0,12,,0
501,2025-05-15,VLV-11,Válvula de Pressão dos Porões,must-have,37,0,32,,0
502,2025-05-16,CAB-07,Cabo Trançado de Sinalização,need-to-have,12,0,9,,0
502,2025-05-16,VLV-11,Válvula de Pressão dos Porões,must-have,32,0,27,,0
503,2025-05-17,CAB-07,Cabo Trançado de Sinalização,need-to-have,9,0,6,,0
503,2025-05-17,VLV-11,Válvula de Pressão dos Porões,must-have,27,0,17,,0
504,2025-05-18,CAB-07,Cabo Trançado de Sinalização,need-to-have,6,0,0,,0
504,2025-05-18,VLV-11,Válvula de Pressão dos Porões,must-have,17,0,11,,0
505,2025-05-19,CAB-07,Cabo Trançado de Sinalização,need-to-have,0,0,0,,0
505,2025-05-19,VLV-11,Válvula de Pressão dos Porões,must-have,11,0,6,,0
506,2025-05-20,CAB-07,Cabo Trançado de Sinalização,need-to-have,0,0,0,,0
506,2025-05-20,VLV-11,Válvula de Pressão dos Porões,must-have,6,0,0,,0
507,2025-05-21,CAB-07,Cabo Trançado de Sinalização,need-to-have,0,0,0,,0
507,2025-05-21,VLV-11,Válvula de Pressão dos Porões,must-have,0,0,0,,0
508,2025-05-22,CAB-07,Cabo Trançado de Sinalização,need-to-have,0,0,0,,0
508,2025-05-22,VLV-11,Válvula de Pressão dos Porões,must-have,0,0,0,,0
509,2025-05-23,CAB-07,Cabo Trançado de Sinalização,need-to-have,0,0,0,,0
509,2025-05-23,VLV-11,Válvula de Pressão dos Porões,must-have,0,0,0,,0
510,2025-05-24,CAB-07,Cabo Trançado de Sinalização,need-to-have,0,43,40,CAB-07-PO038,0
510,2025-05-24,VLV-11,Válvula de Pressão dos Porões,must-have,0,0,0,,0
511,2025-05-25,CAB-07,Cabo Trançado de Sinalização,need-to-have,40,0,34,,0
511,2025-05-25,VLV-11,Válvula de Pressão dos Porões,must-have,0,0,0,,0
512,2025-05-26,CAB-07,Cabo Trançado de Sinalização,need-to-have,34,0,29,,0
512,2025-05-26,VLV-11,Válvula de Pressão dos Porões,must-have,0,0,0,,0
513,2025-05-27,CAB-07,Cabo Trançado de Sinalização,need-to-have,29,0,26,,41
513,2025-05-27,VLV-11,Válvula de Pressão dos Porões,must-have,0,0,0,,0
514,2025-05-28,CAB-07,Cabo Trançado de Sinalização,need-to-have,26,0,19,,0
514,2025-05-28,VLV-11,Válvula de Pressão dos Porões,must-have,0,0,0,,0
515,2025-05-29,CAB-07,Cabo Trançado de Sinalização,need-to-have,19,0,16,,0
515,2025-05-29,VLV-11,Válvula de Pressão dos Porões,must-have,0,0,0,,0
516,2025-05-30,CAB-07,Cabo Trançado de Sinalização,need-to-have,16,0,15,,0
516,2025-05-30,VLV-11,Válvula de Pressão dos Porões,must-have,0,0,0,,0
517,2025-05-31,CAB-07,Cabo Trançado de Sinalização,need-to-have,15,0,12,,0
517,2025-05-31,VLV-11,Válvula de Pressão dos Porões,must-have,0,0,0,,0
518,2025-06-01,CAB-07,Cabo Trançado de Sinalização,need-to-have,12,41,48,CAB-07-PO039,0
518,2025-06-01,VLV-11,Válvula de Pressão dos Porões,must-have,0,59,53,VLV-11-PO036,0
519,2025-06-02,CAB-07,Cabo Trançado de Sinalização,need-to-have,48,0,44,,0
519,2025-06-02,VLV-11,Válvula de Pressão dos Porões,must-have,53,0,46,,0
520,2025-06-03,CAB-07,Cabo Trançado de Sinalização,need-to-have,44,0,37,,0
520,2025-06-03,VLV-11,Válvula de Pressão dos Porões,must-have,46,0,40,,58
521,2025-06-04,CAB-07,Cabo Trançado de Sinalização,need-to-have,37,0,29,,0
521,2025-06-04,VLV-11,Válvula de Pressão dos Porões,must-have,40,0,36,,0
522,2025-06-05,CAB-07,Cabo Trançado de Sinalização,need-to-have,29,0,26,,42
522,2025-06-05,VLV-11,Válvula de Pressão dos Porões,must-have,36,0,32,,0
523,2025-06-06,CAB-07,Cabo Trançado de Sinalização,need-to-have,26,0,21,,0
523,2025-06-06,VLV-11,Válvula de Pressão dos Porões,must-have,32,0,27,,0
524,2025-06-07,CAB-07,Cabo Trançado de Sinalização,need-to-have,21,0,15,,0
524,2025-06-07,VLV-11,Válvula de Pressão dos Porões,must-have,27,0,23,,0
525,2025-06-08,CAB-07,Cabo Trançado de Sinalização,need-to-have,15,0,12,,0
525,2025-06-08,VLV-11,Válvula de Pressão dos Porões,must-have,23,0,17,,0
526,2025-06-09,CAB-07,Cabo Trançado de Sinalização,need-to-have,12,0,8,,0
526,2025-06-09,VLV-11,Válvula de Pressão dos Porões,must-have,17,0,13,,0
527,2025-06-10,CAB-07,Cabo Trançado de Sinalização,need-to-have,8,0,3,,0
527,2025-06-10,VLV-11,Válvula de Pressão dos Porões,must-have,13,0,6,,0
528,2025-06-11,CAB-07,Cabo Trançado de Sinalização,need-to-have,3,0,0,,0
528,2025-06-11,VLV-11,Válvula de Pressão dos Porões,must-have,6,0,1,,0
529,2025-06-12,CAB-07,Cabo Trançado de Sinalização,need-to-have,0,0,0,,0
529,2025-06-12,VLV-11,Válvula de Pressão dos Porões,must-have,1,0,0,,0
530,2025-06-13,CAB-07,Cabo Trançado de Sinalização,need-to-have,0,0,0,,0
530,2025-06-13,VLV-11,Válvula de Pressão dos Porões,must-have,0,58,54,VLV-11-PO037,0
531,2025-06-14,CAB-07,Cabo Trançado de Sinalização,need-to-have,0,0,0,,0
531,2025-06-14,VLV-11,Válvula de Pressão dos Porões,must-have,54,0,46,,0
532,2025-06-15,CAB-07,Cabo Trançado de Sinalização,need-to-have,0,0,0,,0
532,2025-06-15,VLV-11,Válvula de Pressão dos Porões,must-have,46,0,36,,68
533,2025-06-16,CAB-07,Cabo Trançado de Sinalização,need-to-have,0,0,0,,0
533,2025-06-16,VLV-11,Válvula de Pressão dos Porões,must-have,36,0,32,,0
534,2025-06-17,CAB-07,Cabo Trançado de Sinalização,need-to-have,0,36,32,CAB-07-PO040,0
534,2025-06-17,VLV-11,Válvula de Pressão dos Porões,must-have,32,0,27,,0
535,2025-06-18,CAB-07,Cabo Trançado de Sinalização,need-to-have,32,0,28,,0
535,2025-06-18,VLV-11,Válvula de Pressão dos Porões,must-have,27,0,23,,0
536,2025-06-19,CAB-07,Cabo Trançado de Sinalização,need-to-have,28,0,23,,42
536,2025-06-19,VLV-11,Válvula de Pressão dos Porões,must-have,23,0,15,,0
537,2025-06-20,CAB-07,Cabo Trançado de Sinalização,need-to-have,23,0,18,,0
537,2025-06-20,VLV-11,Válvula de Pressão dos Porões,must-have,15,0,6,,0
538,2025-06-21,CAB-07,Cabo Trançado de Sinalização,need-to-have,18,0,10,,0
538,2025-06-21,VLV-11,Válvula de Pressão dos Porões,must-have,6,0,0,,0
539,2025-06-22,CAB-07,Cabo Trançado de Sinalização,need-to-have,10,0,8,,0
539,2025-06-22,VLV-11,Válvula de Pressão dos Porões,must-have,0,0,0,,0
540,2025-06-23,CAB-07,Cabo Trançado de Sinalização,need-to-have,8,0,6,,0
540,2025-06-23,VLV-11,Válvula de Pressão dos Porões,must-have,0,0,0,,0
541,2025-06-24,CAB-07,Cabo Trançado de Sinalização,need-to-have,6,0,3,,0
541,2025-06-24,VLV-11,Válvula de Pressão dos Porões,must-have,0,0,0,,0
542,2025-06-25,CAB-07,Cabo Trançado de Sinalização,need-to-have,3,0,0,,0
542,2025-06-25,VLV-11,Válvula de Pressão dos Porões,must-have,0,0,0,,0
543,2025-06-26,CAB-07,Cabo Trançado de Sinalização,need-to-have,0,0,0,,0
543,2025-06-26,VLV-11,Válvula de Pressão dos Porões,must-have,0,0,0,,0
544,2025-06-27,CAB-07,Cabo Trançado de Sinalização,need-to-have,0,42,38,CAB-07-PO041,0
544,2025-06-27,VLV-11,Válvula de Pressão dos Porões,must-have,0,68,65,VLV-11-PO038,0
545,2025-06-28,CAB-07,Cabo Trançado de Sinalização,need-to-have,38,0,32,,0
545,2025-06-28,VLV-11,Válvula de Pressão dos Porões,must-have,65,0,57,,0
546,2025-06-29,CAB-07,Cabo Trançado de Sinalização,need-to-have,32,0,28,,0
546,2025-06-29,VLV-11,Válvula de Pressão dos Porões,must-have,57,0,49,,0
547,2025-06-30,CAB-07,Cabo Trançado de Sinalização,need-to-have,28,0,23,,44
547,2025-06-30,VLV-11,Válvula de Pressão dos Porões,must-have,49,0,48,,0
548,2025-07-01,CAB-07,Cabo Trançado de Sinalização,need-to-have,23,0,21,,0
548,2025-07-01,VLV-11,Válvula de Pressão dos Porões,must-have,48,0,43,,0
549,2025-07-02,CAB-07,Cabo Trançado de Sinalização,need-to-have,21,0,16,,0
549,2025-07-02,VLV-11,Válvula de Pressão dos Porões,must-have,43,0,38,,64
550,2025-07-03,CAB-07,Cabo Trançado de Sinalização,need-to-have,16,0,12,,0
550,2025-07-03,VLV-11,Válvula de Pressão dos Porões,must-have,38,0,30,,0
551,2025-07-04,CAB-07,Cabo Trançado de Sinalização,need-to-have,12,0,6,,0
551,2025-07-04,VLV-11,Válvula de Pressão dos Porões,must-have,30,0,24,,0
552,2025-07-05,CAB-07,Cabo Trançado de Sinalização,need-to-have,6,0,0,,0
552,2025-07-05,VLV-11,Válvula de Pressão dos Porões,must-have,24,0,18,,0
553,2025-07-06,CAB-07,Cabo Trançado de Sinalização,need-to-have,0,0,0,,0
553,2025-07-06,VLV-11,Válvula de Pressão dos Porões,must-have,18,0,13,,0
554,2025-07-07,CAB-07,Cabo Trançado de Sinalização,need-to-have,0,0,0,,0
554,2025-07-07,VLV-11,Válvula de Pressão dos Porões,must-have,13,0,5,,0
555,2025-07-08,CAB-07,Cabo Trançado de Sinalização,need-to-have,0,0,0,,0
555,2025-07-08,VLV-11,Válvula de Pressão dos Porões,must-have,5,0,1,,0
556,2025-07-09,CAB-07,Cabo Trançado de Sinalização,need-to-have,0,0,0,,0
556,2025-07-09,VLV-11,Válvula de Pressão dos Porões,must-have,1,0,0,,0
557,2025-07-10,CAB-07,Cabo Trançado de Sinalização,need-to-have,0,0,0,,0
557,2025-07-10,VLV-11,Válvula de Pressão dos Porões,must-have,0,0,0,,0
558,2025-07-11,CAB-07,Cabo Trançado de Sinalização,need-to-have,0,37,31,CAB-07-PO042,0
558,2025-07-11,VLV-11,Válvula de Pressão dos Porões,must-have,0,0,0,,0
559,2025-07-12,CAB-07,Cabo Trançado de Sinalização,need-to-have,31,0,28,,0
559,2025-07-12,VLV-11,Válvula de Pressão dos Porões,must-have,0,0,0,,0
560,2025-07-13,CAB-07,Cabo Trançado de Sinalização,need-to-have,28,0,21,,43
560,2025-07-13,VLV-11,Válvula de Pressão dos Porões,must-have,0,64,60,VLV-11-PO039,0
561,2025-07-14,CAB-07,Cabo Trançado de Sinalização,need-to-have,21,0,18,,0
561,2025-07-14,VLV-11,Válvula de Pressão dos Porões,must-have,60,0,53,,0
562,2025-07-15,CAB-07,Cabo Trançado de Sinalização,need-to-have,18,0,16,,0
562,2025-07-15,VLV-11,Válvula de Pressão dos Porões,must-have,53,0,48,,0
563,2025-07-16,CAB-07,Cabo Trançado de Sinalização,need-to-have,16,0,13,,0
563,2025-07-16,VLV-11,Válvula de Pressão dos Porões,must-have,48,0,45,,0
564,2025-07-17,CAB-07,Cabo Trançado de Sinalização,need-to-have,13,0,7,,0
564,2025-07-17,VLV-11,Válvula de Pressão dos Porões,must-have,45,0,37,,69
565,2025-07-18,CAB-07,Cabo Trançado de Sinalização,need-to-have,7,0,4,,0
565,2025-07-18,VLV-11,Válvula de Pressão dos Porões,must-have,37,0,29,,0
566,2025-07-19,CAB-07,Cabo Trançado de Sinalização,need-to-have,4,0,3,,0
566,2025-07-19,VLV-11,Válvula de Pressão dos Porões,must-have,29,0,21,,0
567,2025-07-20,CAB-07,Cabo Trançado de Sinalização,need-to-have,3,0,0,,0
567,2025-07-20,VLV-11,Válvula de Pressão dos Porões,must-have,21,0,19,,0
568,2025-07-21,CAB-07,Cabo Trançado de Sinalização,need-to-have,0,0,0,,0
568,2025-07-21,VLV-11,Válvula de Pressão dos Porões,must-have,19,0,13,,0
569,2025-07-22,CAB-07,Cabo Trançado de Sinalização,need-to-have,0,0,0,,0
569,2025-07-22,VLV-11,Válvula de Pressão dos Porões,must-have,13,0,4,,0
570,2025-07-23,CAB-07,Cabo Trançado de Sinalização,need-to-have,0,43,39,CAB-07-PO043,0
570,2025-07-23,VLV-11,Válvula de Pressão dos Porões,must-have,4,0,0,,0
571,2025-07-24,CAB-07,Cabo Trançado de Sinalização,need-to-have,39,0,33,,0
571,2025-07-24,VLV-11,Válvula de Pressão dos Porões,must-have,0,0,0,,0
572,2025-07-25,CAB-07,Cabo Trançado de Sinalização,need-to-have,33,0,31,,0
572,2025-07-25,VLV-11,Válvula de Pressão dos Porões,must-have,0,69,63,VLV-11-PO040,0
573,2025-07-26,CAB-07,Cabo Trançado de Sinalização,need-to-have,31,0,28,,0
573,2025-07-26,VLV-11,Válvula de Pressão dos Porões,must-have,63,0,60,,0
574,2025-07-27,CAB-07,Cabo Trançado de Sinalização,need-to-have,28,0,24,,46
574,2025-07-27,VLV-11,Válvula de Pressão dos Porões,must-have,60,0,53,,0
575,2025-07-28,CAB-07,Cabo Trançado de Sinalização,need-to-have,24,0,23,,0
575,2025-07-28,VLV-11,Válvula de Pressão dos Porões,must-have,53,0,52,,0
576,2025-07-29,CAB-07,Cabo Trançado de Sinalização,need-to-have,23,0,19,,0
576,2025-07-29,VLV-11,Válvula de Pressão dos Porões,must-have,52,0,47,,0
577,2025-07-30,CAB-07,Cabo Trançado de Sinalização,need-to-have,19,0,14,,0
577,2025-07-30,VLV-11,Válvula de Pressão dos Porões,must-have,47,0,40,,59
578,2025-07-31,CAB-07,Cabo Trançado de Sinalização,need-to-have,14,0,8,,0
578,2025-07-31,VLV-11,Válvula de Pressão dos Porões,must-have,40,0,34,,0
579,2025-08-01,CAB-07,Cabo Trançado de Sinalização,need-to-have,8,0,4,,0
579,2025-08-01,VLV-11,Válvula de Pressão dos Porões,must-have,34,0,27,,0
580,2025-08-02,CAB-07,Cabo Trançado de Sinalização,need-to-have,4,0,0,,0
580,2025-08-02,VLV-11,Válvula de Pressão dos Porões,must-have,27,0,18,,0
581,2025-08-03,CAB-07,Cabo Trançado de Sinalização,need-to-have,0,0,0,,0
581,2025-08-03,VLV-11,Válvula de Pressão dos Porões,must-have,18,0,11,,0
582,2025-08-04,CAB-07,Cabo Trançado de Sinalização,need-to-have,0,0,0,,0
582,2025-08-04,VLV-11,Válvula de Pressão dos Porões,must-have,11,0,3,,0
583,2025-08-05,CAB-07,Cabo Trançado de Sinalização,need-to-have,0,0,0,,0
583,2025-08-05,VLV-11,Válvula de Pressão dos Porões,must-have,3,0,0,,0
584,2025-08-06,CAB-07,Cabo Trançado de Sinalização,need-to-have,0,0,0,,0
584,2025-08-06,VLV-11,Válvula de Pressão dos Porões,must-have,0,0,0,,0
585,2025-08-07,CAB-07,Cabo Trançado de Sinalização,need-to-have,0,0,0,,0
585,2025-08-07,VLV-11,Válvula de Pressão dos Porões,must-have,0,0,0,,0
586,2025-08-08,CAB-07,Cabo Trançado de Sinalização,need-to-have,0,0,0,,0
586,2025-08-08,VLV-11,Válvula de Pressão dos Porões,must-have,0,0,0,,0
587,2025-08-09,CAB-07,Cabo Trançado de Sinalização,need-to-have,0,46,42,CAB-07-PO044,0
587,2025-08-09,VLV-11,Válvula de Pressão dos Porões,must-have,0,0,0,,0
588,2025-08-10,CAB-07,Cabo Trançado de Sinalização,need-to-have,42,0,37,,0
588,2025-08-10,VLV-11,Válvula de Pressão dos Porões,must-have,0,0,0,,0
589,2025-08-11,CAB-07,Cabo Trançado de Sinalização,need-to-have,37,0,30,,0
589,2025-08-11,VLV-11,Válvula de Pressão dos Porões,must-have,0,0,0,,0
590,2025-08-12,CAB-07,Cabo Trançado de Sinalização,need-to-have,30,0,23,,43
590,2025-08-12,VLV-11,Válvula de Pressão dos Porões,must-have,0,59,50,VLV-11-PO041,0
591,2025-08-13,CAB-07,Cabo Trançado de Sinalização,need-to-have,23,0,17,,0
591,2025-08-13,VLV-11,Válvula de Pressão dos Porões,must-have,50,0,42,,0
592,2025-08-14,CAB-07,Cabo Trançado de Sinalização,need-to-have,17,0,13,,0
592,2025-08-14,VLV-11,Válvula de Pressão dos Porões,must-have,42,0,37,,69
593,2025-08-15,CAB-07,Cabo Trançado de Sinalização,need-to-have,13,0,7,,0
593,2025-08-15,VLV-11,Válvula de Pressão dos Porões,must-have,37,0,29,,0
594,2025-08-16,CAB-07,Cabo Trançado de Sinalização,need-to-have,7,0,3,,0
594,2025-08-16,VLV-11,Válvula de Pressão dos Porões,must-have,29,0,23,,0
595,2025-08-17,CAB-07,Cabo Trançado de Sinalização,need-to-have,3,0,0,,0
595,2025-08-17,VLV-11,Válvula de Pressão dos Porões,must-have,23,0,17,,0
596,2025-08-18,CAB-07,Cabo Trançado de Sinalização,need-to-have,0,0,0,,0
596,2025-08-18,VLV-11,Válvula de Pressão dos Porões,must-have,17,0,8,,0
597,2025-08-19,CAB-07,Cabo Trançado de Sinalização,need-to-have,0,0,0,,0
597,2025-08-19,VLV-11,Válvula de Pressão dos Porões,must-have,8,0,4,,0
598,2025-08-20,CAB-07,Cabo Trançado de Sinalização,need-to-have,0,0,0,,0
598,2025-08-20,VLV-11,Válvula de Pressão dos Porões,must-have,4,0,0,,0
599,2025-08-21,CAB-07,Cabo Trançado de Sinalização,need-to-have,0,41,36,CAB-07-PO045,0
599,2025-08-21,VLV-11,Válvula de Pressão dos Porões,must-have,0,0,0,,0
600,2025-08-22,CAB-07,Cabo Trançado de Sinalização,need-to-have,36,0,32,,0
600,2025-08-22,VLV-11,Válvula de Pressão dos Porões,must-have,0,0,0,,0
601,2025-08-23,CAB-07,Cabo Trançado de Sinalização,need-to-have,32,0,27,,0
601,2025-08-23,VLV-11,Válvula de Pressão dos Porões,must-have,0,0,0,,0
602,2025-08-24,CAB-07,Cabo Trançado de Sinalização,need-to-have,27,0,23,,45
602,2025-08-24,VLV-11,Válvula de Pressão dos Porões,must-have,0,0,0,,0
603,2025-08-25,CAB-07,Cabo Trançado de Sinalização,need-to-have,23,0,17,,0
603,2025-08-25,VLV-11,Válvula de Pressão dos Porões,must-have,0,0,0,,0
604,2025-08-26,CAB-07,Cabo Trançado de Sinalização,need-to-have,17,0,10,,0
604,2025-08-26,VLV-11,Válvula de Pressão dos Porões,must-have,0,69,60,VLV-11-PO042,0
605,2025-08-27,CAB-07,Cabo Trançado de Sinalização,need-to-have,10,0,6,,0
605,2025-08-27,VLV-11,Válvula de Pressão dos Porões,must-have,60,0,49,,0
606,2025-08-28,CAB-07,Cabo Trançado de Sinalização,need-to-have,6,0,3,,0
606,2025-08-28,VLV-11,Válvula de Pressão dos Porões,must-have,49,0,42,,0
607,2025-08-29,CAB-07,Cabo Trançado de Sinalização,need-to-have,3,0,0,,0
607,2025-08-29,VLV-11,Válvula de Pressão dos Porões,must-have,42,0,36,,67
608,2025-08-30,CAB-07,Cabo Trançado de Sinalização,need-to-have,0,0,0,,0
608,2025-08-30,VLV-11,Válvula de Pressão dos Porões,must-have,36,0,31,,0
609,2025-08-31,CAB-07,Cabo Trançado de Sinalização,need-to-have,0,0,0,,0
609,2025-08-31,VLV-11,Válvula de Pressão dos Porões,must-have,31,0,25,,0
610,2025-09-01,CAB-07,Cabo Trançado de Sinalização,need-to-have,0,45,43,CAB-07-PO046,0
610,2025-09-01,VLV-11,Válvula de Pressão dos Porões,must-have,25,0,19,,0
611,2025-09-02,CAB-07,Cabo Trançado de Sinalização,need-to-have,43,0,38,,0
611,2025-09-02,VLV-11,Válvula de Pressão dos Porões,must-have,19,0,12,,0
612,2025-09-03,CAB-07,Cabo Trançado de Sinalização,need-to-have,38,0,32,,0
612,2025-09-03,VLV-11,Válvula de Pressão dos Porões,must-have,12,0,2,,0
613,2025-09-04,CAB-07,Cabo Trançado de Sinalização,need-to-have,32,0,28,,0
613,2025-09-04,VLV-11,Válvula de Pressão dos Porões,must-have,2,0,0,,0
614,2025-09-05,CAB-07,Cabo Trançado de Sinalização,need-to-have,28,0,24,,42
614,2025-09-05,VLV-11,Válvula de Pressão dos Porões,must-have,0,0,0,,0
615,2025-09-06,CAB-07,Cabo Trançado de Sinalização,need-to-have,24,0,17,,0
615,2025-09-06,VLV-11,Válvula de Pressão dos Porões,must-have,0,0,0,,0
616,2025-09-07,CAB-07,Cabo Trançado de Sinalização,need-to-have,17,0,10,,0
616,2025-09-07,VLV-11,Válvula de Pressão dos Porões,must-have,0,0,0,,0
617,2025-09-08,CAB-07,Cabo Trançado de Sinalização,need-to-have,10,0,7,,0
617,2025-09-08,VLV-11,Válvula de Pressão dos Porões,must-have,0,0,0,,0
618,2025-09-09,CAB-07,Cabo Trançado de Sinalização,need-to-have,7,0,4,,0
618,2025-09-09,VLV-11,Válvula de Pressão dos Porões,must-have,0,0,0,,0
619,2025-09-10,CAB-07,Cabo Trançado de Sinalização,need-to-have,4,0,0,,0
619,2025-09-10,VLV-11,Válvula de Pressão dos Porões,must-have,0,0,0,,0
620,2025-09-11,CAB-07,Cabo Trançado de Sinalização,need-to-have,0,0,0,,0
620,2025-09-11,VLV-11,Válvula de Pressão dos Porões,must-have,0,0,0,,0
621,2025-09-12,CAB-07,Cabo Trançado de Sinalização,need-to-have,0,42,37,CAB-07-PO047,0
621,2025-09-12,VLV-11,Válvula de Pressão dos Porões,must-have,0,64,56,VLV-11-PO043,0
622,2025-09-13,CAB-07,Cabo Trançado de Sinalização,need-to-have,37,0,33,,0
622,2025-09-13,VLV-11,Válvula de Pressão dos Porões,must-have,56,0,43,,0
623,2025-09-14,CAB-07,Cabo Trançado de Sinalização,need-to-have,33,0,29,,0
623,2025-09-14,VLV-11,Válvula de Pressão dos Porões,must-have,43,0,36,,58
624,2025-09-15,CAB-07,Cabo Trançado de Sinalização,need-to-have,29,0,22,,43
624,2025-09-15,VLV-11,Válvula de Pressão dos Porões,must-have,36,0,30,,0
625,2025-09-16,CAB-07,Cabo Trançado de Sinalização,need-to-have,22,0,20,,0
625,2025-09-16,VLV-11,Válvula de Pressão dos Porões,must-have,30,0,21,,0
626,2025-09-17,CAB-07,Cabo Trançado de Sinalização,need-to-have,20,0,14,,0
626,2025-09-17,VLV-11,Válvula de Pressão dos Porões,must-have,21,0,19,,0
627,2025-09-18,CAB-07,Cabo Trançado de Sinalização,need-to-have,14,0,11,,0
627,2025-09-18,VLV-11,Válvula de Pressão dos Porões,must-have,19,0,14,,0
628,2025-09-19,CAB-07,Cabo Trançado de Sinalização,need-to-have,11,0,7,,0
628,2025-09-19,VLV-11,Válvula de Pressão dos Porões,must-have,14,0,10,,0
629,2025-09-20,CAB-07,Cabo Trançado de Sinalização,need-to-have,7,0,0,,0
629,2025-09-20,VLV-11,Válvula de Pressão dos Porões,must-have,10,0,3,,0
630,2025-09-21,CAB-07,Cabo Trançado de Sinalização,need-to-have,0,0,0,,0
630,2025-09-21,VLV-11,Válvula de Pressão dos Porões,must-have,3,0,0,,0
631,2025-09-22,CAB-07,Cabo Trançado de Sinalização,need-to-have,0,41,34,CAB-07-PO048,0
631,2025-09-22,VLV-11,Válvula de Pressão dos Porões,must-have,0,0,0,,0
632,2025-09-23,CAB-07,Cabo Trançado de Sinalização,need-to-have,34,0,26,,44
632,2025-09-23,VLV-11,Válvula de Pressão dos Porões,must-have,0,0,0,,0
633,2025-09-24,CAB-07,Cabo Trançado de Sinalização,need-to-have,26,0,22,,0
633,2025-09-24,VLV-11,Válvula de Pressão dos Porões,must-have,0,0,0,,0
634,2025-09-25,CAB-07,Cabo Trançado de Sinalização,need-to-have,22,0,16,,0
634,2025-09-25,VLV-11,Válvula de Pressão dos Porões,must-have,0,0,0,,0
635,2025-09-26,CAB-07,Cabo Trançado de Sinalização,need-to-have,16,0,10,,0
635,2025-09-26,VLV-11,Válvula de Pressão dos Porões,must-have,0,58,50,VLV-11-PO044,0
636,2025-09-27,CAB-07,Cabo Trançado de Sinalização,need-to-have,10,0,5,,0
636,2025-09-27,VLV-11,Válvula de Pressão dos Porões,must-have,50,0,42,,0
637,2025-09-28,CAB-07,Cabo Trançado de Sinalização,need-to-have,5,0,0,,0
637,2025-09-28,VLV-11,Válvula de Pressão dos Porões,must-have,42,0,35,,68
638,2025-09-29,CAB-07,Cabo Trançado de Sinalização,need-to-have,0,0,0,,0
638,2025-09-29,VLV-11,Válvula de Pressão dos Porões,must-have,35,0,27,,0
639,2025-09-30,CAB-07,Cabo Trançado de Sinalização,need-to-have,0,0,0,,0
639,2025-09-30,VLV-11,Válvula de Pressão dos Porões,must-have,27,0,21,,0
640,2025-10-01,CAB-07,Cabo Trançado de Sinalização,need-to-have,0,0,0,,0
640,2025-10-01,VLV-11,Válvula de Pressão dos Porões,must-have,21,0,16,,0
641,2025-10-02,CAB-07,Cabo Trançado de Sinalização,need-to-have,0,0,0,,0
641,2025-10-02,VLV-11,Válvula de Pressão dos Porões,must-have,16,0,8,,0
642,2025-10-03,CAB-07,Cabo Trançado de Sinalização,need-to-have,0,44,39,CAB-07-PO049,0
642,2025-10-03,VLV-11,Válvula de Pressão dos Porões,must-have,8,0,2,,0
643,2025-10-04,CAB-07,Cabo Trançado de Sinalização,need-to-have,39,0,37,,0
643,2025-10-04,VLV-11,Válvula de Pressão dos Porões,must-have,2,0,0,,0
644,2025-10-05,CAB-07,Cabo Trançado de Sinalização,need-to-have,37,0,36,,0
644,2025-10-05,VLV-11,Válvula de Pressão dos Porões,must-have,0,0,0,,0
645,2025-10-06,CAB-07,Cabo Trançado de Sinalização,need-to-have,36,0,33,,0
645,2025-10-06,VLV-11,Válvula de Pressão dos Porões,must-have,0,0,0,,0
646,2025-10-07,CAB-07,Cabo Trançado de Sinalização,need-to-have,33,0,30,,0
646,2025-10-07,VLV-11,Válvula de Pressão dos Porões,must-have,0,0,0,,0
647,2025-10-08,CAB-07,Cabo Trançado de Sinalização,need-to-have,30,0,25,,48
647,2025-10-08,VLV-11,Válvula de Pressão dos Porões,must-have,0,0,0,,0
648,2025-10-09,CAB-07,Cabo Trançado de Sinalização,need-to-have,25,0,23,,0
648,2025-10-09,VLV-11,Válvula de Pressão dos Porões,must-have,0,0,0,,0
649,2025-10-10,CAB-07,Cabo Trançado de Sinalização,need-to-have,23,0,17,,0
649,2025-10-10,VLV-11,Válvula de Pressão dos Porões,must-have,0,0,0,,0
650,2025-10-11,CAB-07,Cabo Trançado de Sinalização,need-to-have,17,0,13,,0
650,2025-10-11,VLV-11,Válvula de Pressão dos Porões,must-have,0,0,0,,0
651,2025-10-12,CAB-07,Cabo Trançado de Sinalização,need-to-have,13,0,8,,0
651,2025-10-12,VLV-11,Válvula de Pressão dos Porões,must-have,0,68,59,VLV-11-PO045,0
652,2025-10-13,CAB-07,Cabo Trançado de Sinalização,need-to-have,8,0,2,,0
652,2025-10-13,VLV-11,Válvula de Pressão dos Porões,must-have,59,0,55,,0
653,2025-10-14,CAB-07,Cabo Trançado de Sinalização,need-to-have,2,0,0,,0
653,2025-10-14,VLV-11,Válvula de Pressão dos Porões,must-have,55,0,47,,0
654,2025-10-15,CAB-07,Cabo Trançado de Sinalização,need-to-have,0,48,46,CAB-07-PO050,0
654,2025-10-15,VLV-11,Válvula de Pressão dos Porões,must-have,47,0,42,,0
655,2025-10-16,CAB-07,Cabo Trançado de Sinalização,need-to-have,46,0,42,,0
655,2025-10-16,VLV-11,Válvula de Pressão dos Porões,must-have,42,0,36,,70
656,2025-10-17,CAB-07,Cabo Trançado de Sinalização,need-to-have,42,0,37,,0
656,2025-10-17,VLV-11,Válvula de Pressão dos Porões,must-have,36,0,34,,0
657,2025-10-18,CAB-07,Cabo Trançado de Sinalização,need-to-have,37,0,33,,0
657,2025-10-18,VLV-11,Válvula de Pressão dos Porões,must-have,34,0,30,,0
658,2025-10-19,CAB-07,Cabo Trançado de Sinalização,need-to-have,33,0,29,,0
658,2025-10-19,VLV-11,Válvula de Pressão dos Porões,must-have,30,0,26,,0
659,2025-10-20,CAB-07,Cabo Trançado de Sinalização,need-to-have,29,0,24,,47
659,2025-10-20,VLV-11,Válvula de Pressão dos Porões,must-have,26,0,21,,0
660,2025-10-21,CAB-07,Cabo Trançado de Sinalização,need-to-have,24,0,18,,0
660,2025-10-21,VLV-11,Válvula de Pressão dos Porões,must-have,21,0,14,,0
661,2025-10-22,CAB-07,Cabo Trançado de Sinalização,need-to-have,18,0,15,,0
661,2025-10-22,VLV-11,Válvula de Pressão dos Porões,must-have,14,0,7,,0
662,2025-10-23,CAB-07,Cabo Trançado de Sinalização,need-to-have,15,0,9,,0
662,2025-10-23,VLV-11,Válvula de Pressão dos Porões,must-have,7,0,5,,0
663,2025-10-24,CAB-07,Cabo Trançado de Sinalização,need-to-have,9,0,5,,0
663,2025-10-24,VLV-11,Válvula de Pressão dos Porões,must-have,5,60,56,VLV-11-PO046,0
664,2025-10-25,CAB-07,Cabo Trançado de Sinalização,need-to-have,5,0,0,,0
664,2025-10-25,VLV-11,Válvula de Pressão dos Porões,must-have,56,0,51,,0
665,2025-10-26,CAB-07,Cabo Trançado de Sinalização,need-to-have,0,0,0,,0
665,2025-10-26,VLV-11,Válvula de Pressão dos Porões,must-have,51,0,46,,0
666,2025-10-27,CAB-07,Cabo Trançado de Sinalização,need-to-have,0,47,46,CAB-07-PO051,0
666,2025-10-27,VLV-11,Válvula de Pressão dos Porões,must-have,46,0,36,,66
667,2025-10-28,CAB-07,Cabo Trançado de Sinalização,need-to-have,46,0,40,,0
667,2025-10-28,VLV-11,Válvula de Pressão dos Porões,must-have,36,0,32,,0
668,2025-10-29,CAB-07,Cabo Trançado de Sinalização,need-to-have,40,0,33,,0
668,2025-10-29,VLV-11,Válvula de Pressão dos Porões,must-have,32,0,26,,0
669,2025-10-30,CAB-07,Cabo Trançado de Sinalização,need-to-have,33,0,28,,0
669,2025-10-30,VLV-11,Válvula de Pressão dos Porões,must-have,26,0,19,,0
670,2025-10-31,CAB-07,Cabo Trançado de Sinalização,need-to-have,28,0,26,,46
670,2025-10-31,VLV-11,Válvula de Pressão dos Porões,must-have,19,0,14,,0
671,2025-11-01,CAB-07,Cabo Trançado de Sinalização,need-to-have,26,0,24,,0
671,2025-11-01,VLV-11,Válvula de Pressão dos Porões,must-have,14,0,6,,0
672,2025-11-02,CAB-07,Cabo Trançado de Sinalização,need-to-have,24,0,19,,0
672,2025-11-02,VLV-11,Válvula de Pressão dos Porões,must-have,6,0,0,,0
673,2025-11-03,CAB-07,Cabo Trançado de Sinalização,need-to-have,19,0,15,,0
673,2025-11-03,VLV-11,Válvula de Pressão dos Porões,must-have,0,0,0,,0
674,2025-11-04,CAB-07,Cabo Trançado de Sinalização,need-to-have,15,0,11,,0
674,2025-11-04,VLV-11,Válvula de Pressão dos Porões,must-have,0,0,0,,0
675,2025-11-05,CAB-07,Cabo Trançado de Sinalização,need-to-have,11,0,9,,0
675,2025-11-05,VLV-11,Válvula de Pressão dos Porões,must-have,0,0,0,,0
676,2025-11-06,CAB-07,Cabo Trançado de Sinalização,need-to-have,9,0,6,,0
676,2025-11-06,VLV-11,Válvula de Pressão dos Porões,must-have,0,66,60,VLV-11-PO047,0
677,2025-11-07,CAB-07,Cabo Trançado de Sinalização,need-to-have,6,0,2,,0
677,2025-11-07,VLV-11,Válvula de Pressão dos Porões,must-have,60,0,52,,0
678,2025-11-08,CAB-07,Cabo Trançado de Sinalização,need-to-have,2,0,0,,0
678,2025-11-08,VLV-11,Válvula de Pressão dos Porões,must-have,52,0,46,,0
679,2025-11-09,CAB-07,Cabo Trançado de Sinalização,need-to-have,0,0,0,,0
679,2025-11-09,VLV-11,Válvula de Pressão dos Porões,must-have,46,0,40,,64
680,2025-11-10,CAB-07,Cabo Trançado de Sinalização,need-to-have,0,0,0,,0
680,2025-11-10,VLV-11,Válvula de Pressão dos Porões,must-have,40,0,35,,0
681,2025-11-11,CAB-07,Cabo Trançado de Sinalização,need-to-have,0,0,0,,0
681,2025-11-11,VLV-11,Válvula de Pressão dos Porões,must-have,35,0,28,,0
682,2025-11-12,CAB-07,Cabo Trançado de Sinalização,need-to-have,0,0,0,,0
682,2025-11-12,VLV-11,Válvula de Pressão dos Porões,must-have,28,0,21,,0
683,2025-11-13,CAB-07,Cabo Trançado de Sinalização,need-to-have,0,46,40,CAB-07-PO052,0
683,2025-11-13,VLV-11,Válvula de Pressão dos Porões,must-have,21,0,15,,0
684,2025-11-14,CAB-07,Cabo Trançado de Sinalização,need-to-have,40,0,33,,0
684,2025-11-14,VLV-11,Válvula de Pressão dos Porões,must-have,15,0,7,,0
685,2025-11-15,CAB-07,Cabo Trançado de Sinalização,need-to-have,33,0,27,,0
685,2025-11-15,VLV-11,Válvula de Pressão dos Porões,must-have,7,0,1,,0
686,2025-11-16,CAB-07,Cabo Trançado de Sinalização,need-to-have,27,0,19,,42
686,2025-11-16,VLV-11,Válvula de Pressão dos Porões,must-have,1,0,0,,0
687,2025-11-17,CAB-07,Cabo Trançado de Sinalização,need-to-have,19,0,14,,0
687,2025-11-17,VLV-11,Válvula de Pressão dos Porões,must-have,0,0,0,,0
688,2025-11-18,CAB-07,Cabo Trançado de Sinalização,need-to-have,14,0,8,,0
688,2025-11-18,VLV-11,Válvula de Pressão dos Porões,must-have,0,0,0,,0
689,2025-11-19,CAB-07,Cabo Trançado de Sinalização,need-to-have,8,0,3,,0
689,2025-11-19,VLV-11,Válvula de Pressão dos Porões,must-have,0,0,0,,0
690,2025-11-20,CAB-07,Cabo Trançado de Sinalização,need-to-have,3,0,0,,0
690,2025-11-20,VLV-11,Válvula de Pressão dos Porões,must-have,0,0,0,,0
691,2025-11-21,CAB-07,Cabo Trançado de Sinalização,need-to-have,0,0,0,,0
691,2025-11-21,VLV-11,Válvula de Pressão dos Porões,must-have,0,64,57,VLV-11-PO048,0
692,2025-11-22,CAB-07,Cabo Trançado de Sinalização,need-to-have,0,0,0,,0
692,2025-11-22,VLV-11,Válvula de Pressão dos Porões,must-have,57,0,50,,0
693,2025-11-23,CAB-07,Cabo Trançado de Sinalização,need-to-have,0,0,0,,0
693,2025-11-23,VLV-11,Válvula de Pressão dos Porões,must-have,50,0,49,,0
694,2025-11-24,CAB-07,Cabo Trançado de Sinalização,need-to-have,0,0,0,,0
694,2025-11-24,VLV-11,Válvula de Pressão dos Porões,must-have,49,0,46,,0
695,2025-11-25,CAB-07,Cabo Trançado de Sinalização,need-to-have,0,0,0,,0
695,2025-11-25,VLV-11,Válvula de Pressão dos Porões,must-have,46,0,42,,0
696,2025-11-26,CAB-07,Cabo Trançado de Sinalização,need-to-have,0,0,0,,0
696,2025-11-26,VLV-11,Válvula de Pressão dos Porões,must-have,42,0,33,,59
697,2025-11-27,CAB-07,Cabo Trançado de Sinalização,need-to-have,0,0,0,,0
697,2025-11-27,VLV-11,Válvula de Pressão dos Porões,must-have,33,0,25,,0
698,2025-11-28,CAB-07,Cabo Trançado de Sinalização,need-to-have,0,42,37,CAB-07-PO053,0
698,2025-11-28,VLV-11,Válvula de Pressão dos Porões,must-have,25,0,19,,0
699,2025-11-29,CAB-07,Cabo Trançado de Sinalização,need-to-have,37,0,34,,0
699,2025-11-29,VLV-11,Válvula de Pressão dos Porões,must-have,19,0,11,,0
700,2025-11-30,CAB-07,Cabo Trançado de Sinalização,need-to-have,34,0,26,,41
700,2025-11-30,VLV-11,Válvula de Pressão dos Porões,must-have,11,0,4,,0
