day,date,sku,item_name,criticality,opening_stock,receipts_qty,closing_stock,po_ids_received,order_placed_qty
1,2024-01-01,FLT-21,Filtro de Névoa do Turboeixo,must-have,42,0,35,,0
1,2024-01-01,JNT-05,Junta de Vedação do Casco,need-to-have,52,0,48,,0
2,2024-01-02,FLT-21,Filtro de Névoa do Turboeixo,must-have,35,0,29,,68
2,2024-01-02,JNT-05,Junta de Vedação do Casco,need-to-have,48,0,43,,0
3,2024-01-03,FLT-21,Filtro de Névoa do Turboeixo,must-have,29,0,20,,0
3,2024-01-03,JNT-05,Junta de Vedação do Casco,need-to-have,43,0,37,,57
4,2024-01-04,FLT-21,Filtro de Névoa do Turboeixo,must-have,20,0,10,,0
4,2024-01-04,JNT-05,Junta de Vedação do Casco,need-to-have,37,0,32,,0
5,2024-01-05,FLT-21,Filtro de Névoa do Turboeixo,must-have,10,0,3,,0
5,2024-01-05,JNT-05,Junta de Vedação do Casco,need-to-have,32,0,28,,0
6,2024-01-06,FLT-21,Filtro de Névoa do Turboeixo,must-have,3,0,0,,0
6,2024-01-06,JNT-05,Junta de Vedação do Casco,need-to-have,28,0,25,,0
7,2024-01-07,FLT-21,Filtro de Névoa do Turboeixo,must-have,0,0,0,,0
7,2024-01-07,JNT-05,Junta de Vedação do Casco,need-to-have,25,0,19,,0
8,2024-01-08,FLT-21,Filtro de Névoa do Turboeixo,must-have,0,0,0,,0
8,2024-01-08,JNT-05,Junta de Vedação do Casco,need-to-have,19,0,13,,0
9,2024-01-09,FLT-21,Filtro de Névoa do Turboeixo,must-have,0,0,0,,0
9,2024-01-09,JNT-05,Junta de Vedação do Casco,need-to-have,13,0,4,,0
10,2024-01-10,FLT-21,Filtro de Névoa do Turboeixo,must-have,0,0,0,,0
10,2024-01-10,JNT-05,Junta de Vedação do Casco,need-to-have,4,0,1,,0
11,2024-01-11,FLT-21,Filtro de Névoa do Turboeixo,must-have,0,0,0,,0
11,2024-01-11,JNT-05,Junta de Vedação do Casco,need-to-have,1,0,0,,0
12,2024-01-12,FLT-21,Filtro de Névoa do Turboeixo,must-have,0,0,0,,0
12,2024-01-12,JNT-05,Junta de Vedação do Casco,need-to-have,0,0,0,,0
13,2024-01-13,FLT-21,Filtro de Névoa do Turboeixo,must-have,0,0,0,,0
13,2024-01-13,JNT-05,Junta de Vedação do Casco,need-to-have,0,57,52,JNT-05-PO001,0
14,2024-01-14,FLT-21,Filtro de Névoa do Turboeixo,must-have,0,68,59,FLT-21-PO001,0
14,2024-01-14,JNT-05,Junta de Vedação do Casco,need-to-have,52,0,44,,0
15,2024-01-15,FLT-21,Filtro de Névoa do Turboeixo,must-have,59,0,51,,0
15,2024-01-15,JNT-05,Junta de Vedação do Casco,need-to-have,44,0,42,,0
16,2024-01-16,FLT-21,Filtro de Névoa do Turboeixo,must-have,51,0,44,,0
16,2024-01-16,JNT-05,Junta de Vedação do Casco,need-to-have,42,0,35,,60
17,2024-01-17,FLT-21,Filtro de Névoa do Turboeixo,must-have,44,0,39,,0
17,2024-01-17,JNT-05,Junta de Vedação do Casco,need-to-have,35,0,28,,0
18,2024-01-18,FLT-21,Filtro de Névoa do Turboeixo,must-have,39,0,30,,69
18,2024-01-18,JNT-05,Junta de Vedação do Casco,need-to-have,28,0,23,,0
19,2024-01-19,FLT-21,Filtro de Névoa do Turboeixo,must-have,30,0,24,,0
19,2024-01-19,JNT-05,Junta de Vedação do Casco,need-to-have,23,0,18,,0
20,2024-01-20,FLT-21,Filtro de Névoa do Turboeixo,must-have,24,0,13,,0
20,2024-01-20,JNT-05,Junta de Vedação do Casco,need-to-have,18,0,14,,0
21,2024-01-21,FLT-21,Filtro de Névoa do Turboeixo,must-have,13,0,7,,0
21,2024-01-21,JNT-05,Junta de Vedação do Casco,need-to-have,14,0,8,,0
22,2024-01-22,FLT-21,Filtro de Névoa do Turboeixo,must-have,7,0,1,,0
22,2024-01-22,JNT-05,Junta de Vedação do Casco,need-to-have,8,0,2,,0
23,2024-01-23,FLT-21,Filtro de Névoa do Turboeixo,must-have,1,0,0,,0
23,2024-01-23,JNT-05,Junta de Vedação do Casco,need-to-have,2,0,0,,0
24,2024-01-24,FLT-21,Filtro de Névoa do Turboeixo,must-have,0,69,63,FLT-21-PO002,0
24,2024-01-24,JNT-05,Junta de Vedação do Casco,need-to-have,0,0,0,,0
25,2024-01-25,FLT-21,Filtro de Névoa do Turboeixo,must-have,63,0,57,,0
25,2024-01-25,JNT-05,Junta de Vedação do Casco,need-to-have,0,0,0,,0
26,2024-01-26,FLT-21,Filtro de Névoa do Turboeixo,must-have,57,0,48,,0
26,2024-01-26,JNT-05,Junta de Vedação do Casco,need-to-have,0,0,0,,0
27,2024-01-27,FLT-21,Filtro de Névoa do Turboeixo,must-have,48,0,38,,0
27,2024-01-27,JNT-05,Junta de Vedação do Casco,need-to-have,0,0,0,,0
28,2024-01-28,FLT-21,Filtro de Névoa do Turboeixo,must-have,38,0,27,,60
28,2024-01-28,JNT-05,Junta de Vedação do Casco,need-to-have,0,60,54,JNT-05-PO002,0
29,2024-01-29,FLT-21,Filtro de Névoa do Turboeixo,must-have,27,0,20,,0
29,2024-01-29,JNT-05,Junta de Vedação do Casco,need-to-have,54,0,48,,0
30,2024-01-30,FLT-21,Filtro de Névoa do Turboeixo,must-have,20,0,16,,0
30,2024-01-30,JNT-05,Junta de Vedação do Casco,need-to-have,48,0,41,,61
31,2024-01-31,FLT-21,Filtro de Névoa do Turboeixo,must-have,16,0,8,,0
31,2024-01-31,JNT-05,Junta de Vedação do Casco,need-to-have,41,0,36,,0
32,2024-02-01,FLT-21,Filtro de Névoa do Turboeixo,must-have,8,0,0,,0
32,2024-02-01,JNT-05,Junta de Vedação do Casco,need-to-have,36,0,35,,0
33,2024-02-02,FLT-21,Filtro de Névoa do Turboeixo,must-have,0,0,0,,0
33,2024-02-02,JNT-05,Junta de Vedação do Casco,need-to-have,35,0,29,,0
34,2024-02-03,FLT-21,Filtro de Névoa do Turboeixo,must-have,0,0,0,,0
34,2024-02-03,JNT-05,Junta de Vedação do Casco,need-to-have,29,0,25,,0
35,2024-02-04,FLT-21,Filtro de Névoa do Turboeixo,must-have,0,0,0,,0
35,2024-02-04,JNT-05,Junta de Vedação do Casco,need-to-have,25,0,20,,0
36,2024-02-05,FLT-21,Filtro de Névoa do Turboeixo,must-have,0,0,0,,0
36,2024-02-05,JNT-05,Junta de Vedação do Casco,need-to-have,20,0,16,,0
37,2024-02-06,FLT-21,Filtro de Névoa do Turboeixo,must-have,0,60,53,FLT-21-PO003,0
37,2024-02-06,JNT-05,Junta de Vedação do Casco,need-to-have,16,0,11,,0
38,2024-02-07,FLT-21,Filtro de Névoa do Turboeixo,must-have,53,0,49,,0
38,2024-02-07,JNT-05,Junta de Vedação do Casco,need-to-have,11,0,5,,0
39,2024-02-08,FLT-21,Filtro de Névoa do Turboeixo,must-have,49,0,40,,0
39,2024-02-08,JNT-05,Junta de Vedação do Casco,need-to-have,5,0,0,,0
40,2024-02-09,FLT-21,Filtro de Névoa do Turboeixo,must-have,40,0,33,,0
40,2024-02-09,JNT-05,Junta de Vedação do Casco,need-to-have,0,61,57,JNT-05-PO003,0
41,2024-02-10,FLT-21,Filtro de Névoa do Turboeixo,must-have,33,0,29,,69
41,2024-02-10,JNT-05,Junta de Vedação do Casco,need-to-have,57,0,57,,0
42,2024-02-11,FLT-21,Filtro de Névoa do Turboeixo,must-have,29,0,25,,0
42,2024-02-11,JNT-05,Junta de Vedação do Casco,need-to-have,57,0,53,,0
43,2024-02-12,FLT-21,Filtro de Névoa do Turboeixo,must-have,25,0,19,,0
43,2024-02-12,JNT-05,Junta de Vedação do Casco,need-to-have,53,0,47,,0
44,2024-02-13,FLT-21,Filtro de Névoa do Turboeixo,must-have,19,0,13,,0
44,2024-02-13,JNT-05,Junta de Vedação do Casco,need-to-have,47,0,43,,0
45,2024-02-14,FLT-21,Filtro de Névoa do Turboeixo,must-have,13,0,7,,0
45,2024-02-14,JNT-05,Junta de Vedação do Casco,need-to-have,43,0,37,,57
46,2024-02-15,FLT-21,Filtro de Névoa do Turboeixo,must-have,7,0,0,,0
46,2024-02-15,JNT-05,Junta de Vedação do Casco,need-to-have,37,0,34,,0
47,2024-02-16,FLT-21,Filtro de Névoa do Turboeixo,must-have,0,0,0,,0
47,2024-02-16,JNT-05,Junta de Vedação do Casco,need-to-have,34,0,25,,0
48,2024-02-17,FLT-21,Filtro de Névoa do Turboeixo,must-have,0,0,0,,0
48,2024-02-17,JNT-05,Junta de Vedação do Casco,need-to-have,25,0,20,,0
49,2024-02-18,FLT-21,Filtro de Névoa do Turboeixo,must-have,0,0,0,,0
49,2024-02-18,JNT-05,Junta de Vedação do Casco,need-to-have,20,0,15,,0
50,2024-02-19,FLT-21,Filtro de Névoa do Turboeixo,must-have,0,69,62,FLT-21-PO004,0
50,2024-02-19,JNT-05,Junta de Vedação do Casco,need-to-have,15,0,12,,0
51,2024-02-20,FLT-21,Filtro de Névoa do Turboeixo,must-have,62,0,55,,0
51,2024-02-20,JNT-05,Junta de Vedação do Casco,need-to-have,12,0,10,,0
52,2024-02-21,FLT-21,Filtro de Névoa do Turboeixo,must-have,55,0,49,,0
52,2024-02-21,JNT-05,Junta de Vedação do Casco,need-to-have,10,0,8,,0
53,2024-02-22,FLT-21,Filtro de Névoa do Turboeixo,must-have,49,0,45,,0
53,2024-02-22,JNT-05,Junta de Vedação do Casco,need-to-have,8,0,4,,0
54,2024-02-23,FLT-21,Filtro de Névoa do Turboeixo,must-have,45,0,40,,0
54,2024-02-23,JNT-05,Junta de Vedação do Casco,need-to-have,4,0,0,,0
55,2024-02-24,FLT-21,Filtro de Névoa do Turboeixo,must-have,40,0,30,,66
55,2024-02-24,JNT-05,Junta de Vedação do Casco,need-to-have,0,0,0,,0
56,2024-02-25,FLT-21,Filtro de Névoa do Turboeixo,must-have,30,0,20,,0
56,2024-02-25,JNT-05,Junta de Vedação do Casco,need-to-have,0,57,49,JNT-05-PO004,0
57,2024-02-26,FLT-21,Filtro de Névoa do Turboeixo,must-have,20,0,17,,0
57,2024-02-26,JNT-05,Junta de Vedação do Casco,need-to-have,49,0,45,,0
58,2024-02-27,FLT-21,Filtro de Névoa do Turboeixo,must-have,17,0,9,,0
58,2024-02-27,JNT-05,Junta de Vedação do Casco,need-to-have,45,0,42,,0
59,2024-02-28,FLT-21,Filtro de Névoa do Turboeixo,must-have,9,0,1,,0
59,2024-02-28,JNT-05,Junta de Vedação do Casco,need-to-have,42,0,36,,60
60,2024-02-29,FLT-21,Filtro de Névoa do Turboeixo,must-have,1,59,52,FLT-21-PO005,0
60,2024-02-29,JNT-05,Junta de Vedação do Casco,need-to-have,36,0,33,,0
61,2024-03-01,FLT-21,Filtro de Névoa do Turboeixo,must-have,52,0,47,,0
61,2024-03-01,JNT-05,Junta de Vedação do Casco,need-to-have,33,0,29,,0
62,2024-03-02,FLT-21,Filtro de Névoa do Turboeixo,must-have,47,0,41,,0
62,2024-03-02,JNT-05,Junta de Vedação do Casco,need-to-have,29,0,26,,0
63,2024-03-03,FLT-21,Filtro de Névoa do Turboeixo,must-have,41,0,34,,0
63,2024-03-03,JNT-05,Junta de Vedação do Casco,need-to-have,26,0,17,,0
64,2024-03-04,FLT-21,Filtro de Névoa do Turboeixo,must-have,34,0,25,,70
64,2024-03-04,JNT-05,Junta de Vedação do Casco,need-to-have,17,0,14,,0
65,2024-03-05,FLT-21,Filtro de Névoa do Turboeixo,must-have,25,0,17,,0
65,2024-03-05,JNT-05,Junta de Vedação do Casco,need-to-have,14,0,9,,0
66,2024-03-06,FLT-21,Filtro de Névoa do Turboeixo,must-have,17,0,13,,0
66,2024-03-06,JNT-05,Junta de Vedação do Casco,need-to-have,9,0,3,,0
67,2024-03-07,FLT-21,Filtro de Névoa do Turboeixo,must-have,13,0,5,,0
67,2024-03-07,JNT-05,Junta de Vedação do Casco,need-to-have,3,0,0,,0
68,2024-03-08,FLT-21,Filtro de Névoa do Turboeixo,must-have,5,0,1,,0
68,2024-03-08,JNT-05,Junta de Vedação do Casco,need-to-have,0,0,0,,0
69,2024-03-09,FLT-21,Filtro de Névoa do Turboeixo,must-have,1,0,0,,0
69,2024-03-09,JNT-05,Junta de Vedação do Casco,need-to-have,0,0,0,,0
70,2024-03-10,FLT-21,Filtro de Névoa do Turboeixo,must-have,0,0,0,,0
70,2024-03-10,JNT-05,Junta de Vedação do Casco,need-to-have,0,60,53,JNT-05-PO005,0
71,2024-03-11,FLT-21,Filtro de Névoa do Turboeixo,must-have,0,0,0,,0
71,2024-03-11,JNT-05,Junta de Vedação do Casco,need-to-have,53,0,48,,0
72,2024-03-12,FLT-21,Filtro de Névoa do Turboeixo,must-have,0,0,0,,0
72,2024-03-12,JNT-05,Junta de Vedação do Casco,need-to-have,48,0,45,,0
73,2024-03-13,FLT-21,Filtro de Névoa do Turboeixo,must-have,0,0,0,,0
73,2024-03-13,JNT-05,Junta de Vedação do Casco,need-to-have,45,0,40,,59
74,2024-03-14,FLT-21,Filtro de Névoa do Turboeixo,must-have,0,0,0,,0
74,2024-03-14,JNT-05,Junta de Vedação do Casco,need-to-have,40,0,32,,0
75,2024-03-15,FLT-21,Filtro de Névoa do Turboeixo,must-have,0,70,64,FLT-21-PO006,0
75,2024-03-15,JNT-05,Junta de Vedação do Casco,need-to-have,32,0,28,,0
76,2024-03-16,FLT-21,Filtro de Névoa do Turboeixo,must-have,64,0,53,,0
76,2024-03-16,JNT-05,Junta de Vedação do Casco,need-to-have,28,0,24,,0
77,2024-03-17,FLT-21,Filtro de Névoa do Turboeixo,must-have,53,0,46,,0
77,2024-03-17,JNT-05,Junta de Vedação do Casco,need-to-have,24,0,20,,0
78,2024-03-18,FLT-21,Filtro de Névoa do Turboeixo,must-have,46,0,38,,0
78,2024-03-18,JNT-05,Junta de Vedação do Casco,need-to-have,20,0,13,,0
79,2024-03-19,FLT-21,Filtro de Névoa do Turboeixo,must-have,38,0,33,,0
79,2024-03-19,JNT-05,Junta de Vedação do Casco,need-to-have,13,0,10,,0
80,2024-03-20,FLT-21,Filtro de Névoa do Turboeixo,must-have,33,0,22,,67
80,2024-03-20,JNT-05,Junta de Vedação do Casco,need-to-have,10,59,66,JNT-05-PO006,0
81,2024-03-21,FLT-21,Filtro de Névoa do Turboeixo,must-have,22,0,17,,0
81,2024-03-21,JNT-05,Junta de Vedação do Casco,need-to-have,66,0,61,,0
82,2024-03-22,FLT-21,Filtro de Névoa do Turboeixo,must-have,17,0,11,,0
82,2024-03-22,JNT-05,Junta de Vedação do Casco,need-to-have,61,0,54,,0
83,2024-03-23,FLT-21,Filtro de Névoa do Turboeixo,must-have,11,0,3,,0
83,2024-03-23,JNT-05,Junta de Vedação do Casco,need-to-have,54,0,50,,0
84,2024-03-24,FLT-21,Filtro de Névoa do Turboeixo,must-have,3,0,0,,0
84,2024-03-24,JNT-05,Junta de Vedação do Casco,need-to-have,50,0,44,,0
85,2024-03-25,FLT-21,Filtro de Névoa do Turboeixo,must-have,0,0,0,,0
85,2024-03-25,JNT-05,Junta de Vedação do Casco,need-to-have,44,0,37,,58
86,2024-03-26,FLT-21,Filtro de Névoa do Turboeixo,must-have,0,0,0,,0
86,2024-03-26,JNT-05,Junta de Vedação do Casco,need-to-have,37,0,30,,0
87,2024-03-27,FLT-21,Filtro de Névoa do Turboeixo,must-have,0,0,0,,0
87,2024-03-27,JNT-05,Junta de Vedação do Casco,need-to-have,30,0,22,,0
88,2024-03-28,FLT-21,Filtro de Névoa do Turboeixo,must-have,0,60,50,FLT-21-PO007,0
88,2024-03-28,JNT-05,Junta de Vedação do Casco,need-to-have,22,0,16,,0
89,2024-03-29,FLT-21,Filtro de Névoa do Turboeixo,must-have,50,0,40,,0
89,2024-03-29,JNT-05,Junta de Vedação do Casco,need-to-have,16,0,11,,0
90,2024-03-30,FLT-21,Filtro de Névoa do Turboeixo,must-have,40,0,31,,68
90,2024-03-30,JNT-05,Junta de Vedação do Casco,need-to-have,11,0,3,,0
91,2024-03-31,FLT-21,Filtro de Névoa do Turboeixo,must-have,31,0,25,,0
91,2024-03-31,JNT-05,Junta de Vedação do Casco,need-to-have,3,0,0,,0
92,2024-04-01,FLT-21,Filtro de Névoa do Turboeixo,must-have,25,0,15,,0
92,2024-04-01,JNT-05,Junta de Vedação do Casco,need-to-have,0,0,0,,0
93,2024-04-02,FLT-21,Filtro de Névoa do Turboeixo,must-have,15,0,10,,0
93,2024-04-02,JNT-05,Junta de Vedação do Casco,need-to-have,0,0,0,,0
94,2024-04-03,FLT-21,Filtro de Névoa do Turboeixo,must-have,10,0,6,,0
94,2024-04-03,JNT-05,Junta de Vedação do Casco,need-to-have,0,0,0,,0
95,2024-04-04,FLT-21,Filtro de Névoa do Turboeixo,must-have,6,0,0,,0
95,2024-04-04,JNT-05,Junta de Vedação do Casco,need-to-have,0,58,52,JNT-05-PO007,0
96,2024-04-05,FLT-21,Filtro de Névoa do Turboeixo,must-have,0,0,0,,0
96,2024-04-05,JNT-05,Junta de Vedação do Casco,need-to-have,52,0,47,,0
97,2024-04-06,FLT-21,Filtro de Névoa do Turboeixo,must-have,0,0,0,,0
97,2024-04-06,JNT-05,Junta de Vedação do Casco,need-to-have,47,0,45,,0
98,2024-04-07,FLT-21,Filtro de Névoa do Turboeixo,must-have,0,0,0,,0
98,2024-04-07,JNT-05,Junta de Vedação do Casco,need-to-have,45,0,36,,62
99,2024-04-08,FLT-21,Filtro de Névoa do Turboeixo,must-have,0,68,64,FLT-21-PO008,0
99,2024-04-08,JNT-05,Junta de Vedação do Casco,need-to-have,36,0,32,,0
100,2024-04-09,FLT-21,Filtro de Névoa do Turboeixo,must-have,64,0,54,,0
100,2024-04-09,JNT-05,Junta de Vedação do Casco,need-to-have,32,0,26,,0
101,2024-04-10,FLT-21,Filtro de Névoa do Turboeixo,must-have,54,0,47,,0
101,2024-04-10,JNT-05,Junta de Vedação do Casco,need-to-have,26,0,21,,0
102,2024-04-11,FLT-21,Filtro de Névoa do Turboeixo,must-have,47,0,44,,0
102,2024-04-11,JNT-05,Junta de Vedação do Casco,need-to-have,21,0,20,,0
103,2024-04-12,FLT-21,Filtro de Névoa do Turboeixo,must-have,44,0,36,,0
103,2024-04-12,JNT-05,Junta de Vedação do Casco,need-to-have,20,0,15,,0
104,2024-04-13,FLT-21,Filtro de Névoa do Turboeixo,must-have,36,0,30,,67
104,2024-04-13,JNT-05,Junta de Vedação do Casco,need-to-have,15,0,9,,0
105,2024-04-14,FLT-21,Filtro de Névoa do Turboeixo,must-have,30,0,22,,0
105,2024-04-14,JNT-05,Junta de Vedação do Casco,need-to-have,9,0,2,,0
106,2024-04-15,FLT-21,Filtro de Névoa do Turboeixo,must-have,22,0,19,,0
106,2024-04-15,JNT-05,Junta de Vedação do Casco,need-to-have,2,0,0,,0
107,2024-04-16,FLT-21,Filtro de Névoa do Turboeixo,must-have,19,0,9,,0
107,2024-04-16,JNT-05,Junta de Vedação do Casco,need-to-have,0,0,0,,0
108,2024-04-17,FLT-21,Filtro de Névoa do Turboeixo,must-have,9,0,2,,0
108,2024-04-17,JNT-05,Junta de Vedação do Casco,need-to-have,0,62,60,JNT-05-PO008,0
109,2024-04-18,FLT-21,Filtro de Névoa do Turboeixo,must-have,2,0,0,,0
109,2024-04-18,JNT-05,Junta de Vedação do Casco,need-to-have,60,0,54,,0
110,2024-04-19,FLT-21,Filtro de Névoa do Turboeixo,must-have,0,67,61,FLT-21-PO009,0
110,2024-04-19,JNT-05,Junta de Vedação do Casco,need-to-have,54,0,49,,0
111,2024-04-20,FLT-21,Filtro de Névoa do Turboeixo,must-have,61,0,54,,0
111,2024-04-20,JNT-05,Junta de Vedação do Casco,need-to-have,49,0,44,,0
112,2024-04-21,FLT-21,Filtro de Névoa do Turboeixo,must-have,54,0,50,,0
112,2024-04-21,JNT-05,Junta de Vedação do Casco,need-to-have,44,0,39,,56
113,2024-04-22,FLT-21,Filtro de Névoa do Turboeixo,must-have,50,0,43,,0
113,2024-04-22,JNT-05,Junta de Vedação do Casco,need-to-have,39,0,36,,0
114,2024-04-23,FLT-21,Filtro de Névoa do Turboeixo,must-have,43,0,32,,66
114,2024-04-23,JNT-05,Junta de Vedação do Casco,need-to-have,36,0,33,,0
115,2024-04-24,FLT-21,Filtro de Névoa do Turboeixo,must-have,32,0,25,,0
115,2024-04-24,JNT-05,Junta de Vedação do Casco,need-to-have,33,0,32,,0
116,2024-04-25,FLT-21,Filtro de Névoa do Turboeixo,must-have,25,0,15,,0
116,2024-04-25,JNT-05,Junta de Vedação do Casco,need-to-have,32,0,30,,0
117,2024-04-26,FLT-21,Filtro de Névoa do Turboeixo,must-have,15,0,9,,0
117,2024-04-26,JNT-05,Junta de Vedação do Casco,need-to-have,30,0,21,,0
118,2024-04-27,FLT-21,Filtro de Névoa do Turboeixo,must-have,9,0,0,,0
118,2024-04-27,JNT-05,Junta de Vedação do Casco,need-to-have,21,0,18,,0
119,2024-04-28,FLT-21,Filtro de Névoa do Turboeixo,must-have,0,0,0,,0
119,2024-04-28,JNT-05,Junta de Vedação do Casco,need-to-have,18,0,12,,0
120,2024-04-29,FLT-21,Filtro de Névoa do Turboeixo,must-have,0,0,0,,0
120,2024-04-29,JNT-05,Junta de Vedação do Casco,need-to-have,12,0,7,,0
121,2024-04-30,FLT-21,Filtro de Névoa do Turboeixo,must-have,0,66,60,FLT-21-PO010,0
121,2024-04-30,JNT-05,Junta de Vedação do Casco,need-to-have,7,0,0,,0
122,2024-05-01,FLT-21,Filtro de Névoa do Turboeixo,must-have,60,0,51,,0
122,2024-05-01,JNT-05,Junta de Vedação do Casco,need-to-have,0,0,0,,0
123,2024-05-02,FLT-21,Filtro de Névoa do Turboeixo,must-have,51,0,43,,0
123,2024-05-02,JNT-05,Junta de Vedação do Casco,need-to-have,0,0,0,,0
124,2024-05-03,FLT-21,Filtro de Névoa do Turboeixo,must-have,43,0,41,,0
124,2024-05-03,JNT-05,Junta de Vedação do Casco,need-to-have,0,0,0,,0
125,2024-05-04,FLT-21,Filtro de Névoa do Turboeixo,must-have,41,0,33,,0
125,2024-05-04,JNT-05,Junta de Vedação do Casco,need-to-have,0,0,0,,0
126,2024-05-05,FLT-21,Filtro de Névoa do Turboeixo,must-have,33,0,26,,61
126,2024-05-05,JNT-05,Junta de Vedação do Casco,need-to-have,0,0,0,,0
127,2024-05-06,FLT-21,Filtro de Névoa do Turboeixo,must-have,26,0,20,,0
127,2024-05-06,JNT-05,Junta de Vedação do Casco,need-to-have,0,48,42,JNT-05-PO009,0
128,2024-05-07,FLT-21,Filtro de Névoa do Turboeixo,must-have,20,0,11,,0
128,2024-05-07,JNT-05,Junta de Vedação do Casco,need-to-have,42,0,39,,56
129,2024-05-08,FLT-21,Filtro de Névoa do Turboeixo,must-have,11,52,54,FLT-21-PO011,0
129,2024-05-08,JNT-05,Junta de Vedação do Casco,need-to-have,39,0,32,,0
130,2024-05-09,FLT-21,Filtro de Névoa do Turboeixo,must-have,54,0,47,,0
130,2024-05-09,JNT-05,Junta de Vedação do Casco,need-to-have,32,0,26,,0
131,2024-05-10,FLT-21,Filtro de Névoa do Turboeixo,must-have,47,0,39,,0
131,2024-05-10,JNT-05,Junta de Vedação do Casco,need-to-have,26,0,20,,0
132,2024-05-11,FLT-21,Filtro de Névoa do Turboeixo,must-have,39,0,32,,61
132,2024-05-11,JNT-05,Junta de Vedação do Casco,need-to-have,20,0,17,,0
133,2024-05-12,FLT-21,Filtro de Névoa do Turboeixo,must-have,32,0,24,,0
133,2024-05-12,JNT-05,Junta de Vedação do Casco,need-to-have,17,0,16,,0
134,2024-05-13,FLT-21,Filtro de Névoa do Turboeixo,must-have,24,0,16,,0
134,2024-05-13,JNT-05,Junta de Vedação do Casco,need-to-have,16,0,10,,0
135,2024-05-14,FLT-21,Filtro de Névoa do Turboeixo,must-have,16,0,11,,0
135,2024-05-14,JNT-05,Junta de Vedação do Casco,need-to-have,10,0,6,,0
136,2024-05-15,FLT-21,Filtro de Névoa do Turboeixo,must-have,11,0,5,,0
136,2024-05-15,JNT-05,Junta de Vedação do Casco,need-to-have,6,0,2,,0
137,2024-05-16,FLT-21,Filtro de Névoa do Turboeixo,must-have,5,0,1,,0
137,2024-05-16,JNT-05,Junta de Vedação do Casco,need-to-have,2,0,0,,0
138,2024-05-17,FLT-21,Filtro de Névoa do Turboeixo,must-have,1,0,0,,0
138,2024-05-17,JNT-05,Junta de Vedação do Casco,need-to-have,0,0,0,,0
139,2024-05-18,FLT-21,Filtro de Névoa do Turboeixo,must-have,0,0,0,,0
139,2024-05-18,JNT-05,Junta de Vedação do Casco,need-to-have,0,0,0,,0
140,2024-05-19,FLT-21,Filtro de Névoa do Turboeixo,must-have,0,0,0,,0
140,2024-05-19,JNT-05,Junta de Vedação do Casco,need-to-have,0,0,0,,0
141,2024-05-20,FLT-21,Filtro de Névoa do Turboeixo,must-have,0,0,0,,0
141,2024-05-20,JNT-05,Junta de Vedação do Casco,need-to-have,0,0,0,,0
142,2024-05-21,FLT-21,Filtro de Névoa do Turboeixo,must-have,0,61,54,FLT-21-PO012,0
142,2024-05-21,JNT-05,Junta de Vedação do Casco,need-to-have,0,0,0,,0
143,2024-05-22,FLT-21,Filtro de Névoa do Turboeixo,must-have,54,0,46,,0
143,2024-05-22,JNT-05,Junta de Vedação do Casco,need-to-have,0,0,0,,0
144,2024-05-23,FLT-21,Filtro de Névoa do Turboeixo,must-have,46,0,43,,0
144,2024-05-23,JNT-05,Junta de Vedação do Casco,need-to-have,0,0,0,,0
145,2024-05-24,FLT-21,Filtro de Névoa do Turboeixo,must-have,43,0,36,,0
145,2024-05-24,JNT-05,Junta de Vedação do Casco,need-to-have,0,56,51,JNT-05-PO010,0
146,2024-05-25,FLT-21,Filtro de Névoa do Turboeixo,must-have,36,0,28,,70
146,2024-05-25,JNT-05,Junta de Vedação do Casco,need-to-have,51,0,46,,0
147,2024-05-26,FLT-21,Filtro de Névoa do Turboeixo,must-have,28,0,22,,0
147,2024-05-26,JNT-05,Junta de Vedação do Casco,need-to-have,46,0,40,,62
148,2024-05-27,FLT-21,Filtro de Névoa do Turboeixo,must-have,22,0,15,,0
148,2024-05-27,JNT-05,Junta de Vedação do Casco,need-to-have,40,0,36,,0
149,2024-05-28,FLT-21,Filtro de Névoa do Turboeixo,must-have,15,0,11,,0
149,2024-05-28,JNT-05,Junta de Vedação do Casco,need-to-have,36,0,33,,0
150,2024-05-29,FLT-21,Filtro de Névoa do Turboeixo,must-have,11,0,4,,0
150,2024-05-29,JNT-05,Junta de Vedação do Casco,need-to-have,33,0,28,,0
151,2024-05-30,FLT-21,Filtro de Névoa do Turboeixo,must-have,4,0,0,,0
151,2024-05-30,JNT-05,Junta de Vedação do Casco,need-to-have,28,0,25,,0
152,2024-05-31,FLT-21,Filtro de Névoa do Turboeixo,must-have,0,0,0,,0
152,2024-05-31,JNT-05,Junta de Vedação do Casco,need-to-have,25,0,15,,0
153,2024-06-01,FLT-21,Filtro de Névoa do Turboeixo,must-have,0,0,0,,0
153,2024-06-01,JNT-05,Junta de Vedação do Casco,need-to-have,15,56,67,JNT-05-PO011,0
154,2024-06-02,FLT-21,Filtro de Névoa do Turboeixo,must-have,0,0,0,,0
154,2024-06-02,JNT-05,Junta de Vedação do Casco,need-to-have,67,0,59,,0
155,2024-06-03,FLT-21,Filtro de Névoa do Turboeixo,must-have,0,0,0,,0
155,2024-06-03,JNT-05,Junta de Vedação do Casco,need-to-have,59,0,55,,0
156,2024-06-04,FLT-21,Filtro de Névoa do Turboeixo,must-have,0,70,62,FLT-21-PO013,0
156,2024-06-04,JNT-05,Junta de Vedação do Casco,need-to-have,55,0,51,,0
157,2024-06-05,FLT-21,Filtro de Névoa do Turboeixo,must-have,62,0,56,,0
157,2024-06-05,JNT-05,Junta de Vedação do Casco,need-to-have,51,0,44,,0
158,2024-06-06,FLT-21,Filtro de Névoa do Turboeixo,must-have,56,0,47,,0
158,2024-06-06,JNT-05,Junta de Vedação do Casco,need-to-have,44,0,39,,65
159,2024-06-07,FLT-21,Filtro de Névoa do Turboeixo,must-have,47,0,43,,0
159,2024-06-07,JNT-05,Junta de Vedação do Casco,need-to-have,39,0,31,,0
160,2024-06-08,FLT-21,Filtro de Névoa do Turboeixo,must-have,43,0,36,,0
160,2024-06-08,JNT-05,Junta de Vedação do Casco,need-to-have,31,0,26,,0
161,2024-06-09,FLT-21,Filtro de Névoa do Turboeixo,must-have,36,0,30,,61
161,2024-06-09,JNT-05,Junta de Vedação do Casco,need-to-have,26,0,22,,0
162,2024-06-10,FLT-21,Filtro de Névoa do Turboeixo,must-have,30,0,25,,0
162,2024-06-10,JNT-05,Junta de Vedação do Casco,need-to-have,22,0,14,,0
163,2024-06-11,FLT-21,Filtro de Névoa do Turboeixo,must-have,25,0,17,,0
163,2024-06-11,JNT-05,Junta de Vedação do Casco,need-to-have,14,0,9,,0
164,2024-06-12,FLT-21,Filtro de Névoa do Turboeixo,must-have,17,0,12,,0
164,2024-06-12,JNT-05,Junta de Vedação do Casco,need-to-have,9,0,1,,0
165,2024-06-13,FLT-21,Filtro de Névoa do Turboeixo,must-have,12,0,7,,0
165,2024-06-13,JNT-05,Junta de Vedação do Casco,need-to-have,1,0,0,,0
166,2024-06-14,FLT-21,Filtro de Névoa do Turboeixo,must-have,7,0,0,,0
166,2024-06-14,JNT-05,Junta de Vedação do Casco,need-to-have,0,0,0,,0
167,2024-06-15,FLT-21,Filtro de Névoa do Turboeixo,must-have,0,0,0,,0
167,2024-06-15,JNT-05,Junta de Vedação do Casco,need-to-have,0,0,0,,0
168,2024-06-16,FLT-21,Filtro de Névoa do Turboeixo,must-have,0,0,0,,0
168,2024-06-16,JNT-05,Junta de Vedação do Casco,need-to-have,0,0,0,,0
169,2024-06-17,FLT-21,Filtro de Névoa do Turboeixo,must-have,0,52,49,FLT-21-PO014,0
169,2024-06-17,JNT-05,Junta de Vedação do Casco,need-to-have,0,0,0,,0
170,2024-06-18,FLT-21,Filtro de Névoa do Turboeixo,must-have,49,0,40,,0
170,2024-06-18,JNT-05,Junta de Vedação do Casco,need-to-have,0,0,0,,0
171,2024-06-19,FLT-21,Filtro de Névoa do Turboeixo,must-have,40,0,36,,0
171,2024-06-19,JNT-05,Junta de Vedação do Casco,need-to-have,0,0,0,,0
172,2024-06-20,FLT-21,Filtro de Névoa do Turboeixo,must-have,36,0,26,,71
172,2024-06-20,JNT-05,Junta de Vedação do Casco,need-to-have,0,0,0,,0
173,2024-06-21,FLT-21,Filtro de Névoa do Turboeixo,must-have,26,0,17,,0
173,2024-06-21,JNT-05,Junta de Vedação do Casco,need-to-have,0,0,0,,0
174,2024-06-22,FLT-21,Filtro de Névoa do Turboeixo,must-have,17,0,6,,0
174,2024-06-22,JNT-05,Junta de Vedação do Casco,need-to-have,0,0,0,,0
175,2024-06-23,FLT-21,Filtro de Névoa do Turboeixo,must-have,6,0,2,,0
175,2024-06-23,JNT-05,Junta de Vedação do Casco,need-to-have,0,0,0,,0
176,2024-06-24,FLT-21,Filtro de Névoa do Turboeixo,must-have,2,0,0,,0
176,2024-06-24,JNT-05,Junta de Vedação do Casco,need-to-have,0,0,0,,0
177,2024-06-25,FLT-21,Filtro de Névoa do Turboeixo,must-have,0,0,0,,0
177,2024-06-25,JNT-05,Junta de Vedação do Casco,need-to-have,0,0,0,,0
178,2024-06-26,FLT-21,Filtro de Névoa do Turboeixo,must-have,0,0,0,,0
178,2024-06-26,JNT-05,Junta de Vedação do Casco,need-to-have,0,65,61,JNT-05-PO012,0
179,2024-06-27,FLT-21,Filtro de Névoa do Turboeixo,must-have,0,0,0,,0
179,2024-06-27,JNT-05,Junta de Vedação do Casco,need-to-have,61,0,55,,0
180,2024-06-28,FLT-21,Filtro de Névoa do Turboeixo,must-have,0,71,62,FLT-21-PO015,0
180,2024-06-28,JNT-05,Junta de Vedação do Casco,need-to-have,55,0,50,,0
181,2024-06-29,FLT-21,Filtro de Névoa do Turboeixo,must-have,62,0,53,,0
181,2024-06-29,JNT-05,Junta de Vedação do Casco,need-to-have,50,0,45,,0
182,2024-06-30,FLT-21,Filtro de Névoa do Turboeixo,must-have,53,0,45,,0
182,2024-06-30,JNT-05,Junta de Vedação do Casco,need-to-have,45,0,41,,66
183,2024-07-01,FLT-21,Filtro de Névoa do Turboeixo,must-have,45,0,35,,0
183,2024-07-01,JNT-05,Junta de Vedação do Casco,need-to-have,41,0,35,,0
184,2024-07-02,FLT-21,Filtro de Névoa do Turboeixo,must-have,35,0,28,,71
184,2024-07-02,JNT-05,Junta de Vedação do Casco,need-to-have,35,0,30,,0
185,2024-07-03,FLT-21,Filtro de Névoa do Turboeixo,must-have,28,0,22,,0
185,2024-07-03,JNT-05,Junta de Vedação do Casco,need-to-have,30,0,22,,0
186,2024-07-04,FLT-21,Filtro de Névoa do Turboeixo,must-have,22,0,15,,0
186,2024-07-04,JNT-05,Junta de Vedação do Casco,need-to-have,22,0,17,,0
187,2024-07-05,FLT-21,Filtro de Névoa do Turboeixo,must-have,15,0,6,,0
187,2024-07-05,JNT-05,Junta de Vedação do Casco,need-to-have,17,0,12,,0
188,2024-07-06,FLT-21,Filtro de Névoa do Turboeixo,must-have,6,0,0,,0
188,2024-07-06,JNT-05,Junta de Vedação do Casco,need-to-have,12,0,10,,0
189,2024-07-07,FLT-21,Filtro de Névoa do Turboeixo,must-have,0,0,0,,0
189,2024-07-07,JNT-05,Junta de Vedação do Casco,need-to-have,10,0,5,,0
190,2024-07-08,FLT-21,Filtro de Névoa do Turboeixo,must-have,0,0,0,,0
190,2024-07-08,JNT-05,Junta de Vedação do Casco,need-to-have,5,0,0,,0
191,2024-07-09,FLT-21,Filtro de Névoa do Turboeixo,must-have,0,0,0,,0
191,2024-07-09,JNT-05,Junta de Vedação do Casco,need-to-have,0,0,0,,0
192,2024-07-10,FLT-21,Filtro de Névoa do Turboeixo,must-have,0,0,0,,0
192,2024-07-10,JNT-05,Junta de Vedação do Casco,need-to-have,0,0,0,,0
193,2024-07-11,FLT-21,Filtro de Névoa do Turboeixo,must-have,0,0,0,,0
193,2024-07-11,JNT-05,Junta de Vedação do Casco,need-to-have,0,0,0,,0
194,2024-07-12,FLT-21,Filtro de Névoa do Turboeixo,must-have,0,71,63,FLT-21-PO016,0
194,2024-07-12,JNT-05,Junta de Vedação do Casco,need-to-have,0,66,57,JNT-05-PO013,0
195,2024-07-13,FLT-21,Filtro de Névoa do Turboeixo,must-have,63,0,59,,0
195,2024-07-13,JNT-05,Junta de Vedação do Casco,need-to-have,57,0,54,,0
196,2024-07-14,FLT-21,Filtro de Névoa do Turboeixo,must-have,59,0,49,,0
196,2024-07-14,JNT-05,Junta de Vedação do Casco,need-to-have,54,0,47,,0
197,2024-07-15,FLT-21,Filtro de Névoa do Turboeixo,must-have,49,0,44,,0
197,2024-07-15,JNT-05,Junta de Vedação do Casco,need-to-have,47,0,42,,0
198,2024-07-16,FLT-21,Filtro de Névoa do Turboeixo,must-have,44,0,38,,0
198,2024-07-16,JNT-05,Junta de Vedação do Casco,need-to-have,42,0,40,,65
199,2024-07-17,FLT-21,Filtro de Névoa do Turboeixo,must-have,38,0,31,,68
199,2024-07-17,JNT-05,Junta de Vedação do Casco,need-to-have,40,0,39,,0
200,2024-07-18,FLT-21,Filtro de Névoa do Turboeixo,must-have,31,0,25,,0
200,2024-07-18,JNT-05,Junta de Vedação do Casco,need-to-have,39,0,31,,0
201,2024-07-19,FLT-21,Filtro de Névoa do Turboeixo,must-have,25,0,17,,0
201,2024-07-19,JNT-05,Junta de Vedação do Casco,need-to-have,31,0,27,,0
202,2024-07-20,FLT-21,Filtro de Névoa do Turboeixo,must-have,17,0,10,,0
202,2024-07-20,JNT-05,Junta de Vedação do Casco,need-to-have,27,0,22,,0
203,2024-07-21,FLT-21,Filtro de Névoa do Turboeixo,must-have,10,0,6,,0
203,2024-07-21,JNT-05,Junta de Vedação do Casco,need-to-have,22,0,17,,0
204,2024-07-22,FLT-21,Filtro de Névoa do Turboeixo,must-have,6,0,0,,0
204,2024-07-22,JNT-05,Junta de Vedação do Casco,need-to-have,17,0,13,,0
205,2024-07-23,FLT-21,Filtro de Névoa do Turboeixo,must-have,0,0,0,,0
205,2024-07-23,JNT-05,Junta de Vedação do Casco,need-to-have,13,0,8,,0
206,2024-07-24,FLT-21,Filtro de Névoa do Turboeixo,must-have,0,0,0,,0
206,2024-07-24,JNT-05,Junta de Vedação do Casco,need-to-have,8,0,3,,0
207,2024-07-25,FLT-21,Filtro de Névoa do Turboeixo,must-have,0,68,65,FLT-21-PO017,0
207,2024-07-25,JNT-05,Junta de Vedação do Casco,need-to-have,3,65,60,JNT-05-PO014,0
208,2024-07-26,FLT-21,Filtro de Névoa do Turboeixo,must-have,65,0,55,,0
208,2024-07-26,JNT-05,Junta de Vedação do Casco,need-to-have,60,0,55,,0
209,2024-07-27,FLT-21,Filtro de Névoa do Turboeixo,must-have,55,0,50,,0
209,2024-07-27,JNT-05,Junta de Vedação do Casco,need-to-have,55,0,50,,0
210,2024-07-28,FLT-21,Filtro de Névoa do Turboeixo,must-have,50,0,48,,0
210,2024-07-28,JNT-05,Junta de Vedação do Casco,need-to-have,50,0,46,,0
211,2024-07-29,FLT-21,Filtro de Névoa do Turboeixo,must-have,48,0,40,,0
211,2024-07-29,JNT-05,Junta de Vedação do Casco,need-to-have,46,0,42,,0
212,2024-07-30,FLT-21,Filtro de Névoa do Turboeixo,must-have,40,0,32,,60
212,2024-07-30,JNT-05,Junta de Vedação do Casco,need-to-have,42,0,38,,55
213,2024-07-31,FLT-21,Filtro de Névoa do Turboeixo,must-have,32,0,21,,0
213,2024-07-31,JNT-05,Junta de Vedação do Casco,need-to-have,38,0,29,,0
214,2024-08-01,FLT-21,Filtro de Névoa do Turboeixo,must-have,21,0,13,,0
214,2024-08-01,JNT-05,Junta de Vedação do Casco,need-to-have,29,0,23,,0
215,2024-08-02,FLT-21,Filtro de Névoa do Turboeixo,must-have,13,0,6,,0
215,2024-08-02,JNT-05,Junta de Vedação do Casco,need-to-have,23,0,15,,0
216,2024-08-03,FLT-21,Filtro de Névoa do Turboeixo,must-have,6,0,2,,0
216,2024-08-03,JNT-05,Junta de Vedação do Casco,need-to-have,15,0,9,,0
217,2024-08-04,FLT-21,Filtro de Névoa do Turboeixo,must-have,2,0,0,,0
217,2024-08-04,JNT-05,Junta de Vedação do Casco,need-to-have,9,0,4,,0
218,2024-08-05,FLT-21,Filtro de Névoa do Turboeixo,must-have,0,60,54,FLT-21-PO018,0
218,2024-08-05,JNT-05,Junta de Vedação do Casco,need-to-have,4,0,0,,0
219,2024-08-06,FLT-21,Filtro de Névoa do Turboeixo,must-have,54,0,50,,0
219,2024-08-06,JNT-05,Junta de Vedação do Casco,need-to-have,0,0,0,,0
220,2024-08-07,FLT-21,Filtro de Névoa do Turboeixo,must-have,50,0,43,,0
220,2024-08-07,JNT-05,Junta de Vedação do Casco,need-to-have,0,0,0,,0
221,2024-08-08,FLT-21,Filtro de Névoa do Turboeixo,must-have,43,0,37,,0
221,2024-08-08,JNT-05,Junta de Vedação do Casco,need-to-have,0,0,0,,0
222,2024-08-09,FLT-21,Filtro de Névoa do Turboeixo,must-have,37,0,30,,69
222,2024-08-09,JNT-05,Junta de Vedação do Casco,need-to-have,0,0,0,,0
223,2024-08-10,FLT-21,Filtro de Névoa do Turboeixo,must-have,30,0,20,,0
223,2024-08-10,JNT-05,Junta de Vedação do Casco,need-to-have,0,0,0,,0
224,2024-08-11,FLT-21,Filtro de Névoa do Turboeixo,must-have,20,0,14,,0
224,2024-08-11,JNT-05,Junta de Vedação do Casco,need-to-have,0,0,0,,0
225,2024-08-12,FLT-21,Filtro de Névoa do Turboeixo,must-have,14,0,9,,0
225,2024-08-12,JNT-05,Junta de Vedação do Casco,need-to-have,0,0,0,,0
226,2024-08-13,FLT-21,Filtro de Névoa do Turboeixo,must-have,9,0,3,,0
226,2024-08-13,JNT-05,Junta de Vedação do Casco,need-to-have,0,55,50,JNT-05-PO015,0
227,2024-08-14,FLT-21,Filtro de Névoa do Turboeixo,must-have,3,0,0,,0
227,2024-08-14,JNT-05,Junta de Vedação do Casco,need-to-have,50,0,44,,0
228,2024-08-15,FLT-21,Filtro de Névoa do Turboeixo,must-have,0,0,0,,0
228,2024-08-15,JNT-05,Junta de Vedação do Casco,need-to-have,44,0,38,,66
229,2024-08-16,FLT-21,Filtro de Névoa do Turboeixo,must-have,0,69,62,FLT-21-PO019,0
229,2024-08-16,JNT-05,Junta de Vedação do Casco,need-to-have,38,0,32,,0
230,2024-08-17,FLT-21,Filtro de Névoa do Turboeixo,must-have,62,0,54,,0
230,2024-08-17,JNT-05,Junta de Vedação do Casco,need-to-have,32,0,26,,0
231,2024-08-18,FLT-21,Filtro de Névoa do Turboeixo,must-have,54,0,47,,0
231,2024-08-18,JNT-05,Junta de Vedação do Casco,need-to-have,26,0,19,,0
232,2024-08-19,FLT-21,Filtro de Névoa do Turboeixo,must-have,47,0,40,,0
232,2024-08-19,JNT-05,Junta de Vedação do Casco,need-to-have,19,0,14,,0
233,2024-08-20,FLT-21,Filtro de Névoa do Turboeixo,must-have,40,0,34,,0
233,2024-08-20,JNT-05,Junta de Vedação do Casco,need-to-have,14,0,8,,0
234,2024-08-21,FLT-21,Filtro de Névoa do Turboeixo,must-have,34,0,26,,73
234,2024-08-21,JNT-05,Junta de Vedação do Casco,need-to-have,8,0,3,,0
235,2024-08-22,FLT-21,Filtro de Névoa do Turboeixo,must-have,26,0,17,,0
235,2024-08-22,JNT-05,Junta de Vedação do Casco,need-to-have,3,0,0,,0
236,2024-08-23,FLT-21,Filtro de Névoa do Turboeixo,must-have,17,0,10,,0
236,2024-08-23,JNT-05,Junta de Vedação do Casco,need-to-have,0,0,0,,0
237,2024-08-24,FLT-21,Filtro de Névoa do Turboeixo,must-have,10,0,4,,0
237,2024-08-24,JNT-05,Junta de Vedação do Casco,need-to-have,0,0,0,,0
238,2024-08-25,FLT-21,Filtro de Névoa do Turboeixo,must-have,4,0,0,,0
238,2024-08-25,JNT-05,Junta de Vedação do Casco,need-to-have,0,0,0,,0
239,2024-08-26,FLT-21,Filtro de Névoa do Turboeixo,must-have,0,0,0,,0
239,2024-08-26,JNT-05,Junta de Vedação do Casco,need-to-have,0,66,63,JNT-05-PO016,0
240,2024-08-27,FLT-21,Filtro de Névoa do Turboeixo,must-have,0,0,0,,0
240,2024-08-27,JNT-05,Junta de Vedação do Casco,need-to-have,63,0,57,,0
241,2024-08-28,FLT-21,Filtro de Névoa do Turboeixo,must-have,0,0,0,,0
241,2024-08-28,JNT-05,Junta de Vedação do Casco,need-to-have,57,0,52,,0
242,2024-08-29,FLT-21,Filtro de Névoa do Turboeixo,must-have,0,0,0,,0
242,2024-08-29,JNT-05,Junta de Vedação do Casco,need-to-have,52,0,46,,0
243,2024-08-30,FLT-21,Filtro de Névoa do Turboeixo,must-have,0,73,65,FLT-21-PO020,0
243,2024-08-30,JNT-05,Junta de Vedação do Casco,need-to-have,46,0,43,,0
244,2024-08-31,FLT-21,Filtro de Névoa do Turboeixo,must-have,65,0,54,,0
244,2024-08-31,JNT-05,Junta de Vedação do Casco,need-to-have,43,0,36,,57
245,2024-09-01,FLT-21,Filtro de Névoa do Turboeixo,must-have,54,0,44,,0
245,2024-09-01,JNT-05,Junta de Vedação do Casco,need-to-have,36,0,31,,0
246,2024-09-02,FLT-21,Filtro de Névoa do Turboeixo,must-have,44,0,39,,0
246,2024-09-02,JNT-05,Junta de Vedação do Casco,need-to-have,31,0,25,,0
247,2024-09-03,FLT-21,Filtro de Névoa do Turboeixo,must-have,39,0,29,,63
247,2024-09-03,JNT-05,Junta de Vedação do Casco,need-to-have,25,0,19,,0
248,2024-09-04,FLT-21,Filtro de Névoa do Turboeixo,must-have,29,0,21,,0
248,2024-09-04,JNT-05,Junta de Vedação do Casco,need-to-have,19,0,11,,0
249,2024-09-05,FLT-21,Filtro de Névoa do Turboeixo,must-have,21,0,15,,0
249,2024-09-05,JNT-05,Junta de Vedação do Casco,need-to-have,11,0,9,,0
250,2024-09-06,FLT-21,Filtro de Névoa do Turboeixo,must-have,15,0,9,,0
250,2024-09-06,JNT-05,Junta de Vedação do Casco,need-to-have,9,0,2,,0
251,2024-09-07,FLT-21,Filtro de Névoa do Turboeixo,must-have,9,0,1,,0
251,2024-09-07,JNT-05,Junta de Vedação do Casco,need-to-have,2,0,0,,0
252,2024-09-08,FLT-21,Filtro de Névoa do Turboeixo,must-have,1,0,0,,0
252,2024-09-08,JNT-05,Junta de Vedação do Casco,need-to-have,0,57,50,JNT-05-PO017,0
253,2024-09-09,FLT-21,Filtro de Névoa do Turboeixo,must-have,0,0,0,,0
253,2024-09-09,JNT-05,Junta de Vedação do Casco,need-to-have,50,0,46,,0
254,2024-09-10,FLT-21,Filtro de Névoa do Turboeixo,must-have,0,0,0,,0
254,2024-09-10,JNT-05,Junta de Vedação do Casco,need-to-have,46,0,39,,68
255,2024-09-11,FLT-21,Filtro de Névoa do Turboeixo,must-have,0,0,0,,0
255,2024-09-11,JNT-05,Junta de Vedação do Casco,need-to-have,39,0,32,,0
256,2024-09-12,FLT-21,Filtro de Névoa do Turboeixo,must-have,0,0,0,,0
256,2024-09-12,JNT-05,Junta de Vedação do Casco,need-to-have,32,0,26,,0
257,2024-09-13,FLT-21,Filtro de Névoa do Turboeixo,must-have,0,63,57,FLT-21-PO021,0
257,2024-09-13,JNT-05,Junta de Vedação do Casco,need-to-have,26,0,17,,0
258,2024-09-14,FLT-21,Filtro de Névoa do Turboeixo,must-have,57,0,51,,0
258,2024-09-14,JNT-05,Junta de Vedação do Casco,need-to-have,17,0,9,,0
259,2024-09-15,FLT-21,Filtro de Névoa do Turboeixo,must-have,51,0,43,,0
259,2024-09-15,JNT-05,Junta de Vedação do Casco,need-to-have,9,0,5,,0
260,2024-09-16,FLT-21,Filtro de Névoa do Turboeixo,must-have,43,0,35,,0
260,2024-09-16,JNT-05,Junta de Vedação do Casco,need-to-have,5,0,0,,0
261,2024-09-17,FLT-21,Filtro de Névoa do Turboeixo,must-have,35,0,26,,69
261,2024-09-17,JNT-05,Junta de Vedação do Casco,need-to-have,0,0,0,,0
262,2024-09-18,FLT-21,Filtro de Névoa do Turboeixo,must-have,26,0,19,,0
262,2024-09-18,JNT-05,Junta de Vedação do Casco,need-to-have,0,0,0,,0
263,2024-09-19,FLT-21,Filtro de Névoa do Turboeixo,must-have,19,0,12,,0
263,2024-09-19,JNT-05,Junta de Vedação do Casco,need-to-have,0,0,0,,0
264,2024-09-20,FLT-21,Filtro de Névoa do Turboeixo,must-have,12,0,4,,0
264,2024-09-20,JNT-05,Junta de Vedação do Casco,need-to-have,0,0,0,,0
265,2024-09-21,FLT-21,Filtro de Névoa do Turboeixo,must-have,4,0,0,,0
265,2024-09-21,JNT-05,Junta de Vedação do Casco,need-to-have,0,0,0,,0
266,2024-09-22,FLT-21,Filtro de Névoa do Turboeixo,must-have,0,0,0,,0
266,2024-09-22,JNT-05,Junta de Vedação do Casco,need-to-have,0,0,0,,0
267,2024-09-23,FLT-21,Filtro de Névoa do Turboeixo,must-have,0,0,0,,0
267,2024-09-23,JNT-05,Junta de Vedação do Casco,need-to-have,0,0,0,,0
268,2024-09-24,FLT-21,Filtro de Névoa do Turboeixo,must-have,0,69,62,FLT-21-PO022,0
268,2024-09-24,JNT-05,Junta de Vedação do Casco,need-to-have,0,68,63,JNT-05-PO018,0
269,2024-09-25,FLT-21,Filtro de Névoa do Turboeixo,must-have,62,0,56,,0
269,2024-09-25,JNT-05,Junta de Vedação do Casco,need-to-have,63,0,60,,0
270,2024-09-26,FLT-21,Filtro de Névoa do Turboeixo,must-have,56,0,49,,0
270,2024-09-26,JNT-05,Junta de Vedação do Casco,need-to-have,60,0,52,,0
271,2024-09-27,FLT-21,Filtro de Névoa do Turboeixo,must-have,49,0,43,,0
271,2024-09-27,JNT-05,Junta de Vedação do Casco,need-to-have,52,0,44,,0
272,2024-09-28,FLT-21,Filtro de Névoa do Turboeixo,must-have,43,0,38,,0
272,2024-09-28,JNT-05,Junta de Vedação do Casco,need-to-have,44,0,40,,57
273,2024-09-29,FLT-21,Filtro de Névoa do Turboeixo,must-have,38,0,29,,71
273,2024-09-29,JNT-05,Junta de Vedação do Casco,need-to-have,40,0,34,,0
274,2024-09-30,FLT-21,Filtro de Névoa do Turboeixo,must-have,29,0,21,,0
274,2024-09-30,JNT-05,Junta de Vedação do Casco,need-to-have,34,0,28,,0
275,2024-10-01,FLT-21,Filtro de Névoa do Turboeixo,must-have,21,0,14,,0
275,2024-10-01,JNT-05,Junta de Vedação do Casco,need-to-have,28,0,22,,0
276,2024-10-02,FLT-21,Filtro de Névoa do Turboeixo,must-have,14,0,8,,0
276,2024-10-02,JNT-05,Junta de Vedação do Casco,need-to-have,22,57,73,JNT-05-PO019,0
277,2024-10-03,FLT-21,Filtro de Névoa do Turboeixo,must-have,8,0,0,,0
277,2024-10-03,JNT-05,Junta de Vedação do Casco,need-to-have,73,0,66,,0
278,2024-10-04,FLT-21,Filtro de Névoa do Turboeixo,must-have,0,0,0,,0
278,2024-10-04,JNT-05,Junta de Vedação do Casco,need-to-have,66,0,62,,0
279,2024-10-05,FLT-21,Filtro de Névoa do Turboeixo,must-have,0,0,0,,0
279,2024-10-05,JNT-05,Junta de Vedação do Casco,need-to-have,62,0,60,,0
280,2024-10-06,FLT-21,Filtro de Névoa do Turboeixo,must-have,0,0,0,,0
280,2024-10-06,JNT-05,Junta de Vedação do Casco,need-to-have,60,0,56,,0
281,2024-10-07,FLT-21,Filtro de Névoa do Turboeixo,must-have,0,71,65,FLT-21-PO023,0
281,2024-10-07,JNT-05,Junta de Vedação do Casco,need-to-have,56,0,52,,0
282,2024-10-08,FLT-21,Filtro de Névoa do Turboeixo,must-have,65,0,60,,0
282,2024-10-08,JNT-05,Junta de Vedação do Casco,need-to-have,52,0,47,,0
283,2024-10-09,FLT-21,Filtro de Névoa do Turboeixo,must-have,60,0,52,,0
283,2024-10-09,JNT-05,Junta de Vedação do Casco,need-to-have,47,0,41,,65
284,2024-10-10,FLT-21,Filtro de Névoa do Turboeixo,must-have,52,0,45,,0
284,2024-10-10,JNT-05,Junta de Vedação do Casco,need-to-have,41,0,36,,0
285,2024-10-11,FLT-21,Filtro de Névoa do Turboeixo,must-have,45,0,40,,0
285,2024-10-11,JNT-05,Junta de Vedação do Casco,need-to-have,36,0,26,,0
286,2024-10-12,FLT-21,Filtro de Névoa do Turboeixo,must-have,40,0,36,,0
286,2024-10-12,JNT-05,Junta de Vedação do Casco,need-to-have,26,0,23,,0
287,2024-10-13,FLT-21,Filtro de Névoa do Turboeixo,must-have,36,0,29,,66
287,2024-10-13,JNT-05,Junta de Vedação do Casco,need-to-have,23,0,19,,0
288,2024-10-14,FLT-21,Filtro de Névoa do Turboeixo,must-have,29,0,24,,0
288,2024-10-14,JNT-05,Junta de Vedação do Casco,need-to-have,19,0,17,,0
289,2024-10-15,FLT-21,Filtro de Névoa do Turboeixo,must-have,24,0,17,,0
289,2024-10-15,JNT-05,Junta de Vedação do Casco,need-to-have,17,0,11,,0
290,2024-10-16,FLT-21,Filtro de Névoa do Turboeixo,must-have,17,0,14,,0
290,2024-10-16,JNT-05,Junta de Vedação do Casco,need-to-have,11,0,6,,0
291,2024-10-17,FLT-21,Filtro de Névoa do Turboeixo,must-have,14,0,6,,0
291,2024-10-17,JNT-05,Junta de Vedação do Casco,need-to-have,6,0,5,,0
292,2024-10-18,FLT-21,Filtro de Névoa do Turboeixo,must-have,6,0,0,,0
292,2024-10-18,JNT-05,Junta de Vedação do Casco,need-to-have,5,0,0,,0
293,2024-10-19,FLT-21,Filtro de Névoa do Turboeixo,must-have,0,0,0,,0
293,2024-10-19,JNT-05,Junta de Vedação do Casco,need-to-have,0,0,0,,0
294,2024-10-20,FLT-21,Filtro de Névoa do Turboeixo,must-have,0,63,55,FLT-21-PO024,0
294,2024-10-20,JNT-05,Junta de Vedação do Casco,need-to-have,0,65,58,JNT-05-PO020,0
295,2024-10-21,FLT-21,Filtro de Névoa do Turboeixo,must-have,55,0,47,,0
295,2024-10-21,JNT-05,Junta de Vedação do Casco,need-to-have,58,0,51,,0
296,2024-10-22,FLT-21,Filtro de Névoa do Turboeixo,must-have,47,0,40,,0
296,2024-10-22,JNT-05,Junta de Vedação do Casco,need-to-have,51,0,46,,0
297,2024-10-23,FLT-21,Filtro de Névoa do Turboeixo,must-have,40,0,31,,60
297,2024-10-23,JNT-05,Junta de Vedação do Casco,need-to-have,46,0,39,,66
298,2024-10-24,FLT-21,Filtro de Névoa do Turboeixo,must-have,31,0,22,,0
298,2024-10-24,JNT-05,Junta de Vedação do Casco,need-to-have,39,0,33,,0
299,2024-10-25,FLT-21,Filtro de Névoa do Turboeixo,must-have,22,0,14,,0
299,2024-10-25,JNT-05,Junta de Vedação do Casco,need-to-have,33,0,29,,0
300,2024-10-26,FLT-21,Filtro de Névoa do Turboeixo,must-have,14,0,4,,0
300,2024-10-26,JNT-05,Junta de Vedação do Casco,need-to-have,29,0,24,,0
301,2024-10-27,FLT-21,Filtro de Névoa do Turboeixo,must-have,4,0,0,,0
301,2024-10-27,JNT-05,Junta de Vedação do Casco,need-to-have,24,0,18,,0
302,2024-10-28,FLT-21,Filtro de Névoa do Turboeixo,must-have,0,0,0,,0
302,2024-10-28,JNT-05,Junta de Vedação do Casco,need-to-have,18,0,15,,0
303,2024-10-29,FLT-21,Filtro de Névoa do Turboeixo,must-have,0,0,0,,0
303,2024-10-29,JNT-05,Junta de Vedação do Casco,need-to-have,15,0,11,,0
304,2024-10-30,FLT-21,Filtro de Névoa do Turboeixo,must-have,0,60,52,FLT-21-PO025,0
304,2024-10-30,JNT-05,Junta de Vedação do Casco,need-to-have,11,0,3,,0
305,2024-10-31,FLT-21,Filtro de Névoa do Turboeixo,must-have,52,0,46,,0
305,2024-10-31,JNT-05,Junta de Vedação do Casco,need-to-have,3,0,0,,0
306,2024-11-01,FLT-21,Filtro de Névoa do Turboeixo,must-have,46,0,39,,0
306,2024-11-01,JNT-05,Junta de Vedação do Casco,need-to-have,0,56,55,JNT-05-PO021,0
307,2024-11-02,FLT-21,Filtro de Névoa do Turboeixo,must-have,39,0,34,,0
307,2024-11-02,JNT-05,Junta de Vedação do Casco,need-to-have,55,0,46,,0
308,2024-11-03,FLT-21,Filtro de Névoa do Turboeixo,must-have,34,0,27,,66
308,2024-11-03,JNT-05,Junta de Vedação do Casco,need-to-have,46,0,38,,64
309,2024-11-04,FLT-21,Filtro de Névoa do Turboeixo,must-have,27,0,19,,0
309,2024-11-04,JNT-05,Junta de Vedação do Casco,need-to-have,38,0,31,,0
310,2024-11-05,FLT-21,Filtro de Névoa do Turboeixo,must-have,19,0,12,,0
310,2024-11-05,JNT-05,Junta de Vedação do Casco,need-to-have,31,0,27,,0
311,2024-11-06,FLT-21,Filtro de Névoa do Turboeixo,must-have,12,0,6,,0
311,2024-11-06,JNT-05,Junta de Vedação do Casco,need-to-have,27,0,25,,0
312,2024-11-07,FLT-21,Filtro de Névoa do Turboeixo,must-have,6,0,0,,0
312,2024-11-07,JNT-05,Junta de Vedação do Casco,need-to-have,25,0,18,,0
313,2024-11-08,FLT-21,Filtro de Névoa do Turboeixo,must-have,0,0,0,,0
313,2024-11-08,JNT-05,Junta de Vedação do Casco,need-to-have,18,0,12,,0
314,2024-11-09,FLT-21,Filtro de Névoa do Turboeixo,must-have,0,0,0,,0
314,2024-11-09,JNT-05,Junta de Vedação do Casco,need-to-have,12,0,7,,0
315,2024-11-10,FLT-21,Filtro de Névoa do Turboeixo,must-have,0,66,58,FLT-21-PO026,0
315,2024-11-10,JNT-05,Junta de Vedação do Casco,need-to-have,7,0,0,,0
316,2024-11-11,FLT-21,Filtro de Névoa do Turboeixo,must-have,58,0,51,,0
316,2024-11-11,JNT-05,Junta de Vedação do Casco,need-to-have,0,0,0,,0
317,2024-11-12,FLT-21,Filtro de Névoa do Turboeixo,must-have,51,0,45,,0
317,2024-11-12,JNT-05,Junta de Vedação do Casco,need-to-have,0,0,0,,0
318,2024-11-13,FLT-21,Filtro de Névoa do Turboeixo,must-have,45,0,39,,0
318,2024-11-13,JNT-05,Junta de Vedação do Casco,need-to-have,0,0,0,,0
319,2024-11-14,FLT-21,Filtro de Névoa do Turboeixo,must-have,39,0,34,,0
319,2024-11-14,JNT-05,Junta de Vedação do Casco,need-to-have,0,0,0,,0
320,2024-11-15,FLT-21,Filtro de Névoa do Turboeixo,must-have,34,0,27,,68
320,2024-11-15,JNT-05,Junta de Vedação do Casco,need-to-have,0,0,0,,0
321,2024-11-16,FLT-21,Filtro de Névoa do Turboeixo,must-have,27,0,22,,0
321,2024-11-16,JNT-05,Junta de Vedação do Casco,need-to-have,0,64,56,JNT-05-PO022,0
322,2024-11-17,FLT-21,Filtro de Névoa do Turboeixo,must-have,22,0,17,,0
322,2024-11-17,JNT-05,Junta de Vedação do Casco,need-to-have,56,0,48,,0
323,2024-11-18,FLT-21,Filtro de Névoa do Turboeixo,must-have,17,0,7,,0
323,2024-11-18,JNT-05,Junta de Vedação do Casco,need-to-have,48,0,44,,0
324,2024-11-19,FLT-21,Filtro de Névoa do Turboeixo,must-have,7,0,0,,0
324,2024-11-19,JNT-05,Junta de Vedação do Casco,need-to-have,44,0,37,,56
325,2024-11-20,FLT-21,Filtro de Névoa do Turboeixo,must-have,0,0,0,,0
325,2024-11-20,JNT-05,Junta de Vedação do Casco,need-to-have,37,0,31,,0
326,2024-11-21,FLT-21,Filtro de Névoa do Turboeixo,must-have,0,0,0,,0
326,2024-11-21,JNT-05,Junta de Vedação do Casco,need-to-have,31,0,28,,0
327,2024-11-22,FLT-21,Filtro de Névoa do Turboeixo,must-have,0,0,0,,0
327,2024-11-22,JNT-05,Junta de Vedação do Casco,need-to-have,28,0,23,,0
328,2024-11-23,FLT-21,Filtro de Névoa do Turboeixo,must-have,0,0,0,,0
328,2024-11-23,JNT-05,Junta de Vedação do Casco,need-to-have,23,0,20,,0
329,2024-11-24,FLT-21,Filtro de Névoa do Turboeixo,must-have,0,68,64,FLT-21-PO027,0
329,2024-11-24,JNT-05,Junta de Vedação do Casco,need-to-have,20,0,16,,0
330,2024-11-25,FLT-21,Filtro de Névoa do Turboeixo,must-have,64,0,54,,0
330,2024-11-25,JNT-05,Junta de Vedação do Casco,need-to-have,16,0,11,,0
331,2024-11-26,FLT-21,Filtro de Névoa do Turboeixo,must-have,54,0,47,,0
331,2024-11-26,JNT-05,Junta de Vedação do Casco,need-to-have,11,0,6,,0
332,2024-11-27,FLT-21,Filtro de Névoa do Turboeixo,must-have,47,0,39,,0
332,2024-11-27,JNT-05,Junta de Vedação do Casco,need-to-have,6,0,0,,0
333,2024-11-28,FLT-21,Filtro de Névoa do Turboeixo,must-have,39,0,30,,69
333,2024-11-28,JNT-05,Junta de Vedação do Casco,need-to-have,0,0,0,,0
334,2024-11-29,FLT-21,Filtro de Névoa do Turboeixo,must-have,30,0,22,,0
334,2024-11-29,JNT-05,Junta de Vedação do Casco,need-to-have,0,0,0,,0
335,2024-11-30,FLT-21,Filtro de Névoa do Turboeixo,must-have,22,0,15,,0
335,2024-11-30,JNT-05,Junta de Vedação do Casco,need-to-have,0,0,0,,0
336,2024-12-01,FLT-21,Filtro de Névoa do Turboeixo,must-have,15,0,8,,0
336,2024-12-01,JNT-05,Junta de Vedação do Casco,need-to-have,0,0,0,,0
337,2024-12-02,FLT-21,Filtro de Névoa do Turboeixo,must-have,8,0,0,,0
337,2024-12-02,JNT-05,Junta de Vedação do Casco,need-to-have,0,0,0,,0
338,2024-12-03,FLT-21,Filtro de Névoa do Turboeixo,must-have,0,0,0,,0
338,2024-12-03,JNT-05,Junta de Vedação do Casco,need-to-have,0,0,0,,0
339,2024-12-04,FLT-21,Filtro de Névoa do Turboeixo,must-have,0,0,0,,0
339,2024-12-04,JNT-05,Junta de Vedação do Casco,need-to-have,0,0,0,,0
340,2024-12-05,FLT-21,Filtro de Névoa do Turboeixo,must-have,0,0,0,,0
340,2024-12-05,JNT-05,Junta de Vedação do Casco,need-to-have,0,0,0,,0
341,2024-12-06,FLT-21,Filtro de Névoa do Turboeixo,must-have,0,0,0,,0
341,2024-12-06,JNT-05,Junta de Vedação do Casco,need-to-have,0,56,51,JNT-05-PO023,0
342,2024-12-07,FLT-21,Filtro de Névoa do Turboeixo,must-have,0,0,0,,0
342,2024-12-07,JNT-05,Junta de Vedação do Casco,need-to-have,51,0,47,,0
343,2024-12-08,FLT-21,Filtro de Névoa do Turboeixo,must-have,0,69,64,FLT-21-PO028,0
343,2024-12-08,JNT-05,Junta de Vedação do Casco,need-to-have,47,0,39,,66
344,2024-12-09,FLT-21,Filtro de Névoa do Turboeixo,must-have,64,0,59,,0
344,2024-12-09,JNT-05,Junta de Vedação do Casco,need-to-have,39,0,31,,0
345,2024-12-10,FLT-21,Filtro de Névoa do Turboeixo,must-have,59,0,50,,0
345,2024-12-10,JNT-05,Junta de Vedação do Casco,need-to-have,31,0,24,,0
346,2024-12-11,FLT-21,Filtro de Névoa do Turboeixo,must-have,50,0,38,,0
346,2024-12-11,JNT-05,Junta de Vedação do Casco,need-to-have,24,0,20,,0
347,2024-12-12,FLT-21,Filtro de Névoa do Turboeixo,must-have,38,0,31,,67
347,2024-12-12,JNT-05,Junta de Vedação do Casco,need-to-have,20,0,14,,0
348,2024-12-13,FLT-21,Filtro de Névoa do Turboeixo,must-have,31,0,22,,0
348,2024-12-13,JNT-05,Junta de Vedação do Casco,need-to-have,14,0,8,,0
349,2024-12-14,FLT-21,Filtro de Névoa do Turboeixo,must-have,22,0,12,,0
349,2024-12-14,JNT-05,Junta de Vedação do Casco,need-to-have,8,0,1,,0
350,2024-12-15,FLT-21,Filtro de Névoa do Turboeixo,must-have,12,0,5,,0
350,2024-12-15,JNT-05,Junta de Vedação do Casco,need-to-have,1,0,0,,0
351,2024-12-16,FLT-21,Filtro de Névoa do Turboeixo,must-have,5,0,0,,0
351,2024-12-16,JNT-05,Junta de Vedação do Casco,need-to-have,0,0,0,,0
352,2024-12-17,FLT-21,Filtro de Névoa do Turboeixo,must-have,0,0,0,,0
352,2024-12-17,JNT-05,Junta de Vedação do Casco,need-to-have,0,0,0,,0
353,2024-12-18,FLT-21,Filtro de Névoa do Turboeixo,must-have,0,0,0,,0
353,2024-12-18,JNT-05,Junta de Vedação do Casco,need-to-have,0,0,0,,0
354,2024-12-19,FLT-21,Filtro de Névoa do Turboeixo,must-have,0,67,52,FLT-21-PO029,0
354,2024-12-19,JNT-05,Junta de Vedação do Casco,need-to-have,0,0,0,,0
355,2024-12-20,FLT-21,Filtro de Névoa do Turboeixo,must-have,52,0,46,,0
355,2024-12-20,JNT-05,Junta de Vedação do Casco,need-to-have,0,0,0,,0
356,2024-12-21,FLT-21,Filtro de Névoa do Turboeixo,must-have,46,0,39,,0
356,2024-12-21,JNT-05,Junta de Vedação do Casco,need-to-have,0,66,61,JNT-05-PO024,0
357,2024-12-22,FLT-21,Filtro de Névoa do Turboeixo,must-have,39,0,30,,65
357,2024-12-22,JNT-05,Junta de Vedação do Casco,need-to-have,61,0,56,,0
358,2024-12-23,FLT-21,Filtro de Névoa do Turboeixo,must-have,30,0,21,,0
358,2024-12-23,JNT-05,Junta de Vedação do Casco,need-to-have,56,0,50,,0
359,2024-12-24,FLT-21,Filtro de Névoa do Turboeixo,must-have,21,0,14,,0
359,2024-12-24,JNT-05,Junta de Vedação do Casco,need-to-have,50,0,45,,0
360,2024-12-25,FLT-21,Filtro de Névoa do Turboeixo,must-have,14,0,5,,0
360,2024-12-25,JNT-05,Junta de Vedação do Casco,need-to-have,45,0,38,,60
361,2024-12-26,FLT-21,Filtro de Névoa do Turboeixo,must-have,5,0,0,,0
361,2024-12-26,JNT-05,Junta de Vedação do Casco,need-to-have,38,0,34,,0
362,2024-12-27,FLT-21,Filtro de Névoa do Turboeixo,must-have,0,0,0,,0
362,2024-12-27,JNT-05,Junta de Vedação do Casco,need-to-have,34,0,26,,0
363,2024-12-28,FLT-21,Filtro de Névoa do Turboeixo,must-have,0,0,0,,0
363,2024-12-28,JNT-05,Junta de Vedação do Casco,need-to-have,26,0,21,,0
364,2024-12-29,FLT-21,Filtro de Névoa do Turboeixo,must-have,0,65,58,FLT-21-PO030,0
364,2024-12-29,JNT-05,Junta de Vedação do Casco,need-to-have,21,0,16,,0
365,2024-12-30,FLT-21,Filtro de Névoa do Turboeixo,must-have,58,0,49,,0
365,2024-12-30,JNT-05,Junta de Vedação do Casco,need-to-have,16,0,14,,0
366,2024-12-31,FLT-21,Filtro de Névoa do Turboeixo,must-have,49,0,45,,0
366,2024-12-31,JNT-05,Junta de Vedação do Casco,need-to-have,14,0,8,,0
367,2025-01-01,FLT-21,Filtro de Névoa do Turboeixo,must-have,45,0,39,,0
367,2025-01-01,JNT-05,Junta de Vedação do Casco,need-to-have,8,0,4,,0
368,2025-01-02,FLT-21,Filtro de Névoa do Turboeixo,must-have,39,0,31,,61
368,2025-01-02,JNT-05,Junta de Vedação do Casco,need-to-have,4,0,0,,0
369,2025-01-03,FLT-21,Filtro de Névoa do Turboeixo,must-have,31,0,23,,0
369,2025-01-03,JNT-05,Junta de Vedação do Casco,need-to-have,0,0,0,,0
370,2025-01-04,FLT-21,Filtro de Névoa do Turboeixo,must-have,23,0,16,,0
370,2025-01-04,JNT-05,Junta de Vedação do Casco,need-to-have,0,0,0,,0
371,2025-01-05,FLT-21,Filtro de Névoa do Turboeixo,must-have,16,0,10,,0
371,2025-01-05,JNT-05,Junta de Vedação do Casco,need-to-have,0,0,0,,0
372,2025-01-06,FLT-21,Filtro de Névoa do Turboeixo,must-have,10,0,0,,0
372,2025-01-06,JNT-05,Junta de Vedação do Casco,need-to-have,0,0,0,,0
373,2025-01-07,FLT-21,Filtro de Névoa do Turboeixo,must-have,0,0,0,,0
373,2025-01-07,JNT-05,Junta de Vedação do Casco,need-to-have,0,0,0,,0
374,2025-01-08,FLT-21,Filtro de Névoa do Turboeixo,must-have,0,0,0,,0
374,2025-01-08,JNT-05,Junta de Vedação do Casco,need-to-have,0,0,0,,0
375,2025-01-09,FLT-21,Filtro de Névoa do Turboeixo,must-have,0,0,0,,0
375,2025-01-09,JNT-05,Junta de Vedação do Casco,need-to-have,0,0,0,,0
376,2025-01-10,FLT-21,Filtro de Névoa do Turboeixo,must-have,0,0,0,,0
376,2025-01-10,JNT-05,Junta de Vedação do Casco,need-to-have,0,0,0,,0
377,2025-01-11,FLT-21,Filtro de Névoa do Turboeixo,must-have,0,0,0,,0
377,2025-01-11,JNT-05,Junta de Vedação do Casco,need-to-have,0,48,41,JNT-05-PO025,64
378,2025-01-12,FLT-21,Filtro de Névoa do Turboeixo,must-have,0,0,0,,0
378,2025-01-12,JNT-05,Junta de Vedação do Casco,need-to-have,41,0,34,,0
379,2025-01-13,FLT-21,Filtro de Névoa do Turboeixo,must-have,0,61,55,FLT-21-PO031,0
379,2025-01-13,JNT-05,Junta de Vedação do Casco,need-to-have,34,0,26,,0
380,2025-01-14,FLT-21,Filtro de Névoa do Turboeixo,must-have,55,0,49,,0
380,2025-01-14,JNT-05,Junta de Vedação do Casco,need-to-have,26,0,19,,0
381,2025-01-15,FLT-21,Filtro de Névoa do Turboeixo,must-have,49,0,40,,0
381,2025-01-15,JNT-05,Junta de Vedação do Casco,need-to-have,19,0,12,,0
382,2025-01-16,FLT-21,Filtro de Névoa do Turboeixo,must-have,40,0,30,,61
382,2025-01-16,JNT-05,Junta de Vedação do Casco,need-to-have,12,0,7,,0
383,2025-01-17,FLT-21,Filtro de Névoa do Turboeixo,must-have,30,0,24,,0
383,2025-01-17,JNT-05,Junta de Vedação do Casco,need-to-have,7,0,2,,0
384,2025-01-18,FLT-21,Filtro de Névoa do Turboeixo,must-have,24,0,13,,0
384,2025-01-18,JNT-05,Junta de Vedação do Casco,need-to-have,2,0,0,,0
385,2025-01-19,FLT-21,Filtro de Névoa do Turboeixo,must-have,13,0,7,,0
385,2025-01-19,JNT-05,Junta de Vedação do Casco,need-to-have,0,0,0,,0
386,2025-01-20,FLT-21,Filtro de Névoa do Turboeixo,must-have,7,0,0,,0
386,2025-01-20,JNT-05,Junta de Vedação do Casco,need-to-have,0,0,0,,0
387,2025-01-21,FLT-21,Filtro de Névoa do Turboeixo,must-have,0,0,0,,0
387,2025-01-21,JNT-05,Junta de Vedação do Casco,need-to-have,0,0,0,,0
388,2025-01-22,FLT-21,Filtro de Névoa do Turboeixo,must-have,0,0,0,,0
388,2025-01-22,JNT-05,Junta de Vedação do Casco,need-to-have,0,0,0,,0
389,2025-01-23,FLT-21,Filtro de Névoa do Turboeixo,must-have,0,0,0,,0
389,2025-01-23,JNT-05,Junta de Vedação do Casco,need-to-have,0,0,0,,0
390,2025-01-24,FLT-21,Filtro de Névoa do Turboeixo,must-have,0,0,0,,0
390,2025-01-24,JNT-05,Junta de Vedação do Casco,need-to-have,0,0,0,,0
391,2025-01-25,FLT-21,Filtro de Névoa do Turboeixo,must-have,0,0,0,,0
391,2025-01-25,JNT-05,Junta de Vedação do Casco,need-to-have,0,0,0,,0
392,2025-01-26,FLT-21,Filtro de Névoa do Turboeixo,must-have,0,61,55,FLT-21-PO032,0
392,2025-01-26,JNT-05,Junta de Vedação do Casco,need-to-have,0,0,0,,0
393,2025-01-27,FLT-21,Filtro de Névoa do Turboeixo,must-have,55,0,45,,0
393,2025-01-27,JNT-05,Junta de Vedação do Casco,need-to-have,0,0,0,,0
394,2025-01-28,FLT-21,Filtro de Névoa do Turboeixo,must-have,45,0,39,,0
394,2025-01-28,JNT-05,Junta de Vedação do Casco,need-to-have,0,64,59,JNT-05-PO026,0
395,2025-01-29,FLT-21,Filtro de Névoa do Turboeixo,must-have,39,0,34,,0
395,2025-01-29,JNT-05,Junta de Vedação do Casco,need-to-have,59,0,56,,0
396,2025-01-30,FLT-21,Filtro de Névoa do Turboeixo,must-have,34,0,29,,67
396,2025-01-30,JNT-05,Junta de Vedação do Casco,need-to-have,56,0,51,,0
397,2025-01-31,FLT-21,Filtro de Névoa do Turboeixo,must-have,29,0,24,,0
397,2025-01-31,JNT-05,Junta de Vedação do Casco,need-to-have,51,0,45,,0
398,2025-02-01,FLT-21,Filtro de Névoa do Turboeixo,must-have,24,0,17,,0
398,2025-02-01,JNT-05,Junta de Vedação do Casco,need-to-have,45,0,37,,59
399,2025-02-02,FLT-21,Filtro de Névoa do Turboeixo,must-have,17,0,12,,0
399,2025-02-02,JNT-05,Junta de Vedação do Casco,need-to-have,37,0,32,,0
400,2025-02-03,FLT-21,Filtro de Névoa do Turboeixo,must-have,12,0,4,,0
400,2025-02-03,JNT-05,Junta de Vedação do Casco,need-to-have,32,0,28,,0
401,2025-02-04,FLT-21,Filtro de Névoa do Turboeixo,must-have,4,0,0,,0
401,2025-02-04,JNT-05,Junta de Vedação do Casco,need-to-have,28,0,23,,0
402,2025-02-05,FLT-21,Filtro de Névoa do Turboeixo,must-have,0,0,0,,0
402,2025-02-05,JNT-05,Junta de Vedação do Casco,need-to-have,23,0,19,,0
403,2025-02-06,FLT-21,Filtro de Névoa do Turboeixo,must-have,0,0,0,,0
403,2025-02-06,JNT-05,Junta de Vedação do Casco,need-to-have,19,0,14,,0
404,2025-02-07,FLT-21,Filtro de Névoa do Turboeixo,must-have,0,67,64,FLT-21-PO033,0
404,2025-02-07,JNT-05,Junta de Vedação do Casco,need-to-have,14,59,69,JNT-05-PO027,0
405,2025-02-08,FLT-21,Filtro de Névoa do Turboeixo,must-have,64,0,58,,0
405,2025-02-08,JNT-05,Junta de Vedação do Casco,need-to-have,69,0,67,,0
406,2025-02-09,FLT-21,Filtro de Névoa do Turboeixo,must-have,58,0,53,,0
406,2025-02-09,JNT-05,Junta de Vedação do Casco,need-to-have,67,0,66,,0
407,2025-02-10,FLT-21,Filtro de Névoa do Turboeixo,must-have,53,0,44,,0
407,2025-02-10,JNT-05,Junta de Vedação do Casco,need-to-have,66,0,63,,0
408,2025-02-11,FLT-21,Filtro de Névoa do Turboeixo,must-have,44,0,37,,0
408,2025-02-11,JNT-05,Junta de Vedação do Casco,need-to-have,63,0,55,,0
409,2025-02-12,FLT-21,Filtro de Névoa do Turboeixo,must-have,37,0,29,,60
409,2025-02-12,JNT-05,Junta de Vedação do Casco,need-to-have,55,0,49,,0
410,2025-02-13,FLT-21,Filtro de Névoa do Turboeixo,must-have,29,0,22,,0
410,2025-02-13,JNT-05,Junta de Vedação do Casco,need-to-have,49,0,44,,0
411,2025-02-14,FLT-21,Filtro de Névoa do Turboeixo,must-have,22,0,15,,0
411,2025-02-14,JNT-05,Junta de Vedação do Casco,need-to-have,44,0,40,,62
412,2025-02-15,FLT-21,Filtro de Névoa do Turboeixo,must-have,15,0,11,,0
412,2025-02-15,JNT-05,Junta de Vedação do Casco,need-to-have,40,0,34,,0
413,2025-02-16,FLT-21,Filtro de Névoa do Turboeixo,must-have,11,0,3,,0
413,2025-02-16,JNT-05,Junta de Vedação do Casco,need-to-have,34,0,29,,0
414,2025-02-17,FLT-21,Filtro de Névoa do Turboeixo,must-have,3,0,0,,0
414,2025-02-17,JNT-05,Junta de Vedação do Casco,need-to-have,29,0,26,,0
415,2025-02-18,FLT-21,Filtro de Névoa do Turboeixo,must-have,0,0,0,,0
415,2025-02-18,JNT-05,Junta de Vedação do Casco,need-to-have,26,0,21,,0
416,2025-02-19,FLT-21,Filtro de Névoa do Turboeixo,must-have,0,0,0,,0
416,2025-02-19,JNT-05,Junta de Vedação do Casco,need-to-have,21,0,17,,0
417,2025-02-20,FLT-21,Filtro de Névoa do Turboeixo,must-have,0,60,48,FLT-21-PO034,0
417,2025-02-20,JNT-05,Junta de Vedação do Casco,need-to-have,17,0,10,,0
418,2025-02-21,FLT-21,Filtro de Névoa do Turboeixo,must-have,48,0,41,,0
418,2025-02-21,JNT-05,Junta de Vedação do Casco,need-to-have,10,0,5,,0
419,2025-02-22,FLT-21,Filtro de Névoa do Turboeixo,must-have,41,0,35,,0
419,2025-02-22,JNT-05,Junta de Vedação do Casco,need-to-have,5,0,0,,0
420,2025-02-23,FLT-21,Filtro de Névoa do Turboeixo,must-have,35,0,32,,62
420,2025-02-23,JNT-05,Junta de Vedação do Casco,need-to-have,0,0,0,,0
421,2025-02-24,FLT-21,Filtro de Névoa do Turboeixo,must-have,32,0,24,,0
421,2025-02-24,JNT-05,Junta de Vedação do Casco,need-to-have,0,0,0,,0
422,2025-02-25,FLT-21,Filtro de Névoa do Turboeixo,must-have,24,0,18,,0
422,2025-02-25,JNT-05,Junta de Vedação do Casco,need-to-have,0,62,61,JNT-05-PO028,0
423,2025-02-26,FLT-21,Filtro de Névoa do Turboeixo,must-have,18,0,11,,0
423,2025-02-26,JNT-05,Junta de Vedação do Casco,need-to-have,61,0,57,,0
424,2025-02-27,FLT-21,Filtro de Névoa do Turboeixo,must-have,11,0,6,,0
424,2025-02-27,JNT-05,Junta de Vedação do Casco,need-to-have,57,0,53,,0
425,2025-02-28,FLT-21,Filtro de Névoa do Turboeixo,must-have,6,0,1,,0
425,2025-02-28,JNT-05,Junta de Vedação do Casco,need-to-have,53,0,46,,0
426,2025-03-01,FLT-21,Filtro de Névoa do Turboeixo,must-have,1,0,0,,0
426,2025-03-01,JNT-05,Junta de Vedação do Casco,need-to-have,46,0,43,,0
427,2025-03-02,FLT-21,Filtro de Névoa do Turboeixo,must-have,0,0,0,,0
427,2025-03-02,JNT-05,Junta de Vedação do Casco,need-to-have,43,0,36,,64
428,2025-03-03,FLT-21,Filtro de Névoa do Turboeixo,must-have,0,0,0,,0
428,2025-03-03,JNT-05,Junta de Vedação do Casco,need-to-have,36,0,29,,0
429,2025-03-04,FLT-21,Filtro de Névoa do Turboeixo,must-have,0,62,55,FLT-21-PO035,0
429,2025-03-04,JNT-05,Junta de Vedação do Casco,need-to-have,29,0,23,,0
430,2025-03-05,FLT-21,Filtro de Névoa do Turboeixo,must-have,55,0,46,,0
430,2025-03-05,JNT-05,Junta de Vedação do Casco,need-to-have,23,0,21,,0
431,2025-03-06,FLT-21,Filtro de Névoa do Turboeixo,must-have,46,0,38,,0
431,2025-03-06,JNT-05,Junta de Vedação do Casco,need-to-have,21,0,18,,0
432,2025-03-07,FLT-21,Filtro de Névoa do Turboeixo,must-have,38,0,31,,61
432,2025-03-07,JNT-05,Junta de Vedação do Casco,need-to-have,18,0,13,,0
433,2025-03-08,FLT-21,Filtro de Névoa do Turboeixo,must-have,31,0,23,,0
433,2025-03-08,JNT-05,Junta de Vedação do Casco,need-to-have,13,0,10,,0
434,2025-03-09,FLT-21,Filtro de Névoa do Turboeixo,must-have,23,0,18,,0
434,2025-03-09,JNT-05,Junta de Vedação do Casco,need-to-have,10,0,3,,0
435,2025-03-10,FLT-21,Filtro de Névoa do Turboeixo,must-have,18,0,12,,0
435,2025-03-10,JNT-05,Junta de Vedação do Casco,need-to-have,3,0,0,,0
436,2025-03-11,FLT-21,Filtro de Névoa do Turboeixo,must-have,12,0,6,,0
436,2025-03-11,JNT-05,Junta de Vedação do Casco,need-to-have,0,0,0,,0
437,2025-03-12,FLT-21,Filtro de Névoa do Turboeixo,must-have,6,61,62,FLT-21-PO036,0
437,2025-03-12,JNT-05,Junta de Vedação do Casco,need-to-have,0,0,0,,0
438,2025-03-13,FLT-21,Filtro de Névoa do Turboeixo,must-have,62,0,54,,0
438,2025-03-13,JNT-05,Junta de Vedação do Casco,need-to-have,0,0,0,,0
439,2025-03-14,FLT-21,Filtro de Névoa do Turboeixo,must-have,54,0,45,,0
439,2025-03-14,JNT-05,Junta de Vedação do Casco,need-to-have,0,0,0,,0
440,2025-03-15,FLT-21,Filtro de Névoa do Turboeixo,must-have,45,0,35,,0
440,2025-03-15,JNT-05,Junta de Vedação do Casco,need-to-have,0,0,0,,0
441,2025-03-16,FLT-21,Filtro de Névoa do Turboeixo,must-have,35,0,28,,73
441,2025-03-16,JNT-05,Junta de Vedação do Casco,need-to-have,0,51,45,JNT-05-PO029,0
442,2025-03-17,FLT-21,Filtro de Névoa do Turboeixo,must-have,28,0,19,,0
442,2025-03-17,JNT-05,Junta de Vedação do Casco,need-to-have,45,0,40,,59
443,2025-03-18,FLT-21,Filtro de Névoa do Turboeixo,must-have,19,0,14,,0
443,2025-03-18,JNT-05,Junta de Vedação do Casco,need-to-have,40,0,37,,0
444,2025-03-19,FLT-21,Filtro de Névoa do Turboeixo,must-have,14,0,9,,0
444,2025-03-19,JNT-05,Junta de Vedação do Casco,need-to-have,37,0,34,,0
445,2025-03-20,FLT-21,Filtro de Névoa do Turboeixo,must-have,9,0,3,,0
445,2025-03-20,JNT-05,Junta de Vedação do Casco,need-to-have,34,0,29,,0
446,2025-03-21,FLT-21,Filtro de Névoa do Turboeixo,must-have,3,0,1,,0
446,2025-03-21,JNT-05,Junta de Vedação do Casco,need-to-have,29,0,24,,0
447,2025-03-22,FLT-21,Filtro de Névoa do Turboeixo,must-have,1,0,0,,0
447,2025-03-22,JNT-05,Junta de Vedação do Casco,need-to-have,24,0,21,,0
448,2025-03-23,FLT-21,Filtro de Névoa do Turboeixo,must-have,0,0,0,,0
448,2025-03-23,JNT-05,Junta de Vedação do Casco,need-to-have,21,0,15,,0
449,2025-03-24,FLT-21,Filtro de Névoa do Turboeixo,must-have,0,73,66,FLT-21-PO037,0
449,2025-03-24,JNT-05,Junta de Vedação do Casco,need-to-have,15,0,8,,0
450,2025-03-25,FLT-21,Filtro de Névoa do Turboeixo,must-have,66,0,57,,0
450,2025-03-25,JNT-05,Junta de Vedação do Casco,need-to-have,8,0,2,,0
451,2025-03-26,FLT-21,Filtro de Névoa do Turboeixo,must-have,57,0,49,,0
451,2025-03-26,JNT-05,Junta de Vedação do Casco,need-to-have,2,0,0,,0
452,2025-03-27,FLT-21,Filtro de Névoa do Turboeixo,must-have,49,0,44,,0
452,2025-03-27,JNT-05,Junta de Vedação do Casco,need-to-have,0,59,52,JNT-05-PO030,0
453,2025-03-28,FLT-21,Filtro de Névoa do Turboeixo,must-have,44,0,35,,0
453,2025-03-28,JNT-05,Junta de Vedação do Casco,need-to-have,52,0,49,,0
454,2025-03-29,FLT-21,Filtro de Névoa do Turboeixo,must-have,35,0,31,,60
454,2025-03-29,JNT-05,Junta de Vedação do Casco,need-to-have,49,0,43,,0
455,2025-03-30,FLT-21,Filtro de Névoa do Turboeixo,must-have,31,0,25,,0
455,2025-03-30,JNT-05,Junta de Vedação do Casco,need-to-have,43,0,41,,66
456,2025-03-31,FLT-21,Filtro de Névoa do Turboeixo,must-have,25,0,18,,0
456,2025-03-31,JNT-05,Junta de Vedação do Casco,need-to-have,41,0,37,,0
457,2025-04-01,FLT-21,Filtro de Névoa do Turboeixo,must-have,18,0,10,,0
457,2025-04-01,JNT-05,Junta de Vedação do Casco,need-to-have,37,0,28,,0
458,2025-04-02,FLT-21,Filtro de Névoa do Turboeixo,must-have,10,0,2,,0
458,2025-04-02,JNT-05,Junta de Vedação do Casco,need-to-have,28,0,21,,0
459,2025-04-03,FLT-21,Filtro de Névoa do Turboeixo,must-have,2,0,0,,0
459,2025-04-03,JNT-05,Junta de Vedação do Casco,need-to-have,21,0,16,,0
460,2025-04-04,FLT-21,Filtro de Névoa do Turboeixo,must-have,0,60,53,FLT-21-PO038,0
460,2025-04-04,JNT-05,Junta de Vedação do Casco,need-to-have,16,0,12,,0
461,2025-04-05,FLT-21,Filtro de Névoa do Turboeixo,must-have,53,0,46,,0
461,2025-04-05,JNT-05,Junta de Vedação do Casco,need-to-have,12,0,4,,0
462,2025-04-06,FLT-21,Filtro de Névoa do Turboeixo,must-have,46,0,39,,0
462,2025-04-06,JNT-05,Junta de Vedação do Casco,need-to-have,4,0,0,,0
463,2025-04-07,FLT-21,Filtro de Névoa do Turboeixo,must-have,39,0,30,,60
463,2025-04-07,JNT-05,Junta de Vedação do Casco,need-to-have,0,0,0,,0
464,2025-04-08,FLT-21,Filtro de Névoa do Turboeixo,must-have,30,0,29,,0
464,2025-04-08,JNT-05,Junta de Vedação do Casco,need-to-have,0,0,0,,0
465,2025-04-09,FLT-21,Filtro de Névoa do Turboeixo,must-have,29,0,21,,0
465,2025-04-09,JNT-05,Junta de Vedação do Casco,need-to-have,0,0,0,,0
466,2025-04-10,FLT-21,Filtro de Névoa do Turboeixo,must-have,21,0,12,,0
466,2025-04-10,JNT-05,Junta de Vedação do Casco,need-to-have,0,0,0,,0
467,2025-04-11,FLT-21,Filtro de Névoa do Turboeixo,must-have,12,0,7,,0
467,2025-04-11,JNT-05,Junta de Vedação do Casco,need-to-have,0,0,0,,0
468,2025-04-12,FLT-21,Filtro de Névoa do Turboeixo,must-have,7,0,0,,0
468,2025-04-12,JNT-05,Junta de Vedação do Casco,need-to-have,0,66,63,JNT-05-PO031,0
469,2025-04-13,FLT-21,Filtro de Névoa do Turboeixo,must-have,0,48,43,FLT-21-PO039,0
469,2025-04-13,JNT-05,Junta de Vedação do Casco,need-to-have,63,0,61,,0
470,2025-04-14,FLT-21,Filtro de Névoa do Turboeixo,must-have,43,0,35,,0
470,2025-04-14,JNT-05,Junta de Vedação do Casco,need-to-have,61,0,54,,0
471,2025-04-15,FLT-21,Filtro de Névoa do Turboeixo,must-have,35,0,28,,61
471,2025-04-15,JNT-05,Junta de Vedação do Casco,need-to-have,54,0,49,,0
472,2025-04-16,FLT-21,Filtro de Névoa do Turboeixo,must-have,28,0,21,,0
472,2025-04-16,JNT-05,Junta de Vedação do Casco,need-to-have,49,0,44,,0
473,2025-04-17,FLT-21,Filtro de Névoa do Turboeixo,must-have,21,0,15,,0
473,2025-04-17,JNT-05,Junta de Vedação do Casco,need-to-have,44,0,40,,62
474,2025-04-18,FLT-21,Filtro de Névoa do Turboeixo,must-have,15,0,7,,0
474,2025-04-18,JNT-05,Junta de Vedação do Casco,need-to-have,40,0,35,,0
475,2025-04-19,FLT-21,Filtro de Névoa do Turboeixo,must-have,7,0,3,,0
475,2025-04-19,JNT-05,Junta de Vedação do Casco,need-to-have,35,0,32,,0
476,2025-04-20,FLT-21,Filtro de Névoa do Turboeixo,must-have,3,0,0,,0
476,2025-04-20,JNT-05,Junta de Vedação do Casco,need-to-have,32,0,26,,0
477,2025-04-21,FLT-21,Filtro de Névoa do Turboeixo,must-have,0,0,0,,0
477,2025-04-21,JNT-05,Junta de Vedação do Casco,need-to-have,26,0,18,,0
478,2025-04-22,FLT-21,Filtro de Névoa do Turboeixo,must-have,0,0,0,,0
478,2025-04-22,JNT-05,Junta de Vedação do Casco,need-to-have,18,0,15,,0
479,2025-04-23,FLT-21,Filtro de Névoa do Turboeixo,must-have,0,0,0,,0
479,2025-04-23,JNT-05,Junta de Vedação do Casco,need-to-have,15,0,11,,0
480,2025-04-24,FLT-21,Filtro de Névoa do Turboeixo,must-have,0,0,0,,0
480,2025-04-24,JNT-05,Junta de Vedação do Casco,need-to-have,11,0,3,,0
481,2025-04-25,FLT-21,Filtro de Névoa do Turboeixo,must-have,0,49,42,FLT-21-PO040,0
481,2025-04-25,JNT-05,Junta de Vedação do Casco,need-to-have,3,0,0,,0
482,2025-04-26,FLT-21,Filtro de Névoa do Turboeixo,must-have,42,0,33,,0
482,2025-04-26,JNT-05,Junta de Vedação do Casco,need-to-have,0,0,0,,0
483,2025-04-27,FLT-21,Filtro de Névoa do Turboeixo,must-have,33,0,23,,63
483,2025-04-27,JNT-05,Junta de Vedação do Casco,need-to-have,0,0,0,,0
484,2025-04-28,FLT-21,Filtro de Névoa do Turboeixo,must-have,23,0,14,,0
484,2025-04-28,JNT-05,Junta de Vedação do Casco,need-to-have,0,0,0,,0
485,2025-04-29,FLT-21,Filtro de Névoa do Turboeixo,must-have,14,0,5,,0
485,2025-04-29,JNT-05,Junta de Vedação do Casco,need-to-have,0,62,56,JNT-05-PO032,0
486,2025-04-30,FLT-21,Filtro de Névoa do Turboeixo,must-have,5,0,0,,0
486,2025-04-30,JNT-05,Junta de Vedação do Casco,need-to-have,56,0,50,,0
487,2025-05-01,FLT-21,Filtro de Névoa do Turboeixo,must-have,0,0,0,,0
487,2025-05-01,JNT-05,Junta de Vedação do Casco,need-to-have,50,0,43,,0
488,2025-05-02,FLT-21,Filtro de Névoa do Turboeixo,must-have,0,63,53,FLT-21-PO041,0
488,2025-05-02,JNT-05,Junta de Vedação do Casco,need-to-have,43,0,34,,59
489,2025-05-03,FLT-21,Filtro de Névoa do Turboeixo,must-have,53,0,45,,0
489,2025-05-03,JNT-05,Junta de Vedação do Casco,need-to-have,34,0,29,,0
490,2025-05-04,FLT-21,Filtro de Névoa do Turboeixo,must-have,45,0,41,,0
490,2025-05-04,JNT-05,Junta de Vedação do Casco,need-to-have,29,0,24,,0
491,2025-05-05,FLT-21,Filtro de Névoa do Turboeixo,must-have,41,0,34,,0
491,2025-05-05,JNT-05,Junta de Vedação do Casco,need-to-have,24,0,18,,0
492,2025-05-06,FLT-21,Filtro de Névoa do Turboeixo,must-have,34,0,26,,61
492,2025-05-06,JNT-05,Junta de Vedação do Casco,need-to-have,18,0,11,,0
493,2025-05-07,FLT-21,Filtro de Névoa do Turboeixo,must-have,26,0,21,,0
493,2025-05-07,JNT-05,Junta de Vedação do Casco,need-to-have,11,0,4,,0
494,2025-05-08,FLT-21,Filtro de Névoa do Turboeixo,must-have,21,0,12,,0
494,2025-05-08,JNT-05,Junta de Vedação do Casco,need-to-have,4,0,0,,0
495,2025-05-09,FLT-21,Filtro de Névoa do Turboeixo,must-have,12,0,3,,0
495,2025-05-09,JNT-05,Junta de Vedação do Casco,need-to-have,0,0,0,,0
496,2025-05-10,FLT-21,Filtro de Névoa do Turboeixo,must-have,3,0,0,,0
496,2025-05-10,JNT-05,Junta de Vedação do Casco,need-to-have,0,0,0,,0
497,2025-05-11,FLT-21,Filtro de Névoa do Turboeixo,must-have,0,0,0,,0
497,2025-05-11,JNT-05,Junta de Vedação do Casco,need-to-have,0,0,0,,0
498,2025-05-12,FLT-21,Filtro de Névoa do Turboeixo,must-have,0,61,56,FLT-21-PO042,0
498,2025-05-12,JNT-05,Junta de Vedação do Casco,need-to-have,0,0,0,,0
499,2025-05-13,FLT-21,Filtro de Névoa do Turboeixo,must-have,56,0,48,,0
499,2025-05-13,JNT-05,Junta de Vedação do Casco,need-to-have,0,0,0,,0
500,2025-05-14,FLT-21,Filtro de Névoa do Turboeixo,must-have,48,0,41,,0
500,2025-05-14,JNT-05,Junta de Vedação do Casco,need-to-have,0,0,0,,0
501,2025-05-15,FLT-21,Filtro de Névoa do Turboeixo,must-have,41,0,34,,0
501,2025-05-15,JNT-05,Junta de Vedação do Casco,need-to-have,0,0,0,,0
502,2025-05-16,FLT-21,Filtro de Névoa do Turboeixo,must-have,34,0,27,,64
502,2025-05-16,JNT-05,Junta de Vedação do Casco,need-to-have,0,59,55,JNT-05-PO033,0
503,2025-05-17,FLT-21,Filtro de Névoa do Turboeixo,must-have,27,0,23,,0
503,2025-05-17,JNT-05,Junta de Vedação do Casco,need-to-have,55,0,49,,0
504,2025-05-18,FLT-21,Filtro de Névoa do Turboeixo,must-have,23,0,19,,0
504,2025-05-18,JNT-05,Junta de Vedação do Casco,need-to-have,49,0,43,,0
505,2025-05-19,FLT-21,Filtro de Névoa do Turboeixo,must-have,19,0,11,,0
505,2025-05-19,JNT-05,Junta de Vedação do Casco,need-to-have,43,0,40,,61
506,2025-05-20,FLT-21,Filtro de Névoa do Turboeixo,must-have,11,0,2,,0
506,2025-05-20,JNT-05,Junta de Vedação do Casco,need-to-have,40,0,34,,0
507,2025-05-21,FLT-21,Filtro de Névoa do Turboeixo,must-have,2,0,0,,0
507,2025-05-21,JNT-05,Junta de Vedação do Casco,need-to-have,34,0,27,,0
508,2025-05-22,FLT-21,Filtro de Névoa do Turboeixo,must-have,0,64,58,FLT-21-PO043,0
508,2025-05-22,JNT-05,Junta de Vedação do Casco,need-to-have,27,0,22,,0
509,2025-05-23,FLT-21,Filtro de Névoa do Turboeixo,must-have,58,0,50,,0
509,2025-05-23,JNT-05,Junta de Vedação do Casco,need-to-have,22,0,15,,0
510,2025-05-24,FLT-21,Filtro de Névoa do Turboeixo,must-have,50,0,42,,0
510,2025-05-24,JNT-05,Junta de Vedação do Casco,need-to-have,15,0,7,,0
511,2025-05-25,FLT-21,Filtro de Névoa do Turboeixo,must-have,42,0,34,,0
511,2025-05-25,JNT-05,Junta de Vedação do Casco,need-to-have,7,0,2,,0
512,2025-05-26,FLT-21,Filtro de Névoa do Turboeixo,must-have,34,0,31,,71
512,2025-05-26,JNT-05,Junta de Vedação do Casco,need-to-have,2,0,0,,0
513,2025-05-27,FLT-21,Filtro de Névoa do Turboeixo,must-have,31,0,29,,0
513,2025-05-27,JNT-05,Junta de Vedação do Casco,need-to-have,0,0,0,,0
514,2025-05-28,FLT-21,Filtro de Névoa do Turboeixo,must-have,29,0,22,,0
514,2025-05-28,JNT-05,Junta de Vedação do Casco,need-to-have,0,0,0,,0
515,2025-05-29,FLT-21,Filtro de Névoa do Turboeixo,must-have,22,0,16,,0
515,2025-05-29,JNT-05,Junta de Vedação do Casco,need-to-have,0,0,0,,0
516,2025-05-30,FLT-21,Filtro de Névoa do Turboeixo,must-have,16,0,10,,0
516,2025-05-30,JNT-05,Junta de Vedação do Casco,need-to-have,0,0,0,,0
517,2025-05-31,FLT-21,Filtro de Névoa do Turboeixo,must-have,10,0,3,,0
517,2025-05-31,JNT-05,Junta de Vedação do Casco,need-to-have,0,0,0,,0
518,2025-06-01,FLT-21,Filtro de Névoa do Turboeixo,must-have,3,71,65,FLT-21-PO044,0
518,2025-06-01,JNT-05,Junta de Vedação do Casco,need-to-have,0,0,0,,0
519,2025-06-02,FLT-21,Filtro de Névoa do Turboeixo,must-have,65,0,57,,0
519,2025-06-02,JNT-05,Junta de Vedação do Casco,need-to-have,0,61,57,JNT-05-PO034,0
520,2025-06-03,FLT-21,Filtro de Névoa do Turboeixo,must-have,57,0,47,,0
520,2025-06-03,JNT-05,Junta de Vedação do Casco,need-to-have,57,0,52,,0
521,2025-06-04,FLT-21,Filtro de Névoa do Turboeixo,must-have,47,0,36,,0
521,2025-06-04,JNT-05,Junta de Vedação do Casco,need-to-have,52,0,44,,0
522,2025-06-05,FLT-21,Filtro de Névoa do Turboeixo,must-have,36,0,27,,62
522,2025-06-05,JNT-05,Junta de Vedação do Casco,need-to-have,44,0,37,,61
523,2025-06-06,FLT-21,Filtro de Névoa do Turboeixo,must-have,27,0,22,,0
523,2025-06-06,JNT-05,Junta de Vedação do Casco,need-to-have,37,0,33,,0
524,2025-06-07,FLT-21,Filtro de Névoa do Turboeixo,must-have,22,0,15,,0
524,2025-06-07,JNT-05,Junta de Vedação do Casco,need-to-have,33,0,26,,0
525,2025-06-08,FLT-21,Filtro de Névoa do Turboeixo,must-have,15,0,5,,0
525,2025-06-08,JNT-05,Junta de Vedação do Casco,need-to-have,26,0,19,,0
526,2025-06-09,FLT-21,Filtro de Névoa do Turboeixo,must-have,5,0,0,,0
526,2025-06-09,JNT-05,Junta de Vedação do Casco,need-to-have,19,0,17,,0
527,2025-06-10,FLT-21,Filtro de Névoa do Turboeixo,must-have,0,0,0,,0
527,2025-06-10,JNT-05,Junta de Vedação do Casco,need-to-have,17,0,12,,0
528,2025-06-11,FLT-21,Filtro de Névoa do Turboeixo,must-have,0,56,50,FLT-21-PO045,0
528,2025-06-11,JNT-05,Junta de Vedação do Casco,need-to-have,12,0,5,,0
529,2025-06-12,FLT-21,Filtro de Névoa do Turboeixo,must-have,50,0,40,,0
529,2025-06-12,JNT-05,Junta de Vedação do Casco,need-to-have,5,0,0,,0
530,2025-06-13,FLT-21,Filtro de Névoa do Turboeixo,must-have,40,0,31,,72
530,2025-06-13,JNT-05,Junta de Vedação do Casco,need-to-have,0,0,0,,0
531,2025-06-14,FLT-21,Filtro de Névoa do Turboeixo,must-have,31,0,24,,0
531,2025-06-14,JNT-05,Junta de Vedação do Casco,need-to-have,0,0,0,,0
532,2025-06-15,FLT-21,Filtro de Névoa do Turboeixo,must-have,24,0,18,,0
532,2025-06-15,JNT-05,Junta de Vedação do Casco,need-to-have,0,0,0,,0
533,2025-06-16,FLT-21,Filtro de Névoa do Turboeixo,must-have,18,0,13,,0
533,2025-06-16,JNT-05,Junta de Vedação do Casco,need-to-have,0,0,0,,0
534,2025-06-17,FLT-21,Filtro de Névoa do Turboeixo,must-have,13,0,5,,0
534,2025-06-17,JNT-05,Junta de Vedação do Casco,need-to-have,0,0,0,,0
535,2025-06-18,FLT-21,Filtro de Névoa do Turboeixo,must-have,5,72,73,FLT-21-PO046,0
535,2025-06-18,JNT-05,Junta de Vedação do Casco,need-to-have,0,0,0,,0
536,2025-06-19,FLT-21,Filtro de Névoa do Turboeixo,must-have,73,0,66,,0
536,2025-06-19,JNT-05,Junta de Vedação do Casco,need-to-have,0,61,57,JNT-05-PO035,0
537,2025-06-20,FLT-21,Filtro de Névoa do Turboeixo,must-have,66,0,58,,0
537,2025-06-20,JNT-05,Junta de Vedação do Casco,need-to-have,57,0,50,,0
538,2025-06-21,FLT-21,Filtro de Névoa do Turboeixo,must-have,58,0,51,,0
538,2025-06-21,JNT-05,Junta de Vedação do Casco,need-to-have,50,0,46,,0
539,2025-06-22,FLT-21,Filtro de Névoa do Turboeixo,must-have,51,0,45,,0
539,2025-06-22,JNT-05,Junta de Vedação do Casco,need-to-have,46,0,42,,0
540,2025-06-23,FLT-21,Filtro de Névoa do Turboeixo,must-have,45,0,37,,0
540,2025-06-23,JNT-05,Junta de Vedação do Casco,need-to-have,42,0,38,,63
541,2025-06-24,FLT-21,Filtro de Névoa do Turboeixo,must-have,37,0,30,,67
541,2025-06-24,JNT-05,Junta de Vedação do Casco,need-to-have,38,0,34,,0
542,2025-06-25,FLT-21,Filtro de Névoa do Turboeixo,must-have,30,0,27,,0
542,2025-06-25,JNT-05,Junta de Vedação do Casco,need-to-have,34,0,27,,0
543,2025-06-26,FLT-21,Filtro de Névoa do Turboeixo,must-have,27,0,17,,0
543,2025-06-26,JNT-05,Junta de Vedação do Casco,need-to-have,27,0,22,,0
544,2025-06-27,FLT-21,Filtro de Névoa do Turboeixo,must-have,17,0,9,,0
544,2025-06-27,JNT-05,Junta de Vedação do Casco,need-to-have,22,0,19,,0
545,2025-06-28,FLT-21,Filtro de Névoa do Turboeixo,must-have,9,0,2,,0
545,2025-06-28,JNT-05,Junta de Vedação do Casco,need-to-have,19,0,11,,0
546,2025-06-29,FLT-21,Filtro de Névoa do Turboeixo,must-have,2,0,0,,0
546,2025-06-29,JNT-05,Junta de Vedação do Casco,need-to-have,11,0,6,,0
547,2025-06-30,FLT-21,Filtro de Névoa do Turboeixo,must-have,0,0,0,,0
547,2025-06-30,JNT-05,Junta de Vedação do Casco,need-to-have,6,0,3,,0
548,2025-07-01,FLT-21,Filtro de Névoa do Turboeixo,must-have,0,0,0,,0
548,2025-07-01,JNT-05,Junta de Vedação do Casco,need-to-have,3,0,0,,0
549,2025-07-02,FLT-21,Filtro de Névoa do Turboeixo,must-have,0,0,0,,0
549,2025-07-02,JNT-05,Junta de Vedação do Casco,need-to-have,0,0,0,,0
550,2025-07-03,FLT-21,Filtro de Névoa do Turboeixo,must-have,0,0,0,,0
550,2025-07-03,JNT-05,Junta de Vedação do Casco,need-to-have,0,0,0,,0
551,2025-07-04,FLT-21,Filtro de Névoa do Turboeixo,must-have,0,54,45,FLT-21-PO047,0
551,2025-07-04,JNT-05,Junta de Vedação do Casco,need-to-have,0,0,0,,0
552,2025-07-05,FLT-21,Filtro de Névoa do Turboeixo,must-have,45,0,37,,0
552,2025-07-05,JNT-05,Junta de Vedação do Casco,need-to-have,0,0,0,,0
553,2025-07-06,FLT-21,Filtro de Névoa do Turboeixo,must-have,37,0,30,,61
553,2025-07-06,JNT-05,Junta de Vedação do Casco,need-to-have,0,0,0,,0
554,2025-07-07,FLT-21,Filtro de Névoa do Turboeixo,must-have,30,0,25,,0
554,2025-07-07,JNT-05,Junta de Vedação do Casco,need-to-have,0,63,54,JNT-05-PO036,0
555,2025-07-08,FLT-21,Filtro de Névoa do Turboeixo,must-have,25,0,19,,0
555,2025-07-08,JNT-05,Junta de Vedação do Casco,need-to-have,54,0,46,,0
556,2025-07-09,FLT-21,Filtro de Névoa do Turboeixo,must-have,19,0,12,,0
556,2025-07-09,JNT-05,Junta de Vedação do Casco,need-to-have,46,0,41,,66
557,2025-07-10,FLT-21,Filtro de Névoa do Turboeixo,must-have,12,0,3,,0
557,2025-07-10,JNT-05,Junta de Vedação do Casco,need-to-have,41,0,40,,0
558,2025-07-11,FLT-21,Filtro de Névoa do Turboeixo,must-have,3,0,0,,0
558,2025-07-11,JNT-05,Junta de Vedação do Casco,need-to-have,40,0,35,,0
559,2025-07-12,FLT-21,Filtro de Névoa do Turboeixo,must-have,0,52,48,FLT-21-PO048,0
559,2025-07-12,JNT-05,Junta de Vedação do Casco,need-to-have,35,0,30,,0
560,2025-07-13,FLT-21,Filtro de Névoa do Turboeixo,must-have,48,0,44,,0
560,2025-07-13,JNT-05,Junta de Vedação do Casco,need-to-have,30,0,24,,0
561,2025-07-14,FLT-21,Filtro de Névoa do Turboeixo,must-have,44,0,34,,0
561,2025-07-14,JNT-05,Junta de Vedação do Casco,need-to-have,24,0,19,,0
562,2025-07-15,FLT-21,Filtro de Névoa do Turboeixo,must-have,34,0,29,,61
562,2025-07-15,JNT-05,Junta de Vedação do Casco,need-to-have,19,0,12,,0
563,2025-07-16,FLT-21,Filtro de Névoa do Turboeixo,must-have,29,0,22,,0
563,2025-07-16,JNT-05,Junta de Vedação do Casco,need-to-have,12,0,7,,0
564,2025-07-17,FLT-21,Filtro de Névoa do Turboeixo,must-have,22,0,17,,0
564,2025-07-17,JNT-05,Junta de Vedação do Casco,need-to-have,7,0,6,,0
565,2025-07-18,FLT-21,Filtro de Névoa do Turboeixo,must-have,17,0,10,,0
565,2025-07-18,JNT-05,Junta de Vedação do Casco,need-to-have,6,0,0,,0
566,2025-07-19,FLT-21,Filtro de Névoa do Turboeixo,must-have,10,0,2,,0
566,2025-07-19,JNT-05,Junta de Vedação do Casco,need-to-have,0,0,0,,0
567,2025-07-20,FLT-21,Filtro de Névoa do Turboeixo,must-have,2,0,0,,0
567,2025-07-20,JNT-05,Junta de Vedação do Casco,need-to-have,0,0,0,,0
568,2025-07-21,FLT-21,Filtro de Névoa do Turboeixo,must-have,0,0,0,,0
568,2025-07-21,JNT-05,Junta de Vedação do Casco,need-to-have,0,66,61,JNT-05-PO037,0
569,2025-07-22,FLT-21,Filtro de Névoa do Turboeixo,must-have,0,0,0,,0
569,2025-07-22,JNT-05,Junta de Vedação do Casco,need-to-have,61,0,57,,0
570,2025-07-23,FLT-21,Filtro de Névoa do Turboeixo,must-have,0,61,53,FLT-21-PO049,0
570,2025-07-23,JNT-05,Junta de Vedação do Casco,need-to-have,57,0,53,,0
571,2025-07-24,FLT-21,Filtro de Névoa do Turboeixo,must-have,53,0,45,,0
571,2025-07-24,JNT-05,Junta de Vedação do Casco,need-to-have,53,0,48,,0
572,2025-07-25,FLT-21,Filtro de Névoa do Turboeixo,must-have,45,0,41,,0
572,2025-07-25,JNT-05,Junta de Vedação do Casco,need-to-have,48,0,43,,0
573,2025-07-26,FLT-21,Filtro de Névoa do Turboeixo,must-have,41,0,32,,72
573,2025-07-26,JNT-05,Junta de Vedação do Casco,need-to-have,43,0,36,,66
574,2025-07-27,FLT-21,Filtro de Névoa do Turboeixo,must-have,32,0,23,,0
574,2025-07-27,JNT-05,Junta de Vedação do Casco,need-to-have,36,0,29,,0
575,2025-07-28,FLT-21,Filtro de Névoa do Turboeixo,must-have,23,0,15,,0
575,2025-07-28,JNT-05,Junta de Vedação do Casco,need-to-have,29,0,24,,0
576,2025-07-29,FLT-21,Filtro de Névoa do Turboeixo,must-have,15,0,7,,0
576,2025-07-29,JNT-05,Junta de Vedação do Casco,need-to-have,24,0,16,,0
577,2025-07-30,FLT-21,Filtro de Névoa do Turboeixo,must-have,7,0,3,,0
577,2025-07-30,JNT-05,Junta de Vedação do Casco,need-to-have,16,0,13,,0
578,2025-07-31,FLT-21,Filtro de Névoa do Turboeixo,must-have,3,0,0,,0
578,2025-07-31,JNT-05,Junta de Vedação do Casco,need-to-have,13,0,10,,0
579,2025-08-01,FLT-21,Filtro de Névoa do Turboeixo,must-have,0,72,65,FLT-21-PO050,0
579,2025-08-01,JNT-05,Junta de Vedação do Casco,need-to-have,10,0,4,,0
580,2025-08-02,FLT-21,Filtro de Névoa do Turboeixo,must-have,65,0,59,,0
580,2025-08-02,JNT-05,Junta de Vedação do Casco,need-to-have,4,0,0,,0
581,2025-08-03,FLT-21,Filtro de Névoa do Turboeixo,must-have,59,0,49,,0
581,2025-08-03,JNT-05,Junta de Vedação do Casco,need-to-have,0,0,0,,0
582,2025-08-04,FLT-21,Filtro de Névoa do Turboeixo,must-have,49,0,40,,0
582,2025-08-04,JNT-05,Junta de Vedação do Casco,need-to-have,0,0,0,,0
583,2025-08-05,FLT-21,Filtro de Névoa do Turboeixo,must-have,40,0,35,,0
583,2025-08-05,JNT-05,Junta de Vedação do Casco,need-to-have,0,0,0,,0
584,2025-08-06,FLT-21,Filtro de Névoa do Turboeixo,must-have,35,0,28,,60
584,2025-08-06,JNT-05,Junta de Vedação do Casco,need-to-have,0,0,0,,0
585,2025-08-07,FLT-21,Filtro de Névoa do Turboeixo,must-have,28,0,21,,0
585,2025-08-07,JNT-05,Junta de Vedação do Casco,need-to-have,0,0,0,,0
586,2025-08-08,FLT-21,Filtro de Névoa do Turboeixo,must-have,21,0,15,,0
586,2025-08-08,JNT-05,Junta de Vedação do Casco,need-to-have,0,66,60,JNT-05-PO038,0
587,2025-08-09,FLT-21,Filtro de Névoa do Turboeixo,must-have,15,0,7,,0
587,2025-08-09,JNT-05,Junta de Vedação do Casco,need-to-have,60,0,51,,0
588,2025-08-10,FLT-21,Filtro de Névoa do Turboeixo,must-have,7,0,0,,0
588,2025-08-10,JNT-05,Junta de Vedação do Casco,need-to-have,51,0,45,,0
589,2025-08-11,FLT-21,Filtro de Névoa do Turboeixo,must-have,0,0,0,,0
589,2025-08-11,JNT-05,Junta de Vedação do Casco,need-to-have,45,0,40,,68
590,2025-08-12,FLT-21,Filtro de Névoa do Turboeixo,must-have,0,60,53,FLT-21-PO051,0
590,2025-08-12,JNT-05,Junta de Vedação do Casco,need-to-have,40,0,36,,0
591,2025-08-13,FLT-21,Filtro de Névoa do Turboeixo,must-have,53,0,48,,0
591,2025-08-13,JNT-05,Junta de Vedação do Casco,need-to-have,36,0,30,,0
592,2025-08-14,FLT-21,Filtro de Névoa do Turboeixo,must-have,48,0,37,,0
592,2025-08-14,JNT-05,Junta de Vedação do Casco,need-to-have,30,0,23,,0
593,2025-08-15,FLT-21,Filtro de Névoa do Turboeixo,must-have,37,0,28,,68
593,2025-08-15,JNT-05,Junta de Vedação do Casco,need-to-have,23,0,15,,0
594,2025-08-16,FLT-21,Filtro de Névoa do Turboeixo,must-have,28,0,21,,0
594,2025-08-16,JNT-05,Junta de Vedação do Casco,need-to-have,15,0,8,,0
595,2025-08-17,FLT-21,Filtro de Névoa do Turboeixo,must-have,21,0,14,,0
595,2025-08-17,JNT-05,Junta de Vedação do Casco,need-to-have,8,0,0,,0
596,2025-08-18,FLT-21,Filtro de Névoa do Turboeixo,must-have,14,0,8,,0
596,2025-08-18,JNT-05,Junta de Vedação do Casco,need-to-have,0,0,0,,0
597,2025-08-19,FLT-21,Filtro de Névoa do Turboeixo,must-have,8,0,4,,0
597,2025-08-19,JNT-05,Junta de Vedação do Casco,need-to-have,0,0,0,,0
598,2025-08-20,FLT-21,Filtro de Névoa do Turboeixo,must-have,4,0,0,,0
598,2025-08-20,JNT-05,Junta de Vedação do Casco,need-to-have,0,0,0,,0
599,2025-08-21,FLT-21,Filtro de Névoa do Turboeixo,must-have,0,0,0,,0
599,2025-08-21,JNT-05,Junta de Vedação do Casco,need-to-have,0,0,0,,0
600,2025-08-22,FLT-21,Filtro de Névoa do Turboeixo,must-have,0,68,58,FLT-21-PO052,0
600,2025-08-22,JNT-05,Junta de Vedação do Casco,need-to-have,0,0,0,,0
601,2025-08-23,FLT-21,Filtro de Névoa do Turboeixo,must-have,58,0,53,,0
601,2025-08-23,JNT-05,Junta de Vedação do Casco,need-to-have,0,68,61,JNT-05-PO039,0
602,2025-08-24,FLT-21,Filtro de Névoa do Turboeixo,must-have,53,0,46,,0
602,2025-08-24,JNT-05,Junta de Vedação do Casco,need-to-have,61,0,53,,0
603,2025-08-25,FLT-21,Filtro de Névoa do Turboeixo,must-have,46,0,39,,0
603,2025-08-25,JNT-05,Junta de Vedação do Casco,need-to-have,53,0,47,,0
604,2025-08-26,FLT-21,Filtro de Névoa do Turboeixo,must-have,39,0,31,,62
604,2025-08-26,JNT-05,Junta de Vedação do Casco,need-to-have,47,0,41,,56
605,2025-08-27,FLT-21,Filtro de Névoa do Turboeixo,must-have,31,0,25,,0
605,2025-08-27,JNT-05,Junta de Vedação do Casco,need-to-have,41,0,36,,0
606,2025-08-28,FLT-21,Filtro de Névoa do Turboeixo,must-have,25,0,16,,0
606,2025-08-28,JNT-05,Junta de Vedação do Casco,need-to-have,36,0,32,,0
607,2025-08-29,FLT-21,Filtro de Névoa do Turboeixo,must-have,16,0,9,,0
607,2025-08-29,JNT-05,Junta de Vedação do Casco,need-to-have,32,0,28,,0
608,2025-08-30,FLT-21,Filtro de Névoa do Turboeixo,must-have,9,0,1,,0
608,2025-08-30,JNT-05,Junta de Vedação do Casco,need-to-have,28,0,24,,0
609,2025-08-31,FLT-21,Filtro de Névoa do Turboeixo,must-have,1,0,0,,0
609,2025-08-31,JNT-05,Junta de Vedação do Casco,need-to-have,24,0,20,,0
610,2025-09-01,FLT-21,Filtro de Névoa do Turboeixo,must-have,0,62,58,FLT-21-PO053,0
610,2025-09-01,JNT-05,Junta de Vedação do Casco,need-to-have,20,0,15,,0
611,2025-09-02,FLT-21,Filtro de Névoa do Turboeixo,must-have,58,0,47,,0
611,2025-09-02,JNT-05,Junta de Vedação do Casco,need-to-have,15,0,11,,0
612,2025-09-03,FLT-21,Filtro de Névoa do Turboeixo,must-have,47,0,38,,0
612,2025-09-03,JNT-05,Junta de Vedação do Casco,need-to-have,11,48,54,JNT-05-PO040,0
613,2025-09-04,FLT-21,Filtro de Névoa do Turboeixo,must-have,38,0,30,,70
613,2025-09-04,JNT-05,Junta de Vedação do Casco,need-to-have,54,0,51,,0
614,2025-09-05,FLT-21,Filtro de Névoa do Turboeixo,must-have,30,0,21,,0
614,2025-09-05,JNT-05,Junta de Vedação do Casco,need-to-have,51,0,46,,0
615,2025-09-06,FLT-21,Filtro de Névoa do Turboeixo,must-have,21,0,16,,0
615,2025-09-06,JNT-05,Junta de Vedação do Casco,need-to-have,46,0,40,,64
616,2025-09-07,FLT-21,Filtro de Névoa do Turboeixo,must-have,16,0,6,,0
616,2025-09-07,JNT-05,Junta de Vedação do Casco,need-to-have,40,0,34,,0
617,2025-09-08,FLT-21,Filtro de Névoa do Turboeixo,must-have,6,0,1,,0
617,2025-09-08,JNT-05,Junta de Vedação do Casco,need-to-have,34,0,31,,0
618,2025-09-09,FLT-21,Filtro de Névoa do Turboeixo,must-have,1,0,0,,0
618,2025-09-09,JNT-05,Junta de Vedação do Casco,need-to-have,31,0,25,,0
619,2025-09-10,FLT-21,Filtro de Névoa do Turboeixo,must-have,0,0,0,,0
619,2025-09-10,JNT-05,Junta de Vedação do Casco,need-to-have,25,0,18,,0
620,2025-09-11,FLT-21,Filtro de Névoa do Turboeixo,must-have,0,0,0,,0
620,2025-09-11,JNT-05,Junta de Vedação do Casco,need-to-have,18,0,12,,0
621,2025-09-12,FLT-21,Filtro de Névoa do Turboeixo,must-have,0,70,64,FLT-21-PO054,0
621,2025-09-12,JNT-05,Junta de Vedação do Casco,need-to-have,12,0,9,,0
622,2025-09-13,FLT-21,Filtro de Névoa do Turboeixo,must-have,64,0,60,,0
622,2025-09-13,JNT-05,Junta de Vedação do Casco,need-to-have,9,0,4,,0
623,2025-09-14,FLT-21,Filtro de Névoa do Turboeixo,must-have,60,0,52,,0
623,2025-09-14,JNT-05,Junta de Vedação do Casco,need-to-have,4,0,1,,0
624,2025-09-15,FLT-21,Filtro de Névoa do Turboeixo,must-have,52,0,43,,0
624,2025-09-15,JNT-05,Junta de Vedação do Casco,need-to-have,1,0,1,,0
625,2025-09-16,FLT-21,Filtro de Névoa do Turboeixo,must-have,43,0,39,,0
625,2025-09-16,JNT-05,Junta de Vedação do Casco,need-to-have,1,0,0,,0
626,2025-09-17,FLT-21,Filtro de Névoa do Turboeixo,must-have,39,0,32,,61
626,2025-09-17,JNT-05,Junta de Vedação do Casco,need-to-have,0,0,0,,0
627,2025-09-18,FLT-21,Filtro de Névoa do Turboeixo,must-have,32,0,23,,0
627,2025-09-18,JNT-05,Junta de Vedação do Casco,need-to-have,0,0,0,,0
628,2025-09-19,FLT-21,Filtro de Névoa do Turboeixo,must-have,23,0,16,,0
628,2025-09-19,JNT-05,Junta de Vedação do Casco,need-to-have,0,0,0,,0
629,2025-09-20,FLT-21,Filtro de Névoa do Turboeixo,must-have,16,0,11,,0
629,2025-09-20,JNT-05,Junta de Vedação do Casco,need-to-have,0,64,57,JNT-05-PO041,0
630,2025-09-21,FLT-21,Filtro de Névoa do Turboeixo,must-have,11,0,5,,0
630,2025-09-21,JNT-05,Junta de Vedação do Casco,need-to-have,57,0,47,,0
631,2025-09-22,FLT-21,Filtro de Névoa do Turboeixo,must-have,5,0,0,,0
631,2025-09-22,JNT-05,Junta de Vedação do Casco,need-to-have,47,0,41,,58
632,2025-09-23,FLT-21,Filtro de Névoa do Turboeixo,must-have,0,0,0,,0
632,2025-09-23,JNT-05,Junta de Vedação do Casco,need-to-have,41,0,36,,0
633,2025-09-24,FLT-21,Filtro de Névoa do Turboeixo,must-have,0,0,0,,0
633,2025-09-24,JNT-05,Junta de Vedação do Casco,need-to-have,36,0,27,,0
634,2025-09-25,FLT-21,Filtro de Névoa do Turboeixo,must-have,0,61,55,FLT-21-PO055,0
634,2025-09-25,JNT-05,Junta de Vedação do Casco,need-to-have,27,0,21,,0
635,2025-09-26,FLT-21,Filtro de Névoa do Turboeixo,must-have,55,0,50,,0
635,2025-09-26,JNT-05,Junta de Vedação do Casco,need-to-have,21,0,19,,0
636,2025-09-27,FLT-21,Filtro de Névoa do Turboeixo,must-have,50,0,43,,0
636,2025-09-27,JNT-05,Junta de Vedação do Casco,need-to-have,19,0,12,,0
637,2025-09-28,FLT-21,Filtro de Névoa do Turboeixo,must-have,43,0,39,,0
637,2025-09-28,JNT-05,Junta de Vedação do Casco,need-to-have,12,0,8,,0
638,2025-09-29,FLT-21,Filtro de Névoa do Turboeixo,must-have,39,0,35,,0
638,2025-09-29,JNT-05,Junta de Vedação do Casco,need-to-have,8,0,5,,0
639,2025-09-30,FLT-21,Filtro de Névoa do Turboeixo,must-have,35,0,29,,64
639,2025-09-30,JNT-05,Junta de Vedação do Casco,need-to-have,5,0,0,,0
640,2025-10-01,FLT-21,Filtro de Névoa do Turboeixo,must-have,29,0,25,,0
640,2025-10-01,JNT-05,Junta de Vedação do Casco,need-to-have,0,0,0,,0
641,2025-10-02,FLT-21,Filtro de Névoa do Turboeixo,must-have,25,0,14,,0
641,2025-10-02,JNT-05,Junta de Vedação do Casco,need-to-have,0,0,0,,0
642,2025-10-03,FLT-21,Filtro de Névoa do Turboeixo,must-have,14,0,13,,0
642,2025-10-03,JNT-05,Junta de Vedação do Casco,need-to-have,0,0,0,,0
643,2025-10-04,FLT-21,Filtro de Névoa do Turboeixo,must-have,13,0,10,,0
643,2025-10-04,JNT-05,Junta de Vedação do Casco,need-to-have,0,0,0,,0
644,2025-10-05,FLT-21,Filtro de Névoa do Turboeixo,must-have,10,0,2,,0
644,2025-10-05,JNT-05,Junta de Vedação do Casco,need-to-have,0,0,0,,0
645,2025-10-06,FLT-21,Filtro de Névoa do Turboeixo,must-have,2,64,59,FLT-21-PO056,0
645,2025-10-06,JNT-05,Junta de Vedação do Casco,need-to-have,0,0,0,,0
646,2025-10-07,FLT-21,Filtro de Névoa do Turboeixo,must-have,59,0,52,,0
646,2025-10-07,JNT-05,Junta de Vedação do Casco,need-to-have,0,0,0,,0
647,2025-10-08,FLT-21,Filtro de Névoa do Turboeixo,must-have,52,0,45,,0
647,2025-10-08,JNT-05,Junta de Vedação do Casco,need-to-have,0,0,0,,0
648,2025-10-09,FLT-21,Filtro de Névoa do Turboeixo,must-have,45,0,37,,0
648,2025-10-09,JNT-05,Junta de Vedação do Casco,need-to-have,0,0,0,,0
649,2025-10-10,FLT-21,Filtro de Névoa do Turboeixo,must-have,37,0,30,,73
649,2025-10-10,JNT-05,Junta de Vedação do Casco,need-to-have,0,0,0,,0
650,2025-10-11,FLT-21,Filtro de Névoa do Turboeixo,must-have,30,0,20,,0
650,2025-10-11,JNT-05,Junta de Vedação do Casco,need-to-have,0,0,0,,0
651,2025-10-12,FLT-21,Filtro de Névoa do Turboeixo,must-have,20,0,14,,0
651,2025-10-12,JNT-05,Junta de Vedação do Casco,need-to-have,0,58,54,JNT-05-PO042,0
652,2025-10-13,FLT-21,Filtro de Névoa do Turboeixo,must-have,14,0,9,,0
652,2025-10-13,JNT-05,Junta de Vedação do Casco,need-to-have,54,0,45,,0
653,2025-10-14,FLT-21,Filtro de Névoa do Turboeixo,must-have,9,0,4,,0
653,2025-10-14,JNT-05,Junta de Vedação do Casco,need-to-have,45,0,37,,68
654,2025-10-15,FLT-21,Filtro de Névoa do Turboeixo,must-have,4,0,0,,0
654,2025-10-15,JNT-05,Junta de Vedação do Casco,need-to-have,37,0,33,,0
655,2025-10-16,FLT-21,Filtro de Névoa do Turboeixo,must-have,0,0,0,,0
655,2025-10-16,JNT-05,Junta de Vedação do Casco,need-to-have,33,0,24,,0
656,2025-10-17,FLT-21,Filtro de Névoa do Turboeixo,must-have,0,0,0,,0
656,2025-10-17,JNT-05,Junta de Vedação do Casco,need-to-have,24,0,18,,0
657,2025-10-18,FLT-21,Filtro de Névoa do Turboeixo,must-have,0,73,65,FLT-21-PO057,0
657,2025-10-18,JNT-05,Junta de Vedação do Casco,need-to-have,18,0,16,,0
658,2025-10-19,FLT-21,Filtro de Névoa do Turboeixo,must-have,65,0,58,,0
658,2025-10-19,JNT-05,Junta de Vedação do Casco,need-to-have,16,0,11,,0
659,2025-10-20,FLT-21,Filtro de Névoa do Turboeixo,must-have,58,0,52,,0
659,2025-10-20,JNT-05,Junta de Vedação do Casco,need-to-have,11,0,5,,0
660,2025-10-21,FLT-21,Filtro de Névoa do Turboeixo,must-have,52,0,43,,0
660,2025-10-21,JNT-05,Junta de Vedação do Casco,need-to-have,5,0,0,,0
661,2025-10-22,FLT-21,Filtro de Névoa do Turboeixo,must-have,43,0,36,,0
661,2025-10-22,JNT-05,Junta de Vedação do Casco,need-to-have,0,68,64,JNT-05-PO043,0
662,2025-10-23,FLT-21,Filtro de Névoa do Turboeixo,must-have,36,0,30,,60
662,2025-10-23,JNT-05,Junta de Vedação do Casco,need-to-have,64,0,62,,0
663,2025-10-24,FLT-21,Filtro de Névoa do Turboeixo,must-have,30,0,26,,0
663,2025-10-24,JNT-05,Junta de Vedação do Casco,need-to-have,62,0,59,,0
664,2025-10-25,FLT-21,Filtro de Névoa do Turboeixo,must-have,26,0,19,,0
664,2025-10-25,JNT-05,Junta de Vedação do Casco,need-to-have,59,0,52,,0
665,2025-10-26,FLT-21,Filtro de Névoa do Turboeixo,must-have,19,0,13,,0
665,2025-10-26,JNT-05,Junta de Vedação do Casco,need-to-have,52,0,44,,0
666,2025-10-27,FLT-21,Filtro de Névoa do Turboeixo,must-have,13,0,6,,0
666,2025-10-27,JNT-05,Junta de Vedação do Casco,need-to-have,44,0,42,,0
667,2025-10-28,FLT-21,Filtro de Névoa do Turboeixo,must-have,6,0,0,,0
667,2025-10-28,JNT-05,Junta de Vedação do Casco,need-to-have,42,0,36,,67
668,2025-10-29,FLT-21,Filtro de Névoa do Turboeixo,must-have,0,0,0,,0
668,2025-10-29,JNT-05,Junta de Vedação do Casco,need-to-have,36,0,30,,0
669,2025-10-30,FLT-21,Filtro de Névoa do Turboeixo,must-have,0,0,0,,0
669,2025-10-30,JNT-05,Junta de Vedação do Casco,need-to-have,30,0,24,,0
670,2025-10-31,FLT-21,Filtro de Névoa do Turboeixo,must-have,0,60,50,FLT-21-PO058,0
670,2025-10-31,JNT-05,Junta de Vedação do Casco,need-to-have,24,0,20,,0
671,2025-11-01,FLT-21,Filtro de Névoa do Turboeixo,must-have,50,0,43,,0
671,2025-11-01,JNT-05,Junta de Vedação do Casco,need-to-have,20,0,15,,0
672,2025-11-02,FLT-21,Filtro de Névoa do Turboeixo,must-have,43,0,34,,0
672,2025-11-02,JNT-05,Junta de Vedação do Casco,need-to-have,15,0,12,,0
673,2025-11-03,FLT-21,Filtro de Névoa do Turboeixo,must-have,34,0,27,,72
673,2025-11-03,JNT-05,Junta de Vedação do Casco,need-to-have,12,0,7,,0
674,2025-11-04,FLT-21,Filtro de Névoa do Turboeixo,must-have,27,0,20,,0
674,2025-11-04,JNT-05,Junta de Vedação do Casco,need-to-have,7,0,0,,0
675,2025-11-05,FLT-21,Filtro de Névoa do Turboeixo,must-have,20,0,11,,0
675,2025-11-05,JNT-05,Junta de Vedação do Casco,need-to-have,0,0,0,,0
676,2025-11-06,FLT-21,Filtro de Névoa do Turboeixo,must-have,11,0,8,,0
676,2025-11-06,JNT-05,Junta de Vedação do Casco,need-to-have,0,0,0,,0
677,2025-11-07,FLT-21,Filtro de Névoa do Turboeixo,must-have,8,0,1,,0
677,2025-11-07,JNT-05,Junta de Vedação do Casco,need-to-have,0,67,64,JNT-05-PO044,0
678,2025-11-08,FLT-21,Filtro de Névoa do Turboeixo,must-have,1,0,0,,0
678,2025-11-08,JNT-05,Junta de Vedação do Casco,need-to-have,64,0,59,,0
679,2025-11-09,FLT-21,Filtro de Névoa do Turboeixo,must-have,0,0,0,,0
679,2025-11-09,JNT-05,Junta de Vedação do Casco,need-to-have,59,0,51,,0
680,2025-11-10,FLT-21,Filtro de Névoa do Turboeixo,must-have,0,72,68,FLT-21-PO059,0
680,2025-11-10,JNT-05,Junta de Vedação do Casco,need-to-have,51,0,45,,0
681,2025-11-11,FLT-21,Filtro de Névoa do Turboeixo,must-have,68,0,59,,0
681,2025-11-11,JNT-05,Junta de Vedação do Casco,need-to-have,45,0,40,,60
682,2025-11-12,FLT-21,Filtro de Névoa do Turboeixo,must-have,59,0,50,,0
682,2025-11-12,JNT-05,Junta de Vedação do Casco,need-to-have,40,0,35,,0
683,2025-11-13,FLT-21,Filtro de Névoa do Turboeixo,must-have,50,0,42,,0
683,2025-11-13,JNT-05,Junta de Vedação do Casco,need-to-have,35,0,33,,0
684,2025-11-14,FLT-21,Filtro de Névoa do Turboeixo,must-have,42,0,35,,0
684,2025-11-14,JNT-05,Junta de Vedação do Casco,need-to-have,33,0,30,,0
685,2025-11-15,FLT-21,Filtro de Névoa do Turboeixo,must-have,35,0,32,,72
685,2025-11-15,JNT-05,Junta de Vedação do Casco,need-to-have,30,0,24,,0
686,2025-11-16,FLT-21,Filtro de Névoa do Turboeixo,must-have,32,0,24,,0
686,2025-11-16,JNT-05,Junta de Vedação do Casco,need-to-have,24,60,76,JNT-05-PO045,0
687,2025-11-17,FLT-21,Filtro de Névoa do Turboeixo,must-have,24,0,15,,0
687,2025-11-17,JNT-05,Junta de Vedação do Casco,need-to-have,76,0,67,,0
688,2025-11-18,FLT-21,Filtro de Névoa do Turboeixo,must-have,15,0,7,,0
688,2025-11-18,JNT-05,Junta de Vedação do Casco,need-to-have,67,0,64,,0
689,2025-11-19,FLT-21,Filtro de Névoa do Turboeixo,must-have,7,0,0,,0
689,2025-11-19,JNT-05,Junta de Vedação do Casco,need-to-have,64,0,58,,0
690,2025-11-20,FLT-21,Filtro de Névoa do Turboeixo,must-have,0,0,0,,0
690,2025-11-20,JNT-05,Junta de Vedação do Casco,need-to-have,58,0,53,,0
691,2025-11-21,FLT-21,Filtro de Névoa do Turboeixo,must-have,0,0,0,,0
691,2025-11-21,JNT-05,Junta de Vedação do Casco,need-to-have,53,0,49,,0
692,2025-11-22,FLT-21,Filtro de Névoa do Turboeixo,must-have,0,72,64,FLT-21-PO060,0
692,2025-11-22,JNT-05,Junta de Vedação do Casco,need-to-have,49,0,44,,0
693,2025-11-23,FLT-21,Filtro de Névoa do Turboeixo,must-have,64,0,57,,0
693,2025-11-23,JNT-05,Junta de Vedação do Casco,need-to-have,44,0,41,,58
694,2025-11-24,FLT-21,Filtro de Névoa do Turboeixo,must-have,57,0,51,,0
694,2025-11-24,JNT-05,Junta de Vedação do Casco,need-to-have,41,0,37,,0
695,2025-11-25,FLT-21,Filtro de Névoa do Turboeixo,must-have,51,0,46,,0
695,2025-11-25,JNT-05,Junta de Vedação do Casco,need-to-have,37,0,34,,0
696,2025-11-26,FLT-21,Filtro de Névoa do Turboeixo,must-have,46,0,39,,0
696,2025-11-26,JNT-05,Junta de Vedação do Casco,need-to-have,34,0,27,,0
697,2025-11-27,FLT-21,Filtro de Névoa do Turboeixo,must-have,39,0,31,,70
697,2025-11-27,JNT-05,Junta de Vedação do Casco,need-to-have,27,0,21,,0
698,2025-11-28,FLT-21,Filtro de Névoa do Turboeixo,must-have,31,0,24,,0
698,2025-11-28,JNT-05,Junta de Vedação do Casco,need-to-have,21,0,14,,0
699,2025-11-29,FLT-21,Filtro de Névoa do Turboeixo,must-have,24,0,15,,0
699,2025-11-29,JNT-05,Junta de Vedação do Casco,need-to-have,14,0,5,,0
700,2025-11-30,FLT-21,Filtro de Névoa do Turboeixo,must-have,15,0,5,,0
700,2025-11-30,JNT-05,Junta de Vedação do Casco,need-to-have,5,0,0,,0
