day,date,sku,item_name,criticality,opening_stock,receipts_qty,closing_stock,po_ids_received,order_placed_qty
1,2024-01-01,BMB-31,Bomba Auxiliar de Refrigeração,must-have,64,0,59,,0
1,2024-01-01,FUS-12,Fusível Fotônico de Painel,need-to-have,38,0,35,,0
2,2024-01-02,BMB-31,Bomba Auxiliar de Refrigeração,must-have,59,0,50,,74
2,2024-01-02,FUS-12,Fusível Fotônico de Painel,need-to-have,35,0,30,,0
3,2024-01-03,BMB-31,Bomba Auxiliar de Refrigeração,must-have,50,0,45,,0
3,2024-01-03,FUS-12,Fusível Fotônico de Painel,need-to-have,30,0,20,,57
4,2024-01-04,BMB-31,Bomba Auxiliar de Refrigeração,must-have,45,0,37,,0
4,2024-01-04,FUS-12,Fusível Fotônico de Painel,need-to-have,20,0,11,,0
5,2024-01-05,BMB-31,Bomba Auxiliar de Refrigeração,must-have,37,0,34,,0
5,2024-01-05,FUS-12,Fusível Fotônico de Painel,need-to-have,11,0,3,,0
6,2024-01-06,BMB-31,Bomba Auxiliar de Refrigeração,must-have,34,0,30,,0
6,2024-01-06,FUS-12,Fusível Fotônico de Painel,need-to-have,3,0,0,,0
7,2024-01-07,BMB-31,Bomba Auxiliar de Refrigeração,must-have,30,0,27,,0
7,2024-01-07,FUS-12,Fusível Fotônico de Painel,need-to-have,0,57,49,FUS-12-PO001,0
8,2024-01-08,BMB-31,Bomba Auxiliar de Refrigeração,must-have,27,0,24,,0
8,2024-01-08,FUS-12,Fusível Fotônico de Painel,need-to-have,49,0,44,,0
9,2024-01-09,BMB-31,Bomba Auxiliar de Refrigeração,must-have,24,0,17,,0
9,2024-01-09,FUS-12,Fusível Fotônico de Painel,need-to-have,44,0,38,,0
10,2024-01-10,BMB-31,Bomba Auxiliar de Refrigeração,must-have,17,0,10,,0
10,2024-01-10,FUS-12,Fusível Fotônico de Painel,need-to-have,38,0,31,,0
11,2024-01-11,BMB-31,Bomba Auxiliar de Refrigeração,must-have,10,63,68,BMB-31-PO001,0
11,2024-01-11,FUS-12,Fusível Fotônico de Painel,need-to-have,31,0,25,,68
12,2024-01-12,BMB-31,Bomba Auxiliar de Refrigeração,must-have,68,0,61,,0
12,2024-01-12,FUS-12,Fusível Fotônico de Painel,need-to-have,25,0,12,,0
13,2024-01-13,BMB-31,Bomba Auxiliar de Refrigeração,must-have,61,0,54,,0
13,2024-01-13,FUS-12,Fusível Fotônico de Painel,need-to-have,12,0,6,,0
14,2024-01-14,BMB-31,Bomba Auxiliar de Refrigeração,must-have,54,0,50,,68
14,2024-01-14,FUS-12,Fusível Fotônico de Painel,need-to-have,6,0,0,,0
15,2024-01-15,BMB-31,Bomba Auxiliar de Refrigeração,must-have,50,0,44,,0
15,2024-01-15,FUS-12,Fusível Fotônico de Painel,need-to-have,0,0,0,,0
16,2024-01-16,BMB-31,Bomba Auxiliar de Refrigeração,must-have,44,0,38,,0
16,2024-01-16,FUS-12,Fusível Fotônico de Painel,need-to-have,0,0,0,,0
17,2024-01-17,BMB-31,Bomba Auxiliar de Refrigeração,must-have,38,0,34,,0
17,2024-01-17,FUS-12,Fusível Fotônico de Painel,need-to-have,0,0,0,,0
18,2024-01-18,BMB-31,Bomba Auxiliar de Refrigeração,must-have,34,0,29,,0
18,2024-01-18,FUS-12,Fusível Fotônico de Painel,need-to-have,0,68,62,FUS-12-PO002,0
19,2024-01-19,BMB-31,Bomba Auxiliar de Refrigeração,must-have,29,0,26,,0
19,2024-01-19,FUS-12,Fusível Fotônico de Painel,need-to-have,62,0,55,,0
20,2024-01-20,BMB-31,Bomba Auxiliar de Refrigeração,must-have,26,0,20,,0
20,2024-01-20,FUS-12,Fusível Fotônico de Painel,need-to-have,55,0,46,,0
21,2024-01-21,BMB-31,Bomba Auxiliar de Refrigeração,must-have,20,0,16,,0
21,2024-01-21,FUS-12,Fusível Fotônico de Painel,need-to-have,46,0,40,,0
22,2024-01-22,BMB-31,Bomba Auxiliar de Refrigeração,must-have,16,0,10,,0
22,2024-01-22,FUS-12,Fusível Fotônico de Painel,need-to-have,40,0,37,,0
23,2024-01-23,BMB-31,Bomba Auxiliar de Refrigeração,must-have,10,0,4,,0
23,2024-01-23,FUS-12,Fusível Fotônico de Painel,need-to-have,37,0,33,,0
24,2024-01-24,BMB-31,Bomba Auxiliar de Refrigeração,must-have,4,0,0,,0
24,2024-01-24,FUS-12,Fusível Fotônico de Painel,need-to-have,33,0,26,,69
25,2024-01-25,BMB-31,Bomba Auxiliar de Refrigeração,must-have,0,0,0,,0
25,2024-01-25,FUS-12,Fusível Fotônico de Painel,need-to-have,26,0,21,,0
26,2024-01-26,BMB-31,Bomba Auxiliar de Refrigeração,must-have,0,0,0,,0
26,2024-01-26,FUS-12,Fusível Fotônico de Painel,need-to-have,21,0,14,,0
27,2024-01-27,BMB-31,Bomba Auxiliar de Refrigeração,must-have,0,0,0,,0
27,2024-01-27,FUS-12,Fusível Fotônico de Painel,need-to-have,14,0,6,,0
28,2024-01-28,BMB-31,Bomba Auxiliar de Refrigeração,must-have,0,68,62,BMB-31-PO002,0
28,2024-01-28,FUS-12,Fusível Fotônico de Painel,need-to-have,6,0,1,,0
29,2024-01-29,BMB-31,Bomba Auxiliar de Refrigeração,must-have,62,0,59,,0
29,2024-01-29,FUS-12,Fusível Fotônico de Painel,need-to-have,1,0,0,,0
30,2024-01-30,BMB-31,Bomba Auxiliar de Refrigeração,must-have,59,0,54,,0
30,2024-01-30,FUS-12,Fusível Fotônico de Painel,need-to-have,0,0,0,,0
31,2024-01-31,BMB-31,Bomba Auxiliar de Refrigeração,must-have,54,0,48,,69
31,2024-01-31,FUS-12,Fusível Fotônico de Painel,need-to-have,0,0,0,,0
32,2024-02-01,BMB-31,Bomba Auxiliar de Refrigeração,must-have,48,0,45,,0
32,2024-02-01,FUS-12,Fusível Fotônico de Painel,need-to-have,0,0,0,,0
33,2024-02-02,BMB-31,Bomba Auxiliar de Refrigeração,must-have,45,0,41,,0
33,2024-02-02,FUS-12,Fusível Fotônico de Painel,need-to-have,0,0,0,,0
34,2024-02-03,BMB-31,Bomba Auxiliar de Refrigeração,must-have,41,0,37,,0
34,2024-02-03,FUS-12,Fusível Fotônico de Painel,need-to-have,0,69,62,FUS-12-PO003,0
35,2024-02-04,BMB-31,Bomba Auxiliar de Refrigeração,must-have,37,0,30,,0
35,2024-02-04,FUS-12,Fusível Fotônico de Painel,need-to-have,62,0,53,,0
36,2024-02-05,BMB-31,Bomba Auxiliar de Refrigeração,must-have,30,0,22,,0
36,2024-02-05,FUS-12,Fusível Fotônico de Painel,need-to-have,53,0,48,,0
37,2024-02-06,BMB-31,Bomba Auxiliar de Refrigeração,must-have,22,0,15,,0
37,2024-02-06,FUS-12,Fusível Fotônico de Painel,need-to-have,48,0,42,,0
38,2024-02-07,BMB-31,Bomba Auxiliar de Refrigeração,must-have,15,0,10,,0
38,2024-02-07,FUS-12,Fusível Fotônico de Painel,need-to-have,42,0,38,,0
39,2024-02-08,BMB-31,Bomba Auxiliar de Refrigeração,must-have,10,0,5,,0
39,2024-02-08,FUS-12,Fusível Fotônico de Painel,need-to-have,38,0,28,,65
40,2024-02-09,BMB-31,Bomba Auxiliar de Refrigeração,must-have,5,0,2,,0
40,2024-02-09,FUS-12,Fusível Fotônico de Painel,need-to-have,28,0,22,,0
41,2024-02-10,BMB-31,Bomba Auxiliar de Refrigeração,must-have,2,0,0,,0
41,2024-02-10,FUS-12,Fusível Fotônico de Painel,need-to-have,22,0,14,,0
42,2024-02-11,BMB-31,Bomba Auxiliar de Refrigeração,must-have,0,0,0,,0
42,2024-02-11,FUS-12,Fusível Fotônico de Painel,need-to-have,14,0,7,,0
43,2024-02-12,BMB-31,Bomba Auxiliar de Refrigeração,must-have,0,0,0,,0
43,2024-02-12,FUS-12,Fusível Fotônico de Painel,need-to-have,7,0,2,,0
44,2024-02-13,BMB-31,Bomba Auxiliar de Refrigeração,must-have,0,0,0,,0
44,2024-02-13,FUS-12,Fusível Fotônico de Painel,need-to-have,2,0,0,,0
45,2024-02-14,BMB-31,Bomba Auxiliar de Refrigeração,must-have,0,0,0,,0
45,2024-02-14,FUS-12,Fusível Fotônico de Painel,need-to-have,0,65,61,FUS-12-PO004,0
46,2024-02-15,BMB-31,Bomba Auxiliar de Refrigeração,must-have,0,0,0,,0
46,2024-02-15,FUS-12,Fusível Fotônico de Painel,need-to-have,61,0,52,,0
47,2024-02-16,BMB-31,Bomba Auxiliar de Refrigeração,must-have,0,0,0,,0
47,2024-02-16,FUS-12,Fusível Fotônico de Painel,need-to-have,52,0,47,,0
48,2024-02-17,BMB-31,Bomba Auxiliar de Refrigeração,must-have,0,0,0,,0
48,2024-02-17,FUS-12,Fusível Fotônico de Painel,need-to-have,47,0,38,,0
49,2024-02-18,BMB-31,Bomba Auxiliar de Refrigeração,must-have,0,0,0,,0
49,2024-02-18,FUS-12,Fusível Fotônico de Painel,need-to-have,38,0,32,,0
50,2024-02-19,BMB-31,Bomba Auxiliar de Refrigeração,must-have,0,0,0,,0
50,2024-02-19,FUS-12,Fusível Fotônico de Painel,need-to-have,32,0,24,,69
51,2024-02-20,BMB-31,Bomba Auxiliar de Refrigeração,must-have,0,0,0,,0
51,2024-02-20,FUS-12,Fusível Fotônico de Painel,need-to-have,24,0,16,,0
52,2024-02-21,BMB-31,Bomba Auxiliar de Refrigeração,must-have,0,69,64,BMB-31-PO003,0
52,2024-02-21,FUS-12,Fusível Fotônico de Painel,need-to-have,16,0,9,,0
53,2024-02-22,BMB-31,Bomba Auxiliar de Refrigeração,must-have,64,0,57,,0
53,2024-02-22,FUS-12,Fusível Fotônico de Painel,need-to-have,9,0,0,,0
54,2024-02-23,BMB-31,Bomba Auxiliar de Refrigeração,must-have,57,0,54,,0
54,2024-02-23,FUS-12,Fusível Fotônico de Painel,need-to-have,0,0,0,,0
55,2024-02-24,BMB-31,Bomba Auxiliar de Refrigeração,must-have,54,0,46,,68
55,2024-02-24,FUS-12,Fusível Fotônico de Painel,need-to-have,0,0,0,,0
56,2024-02-25,BMB-31,Bomba Auxiliar de Refrigeração,must-have,46,0,41,,0
56,2024-02-25,FUS-12,Fusível Fotônico de Painel,need-to-have,0,0,0,,0
57,2024-02-26,BMB-31,Bomba Auxiliar de Refrigeração,must-have,41,0,37,,0
57,2024-02-26,FUS-12,Fusível Fotônico de Painel,need-to-have,0,0,0,,0
58,2024-02-27,BMB-31,Bomba Auxiliar de Refrigeração,must-have,37,0,31,,0
58,2024-02-27,FUS-12,Fusível Fotônico de Painel,need-to-have,0,0,0,,0
59,2024-02-28,BMB-31,Bomba Auxiliar de Refrigeração,must-have,31,0,24,,0
59,2024-02-28,FUS-12,Fusível Fotônico de Painel,need-to-have,0,0,0,,0
60,2024-02-29,BMB-31,Bomba Auxiliar de Refrigeração,must-have,24,0,18,,0
60,2024-02-29,FUS-12,Fusível Fotônico de Painel,need-to-have,0,69,64,FUS-12-PO005,0
61,2024-03-01,BMB-31,Bomba Auxiliar de Refrigeração,must-have,18,0,13,,0
61,2024-03-01,FUS-12,Fusível Fotônico de Painel,need-to-have,64,0,55,,0
62,2024-03-02,BMB-31,Bomba Auxiliar de Refrigeração,must-have,13,0,6,,0
62,2024-03-02,FUS-12,Fusível Fotônico de Painel,need-to-have,55,0,51,,0
63,2024-03-03,BMB-31,Bomba Auxiliar de Refrigeração,must-have,6,0,2,,0
63,2024-03-03,FUS-12,Fusível Fotônico de Painel,need-to-have,51,0,45,,0
64,2024-03-04,BMB-31,Bomba Auxiliar de Refrigeração,must-have,2,0,0,,0
64,2024-03-04,FUS-12,Fusível Fotônico de Painel,need-to-have,45,0,42,,0
65,2024-03-05,BMB-31,Bomba Auxiliar de Refrigeração,must-have,0,0,0,,0
65,2024-03-05,FUS-12,Fusível Fotônico de Painel,need-to-have,42,0,36,,0
66,2024-03-06,BMB-31,Bomba Auxiliar de Refrigeração,must-have,0,0,0,,0
66,2024-03-06,FUS-12,Fusível Fotônico de Painel,need-to-have,36,0,26,,65
67,2024-03-07,BMB-31,Bomba Auxiliar de Refrigeração,must-have,0,0,0,,0
67,2024-03-07,FUS-12,Fusível Fotônico de Painel,need-to-have,26,0,16,,0
68,2024-03-08,BMB-31,Bomba Auxiliar de Refrigeração,must-have,0,0,0,,0
68,2024-03-08,FUS-12,Fusível Fotônico de Painel,need-to-have,16,0,11,,0
69,2024-03-09,BMB-31,Bomba Auxiliar de Refrigeração,must-have,0,61,54,BMB-31-PO004,0
69,2024-03-09,FUS-12,Fusível Fotônico de Painel,need-to-have,11,0,5,,0
70,2024-03-10,BMB-31,Bomba Auxiliar de Refrigeração,must-have,54,0,51,,0
70,2024-03-10,FUS-12,Fusível Fotônico de Painel,need-to-have,5,0,1,,0
71,2024-03-11,BMB-31,Bomba Auxiliar de Refrigeração,must-have,51,0,47,,72
71,2024-03-11,FUS-12,Fusível Fotônico de Painel,need-to-have,1,0,0,,0
72,2024-03-12,BMB-31,Bomba Auxiliar de Refrigeração,must-have,47,0,40,,0
72,2024-03-12,FUS-12,Fusível Fotônico de Painel,need-to-have,0,0,0,,0
73,2024-03-13,BMB-31,Bomba Auxiliar de Refrigeração,must-have,40,0,38,,0
73,2024-03-13,FUS-12,Fusível Fotônico de Painel,need-to-have,0,0,0,,0
74,2024-03-14,BMB-31,Bomba Auxiliar de Refrigeração,must-have,38,0,32,,0
74,2024-03-14,FUS-12,Fusível Fotônico de Painel,need-to-have,0,0,0,,0
75,2024-03-15,BMB-31,Bomba Auxiliar de Refrigeração,must-have,32,0,28,,0
75,2024-03-15,FUS-12,Fusível Fotônico de Painel,need-to-have,0,0,0,,0
76,2024-03-16,BMB-31,Bomba Auxiliar de Refrigeração,must-have,28,0,21,,0
76,2024-03-16,FUS-12,Fusível Fotônico de Painel,need-to-have,0,0,0,,0
77,2024-03-17,BMB-31,Bomba Auxiliar de Refrigeração,must-have,21,0,15,,0
77,2024-03-17,FUS-12,Fusível Fotônico de Painel,need-to-have,0,65,56,FUS-12-PO006,0
78,2024-03-18,BMB-31,Bomba Auxiliar de Refrigeração,must-have,15,0,6,,0
78,2024-03-18,FUS-12,Fusível Fotônico de Painel,need-to-have,56,0,46,,0
79,2024-03-19,BMB-31,Bomba Auxiliar de Refrigeração,must-have,6,0,2,,0
79,2024-03-19,FUS-12,Fusível Fotônico de Painel,need-to-have,46,0,40,,0
80,2024-03-20,BMB-31,Bomba Auxiliar de Refrigeração,must-have,2,72,66,BMB-31-PO005,0
80,2024-03-20,FUS-12,Fusível Fotônico de Painel,need-to-have,40,0,31,,0
81,2024-03-21,BMB-31,Bomba Auxiliar de Refrigeração,must-have,66,0,61,,0
81,2024-03-21,FUS-12,Fusível Fotônico de Painel,need-to-have,31,0,21,,57
82,2024-03-22,BMB-31,Bomba Auxiliar de Refrigeração,must-have,61,0,53,,0
82,2024-03-22,FUS-12,Fusível Fotônico de Painel,need-to-have,21,0,14,,0
83,2024-03-23,BMB-31,Bomba Auxiliar de Refrigeração,must-have,53,0,46,,64
83,2024-03-23,FUS-12,Fusível Fotônico de Painel,need-to-have,14,0,5,,0
84,2024-03-24,BMB-31,Bomba Auxiliar de Refrigeração,must-have,46,0,42,,0
84,2024-03-24,FUS-12,Fusível Fotônico de Painel,need-to-have,5,0,0,,0
85,2024-03-25,BMB-31,Bomba Auxiliar de Refrigeração,must-have,42,0,36,,0
85,2024-03-25,FUS-12,Fusível Fotônico de Painel,need-to-have,0,0,0,,0
86,2024-03-26,BMB-31,Bomba Auxiliar de Refrigeração,must-have,36,0,30,,0
86,2024-03-26,FUS-12,Fusível Fotônico de Painel,need-to-have,0,0,0,,0
87,2024-03-27,BMB-31,Bomba Auxiliar de Refrigeração,must-have,30,0,23,,0
87,2024-03-27,FUS-12,Fusível Fotônico de Painel,need-to-have,0,0,0,,0
88,2024-03-28,BMB-31,Bomba Auxiliar de Refrigeração,must-have,23,0,21,,0
88,2024-03-28,FUS-12,Fusível Fotônico de Painel,need-to-have,0,0,0,,0
89,2024-03-29,BMB-31,Bomba Auxiliar de Refrigeração,must-have,21,0,18,,0
89,2024-03-29,FUS-12,Fusível Fotônico de Painel,need-to-have,0,57,52,FUS-12-PO007,0
90,2024-03-30,BMB-31,Bomba Auxiliar de Refrigeração,must-have,18,0,11,,0
90,2024-03-30,FUS-12,Fusível Fotônico de Painel,need-to-have,52,0,45,,0
91,2024-03-31,BMB-31,Bomba Auxiliar de Refrigeração,must-have,11,0,5,,0
91,2024-03-31,FUS-12,Fusível Fotônico de Painel,need-to-have,45,0,38,,0
92,2024-04-01,BMB-31,Bomba Auxiliar de Refrigeração,must-have,5,0,0,,0
92,2024-04-01,FUS-12,Fusível Fotônico de Painel,need-to-have,38,0,29,,61
93,2024-04-02,BMB-31,Bomba Auxiliar de Refrigeração,must-have,0,0,0,,0
93,2024-04-02,FUS-12,Fusível Fotônico de Painel,need-to-have,29,0,24,,0
94,2024-04-03,BMB-31,Bomba Auxiliar de Refrigeração,must-have,0,0,0,,0
94,2024-04-03,FUS-12,Fusível Fotônico de Painel,need-to-have,24,0,19,,0
95,2024-04-04,BMB-31,Bomba Auxiliar de Refrigeração,must-have,0,0,0,,0
95,2024-04-04,FUS-12,Fusível Fotônico de Painel,need-to-have,19,0,13,,0
96,2024-04-05,BMB-31,Bomba Auxiliar de Refrigeração,must-have,0,0,0,,0
96,2024-04-05,FUS-12,Fusível Fotônico de Painel,need-to-have,13,0,6,,0
97,2024-04-06,BMB-31,Bomba Auxiliar de Refrigeração,must-have,0,0,0,,0
97,2024-04-06,FUS-12,Fusível Fotônico de Painel,need-to-have,6,58,57,FUS-12-PO008,0
98,2024-04-07,BMB-31,Bomba Auxiliar de Refrigeração,must-have,0,0,0,,0
98,2024-04-07,FUS-12,Fusível Fotônico de Painel,need-to-have,57,0,46,,0
99,2024-04-08,BMB-31,Bomba Auxiliar de Refrigeração,must-have,0,0,0,,0
99,2024-04-08,FUS-12,Fusível Fotônico de Painel,need-to-have,46,0,43,,0
100,2024-04-09,BMB-31,Bomba Auxiliar de Refrigeração,must-have,0,64,58,BMB-31-PO006,0
100,2024-04-09,FUS-12,Fusível Fotônico de Painel,need-to-have,43,0,37,,0
101,2024-04-10,BMB-31,Bomba Auxiliar de Refrigeração,must-have,58,0,52,,0
101,2024-04-10,FUS-12,Fusível Fotônico de Painel,need-to-have,37,0,28,,69
102,2024-04-11,BMB-31,Bomba Auxiliar de Refrigeração,must-have,52,0,46,,76
102,2024-04-11,FUS-12,Fusível Fotônico de Painel,need-to-have,28,0,20,,0
103,2024-04-12,BMB-31,Bomba Auxiliar de Refrigeração,must-have,46,0,40,,0
103,2024-04-12,FUS-12,Fusível Fotônico de Painel,need-to-have,20,0,13,,0
104,2024-04-13,BMB-31,Bomba Auxiliar de Refrigeração,must-have,40,0,35,,0
104,2024-04-13,FUS-12,Fusível Fotônico de Painel,need-to-have,13,0,2,,0
105,2024-04-14,BMB-31,Bomba Auxiliar de Refrigeração,must-have,35,0,30,,0
105,2024-04-14,FUS-12,Fusível Fotônico de Painel,need-to-have,2,0,0,,0
106,2024-04-15,BMB-31,Bomba Auxiliar de Refrigeração,must-have,30,0,24,,0
106,2024-04-15,FUS-12,Fusível Fotônico de Painel,need-to-have,0,0,0,,0
107,2024-04-16,BMB-31,Bomba Auxiliar de Refrigeração,must-have,24,0,19,,0
107,2024-04-16,FUS-12,Fusível Fotônico de Painel,need-to-have,0,69,64,FUS-12-PO009,0
108,2024-04-17,BMB-31,Bomba Auxiliar de Refrigeração,must-have,19,0,14,,0
108,2024-04-17,FUS-12,Fusível Fotônico de Painel,need-to-have,64,0,56,,0
109,2024-04-18,BMB-31,Bomba Auxiliar de Refrigeração,must-have,14,0,10,,0
109,2024-04-18,FUS-12,Fusível Fotônico de Painel,need-to-have,56,0,48,,0
110,2024-04-19,BMB-31,Bomba Auxiliar de Refrigeração,must-have,10,0,4,,0
110,2024-04-19,FUS-12,Fusível Fotônico de Painel,need-to-have,48,0,46,,0
111,2024-04-20,BMB-31,Bomba Auxiliar de Refrigeração,must-have,4,0,0,,0
111,2024-04-20,FUS-12,Fusível Fotônico de Painel,need-to-have,46,0,38,,0
112,2024-04-21,BMB-31,Bomba Auxiliar de Refrigeração,must-have,0,0,0,,0
112,2024-04-21,FUS-12,Fusível Fotônico de Painel,need-to-have,38,0,32,,0
113,2024-04-22,BMB-31,Bomba Auxiliar de Refrigeração,must-have,0,0,0,,0
113,2024-04-22,FUS-12,Fusível Fotônico de Painel,need-to-have,32,0,31,,0
114,2024-04-23,BMB-31,Bomba Auxiliar de Refrigeração,must-have,0,0,0,,0
114,2024-04-23,FUS-12,Fusível Fotônico de Painel,need-to-have,31,0,28,,59
115,2024-04-24,BMB-31,Bomba Auxiliar de Refrigeração,must-have,0,0,0,,0
115,2024-04-24,FUS-12,Fusível Fotônico de Painel,need-to-have,28,0,24,,0
116,2024-04-25,BMB-31,Bomba Auxiliar de Refrigeração,must-have,0,0,0,,0
116,2024-04-25,FUS-12,Fusível Fotônico de Painel,need-to-have,24,0,19,,0
117,2024-04-26,BMB-31,Bomba Auxiliar de Refrigeração,must-have,0,0,0,,0
117,2024-04-26,FUS-12,Fusível Fotônico de Painel,need-to-have,19,0,15,,0
118,2024-04-27,BMB-31,Bomba Auxiliar de Refrigeração,must-have,0,0,0,,0
118,2024-04-27,FUS-12,Fusível Fotônico de Painel,need-to-have,15,0,4,,0
119,2024-04-28,BMB-31,Bomba Auxiliar de Refrigeração,must-have,0,0,0,,0
119,2024-04-28,FUS-12,Fusível Fotônico de Painel,need-to-have,4,0,1,,0
120,2024-04-29,BMB-31,Bomba Auxiliar de Refrigeração,must-have,0,0,0,,0
120,2024-04-29,FUS-12,Fusível Fotônico de Painel,need-to-have,1,0,0,,0
121,2024-04-30,BMB-31,Bomba Auxiliar de Refrigeração,must-have,0,76,66,BMB-31-PO007,0
121,2024-04-30,FUS-12,Fusível Fotônico de Painel,need-to-have,0,0,0,,0
122,2024-05-01,BMB-31,Bomba Auxiliar de Refrigeração,must-have,66,0,62,,0
122,2024-05-01,FUS-12,Fusível Fotônico de Painel,need-to-have,0,0,0,,0
123,2024-05-02,BMB-31,Bomba Auxiliar de Refrigeração,must-have,62,0,54,,0
123,2024-05-02,FUS-12,Fusível Fotônico de Painel,need-to-have,0,0,0,,0
124,2024-05-03,BMB-31,Bomba Auxiliar de Refrigeração,must-have,54,0,48,,76
124,2024-05-03,FUS-12,Fusível Fotônico de Painel,need-to-have,0,0,0,,0
125,2024-05-04,BMB-31,Bomba Auxiliar de Refrigeração,must-have,48,0,43,,0
125,2024-05-04,FUS-12,Fusível Fotônico de Painel,need-to-have,0,50,38,FUS-12-PO010,0
126,2024-05-05,BMB-31,Bomba Auxiliar de Refrigeração,must-have,43,0,39,,0
126,2024-05-05,FUS-12,Fusível Fotônico de Painel,need-to-have,38,0,31,,0
127,2024-05-06,BMB-31,Bomba Auxiliar de Refrigeração,must-have,39,0,33,,0
127,2024-05-06,FUS-12,Fusível Fotônico de Painel,need-to-have,31,0,25,,64
128,2024-05-07,BMB-31,Bomba Auxiliar de Refrigeração,must-have,33,0,28,,0
128,2024-05-07,FUS-12,Fusível Fotônico de Painel,need-to-have,25,0,16,,0
129,2024-05-08,BMB-31,Bomba Auxiliar de Refrigeração,must-have,28,0,24,,0
129,2024-05-08,FUS-12,Fusível Fotônico de Painel,need-to-have,16,0,9,,0
130,2024-05-09,BMB-31,Bomba Auxiliar de Refrigeração,must-have,24,0,17,,0
130,2024-05-09,FUS-12,Fusível Fotônico de Painel,need-to-have,9,0,4,,0
131,2024-05-10,BMB-31,Bomba Auxiliar de Refrigeração,must-have,17,0,13,,0
131,2024-05-10,FUS-12,Fusível Fotônico de Painel,need-to-have,4,0,0,,0
132,2024-05-11,BMB-31,Bomba Auxiliar de Refrigeração,must-have,13,0,6,,0
132,2024-05-11,FUS-12,Fusível Fotônico de Painel,need-to-have,0,0,0,,0
133,2024-05-12,BMB-31,Bomba Auxiliar de Refrigeração,must-have,6,0,0,,0
133,2024-05-12,FUS-12,Fusível Fotônico de Painel,need-to-have,0,0,0,,0
134,2024-05-13,BMB-31,Bomba Auxiliar de Refrigeração,must-have,0,0,0,,0
134,2024-05-13,FUS-12,Fusível Fotônico de Painel,need-to-have,0,64,59,FUS-12-PO011,0
135,2024-05-14,BMB-31,Bomba Auxiliar de Refrigeração,must-have,0,0,0,,0
135,2024-05-14,FUS-12,Fusível Fotônico de Painel,need-to-have,59,0,54,,0
136,2024-05-15,BMB-31,Bomba Auxiliar de Refrigeração,must-have,0,0,0,,0
136,2024-05-15,FUS-12,Fusível Fotônico de Painel,need-to-have,54,0,44,,0
137,2024-05-16,BMB-31,Bomba Auxiliar de Refrigeração,must-have,0,76,70,BMB-31-PO008,0
137,2024-05-16,FUS-12,Fusível Fotônico de Painel,need-to-have,44,0,35,,0
138,2024-05-17,BMB-31,Bomba Auxiliar de Refrigeração,must-have,70,0,64,,0
138,2024-05-17,FUS-12,Fusível Fotônico de Painel,need-to-have,35,0,27,,61
139,2024-05-18,BMB-31,Bomba Auxiliar de Refrigeração,must-have,64,0,56,,0
139,2024-05-18,FUS-12,Fusível Fotônico de Painel,need-to-have,27,0,23,,0
140,2024-05-19,BMB-31,Bomba Auxiliar de Refrigeração,must-have,56,0,49,,78
140,2024-05-19,FUS-12,Fusível Fotônico de Painel,need-to-have,23,0,15,,0
141,2024-05-20,BMB-31,Bomba Auxiliar de Refrigeração,must-have,49,0,46,,0
141,2024-05-20,FUS-12,Fusível Fotônico de Painel,need-to-have,15,0,4,,0
142,2024-05-21,BMB-31,Bomba Auxiliar de Refrigeração,must-have,46,0,38,,0
142,2024-05-21,FUS-12,Fusível Fotônico de Painel,need-to-have,4,0,0,,0
143,2024-05-22,BMB-31,Bomba Auxiliar de Refrigeração,must-have,38,0,31,,0
143,2024-05-22,FUS-12,Fusível Fotônico de Painel,need-to-have,0,49,43,FUS-12-PO012,0
144,2024-05-23,BMB-31,Bomba Auxiliar de Refrigeração,must-have,31,0,27,,0
144,2024-05-23,FUS-12,Fusível Fotônico de Painel,need-to-have,43,0,34,,0
145,2024-05-24,BMB-31,Bomba Auxiliar de Refrigeração,must-have,27,0,20,,0
145,2024-05-24,FUS-12,Fusível Fotônico de Painel,need-to-have,34,0,27,,63
146,2024-05-25,BMB-31,Bomba Auxiliar de Refrigeração,must-have,20,0,13,,0
146,2024-05-25,FUS-12,Fusível Fotônico de Painel,need-to-have,27,0,22,,0
147,2024-05-26,BMB-31,Bomba Auxiliar de Refrigeração,must-have,13,0,10,,0
147,2024-05-26,FUS-12,Fusível Fotônico de Painel,need-to-have,22,0,16,,0
148,2024-05-27,BMB-31,Bomba Auxiliar de Refrigeração,must-have,10,0,7,,0
148,2024-05-27,FUS-12,Fusível Fotônico de Painel,need-to-have,16,0,11,,0
149,2024-05-28,BMB-31,Bomba Auxiliar de Refrigeração,must-have,7,0,0,,0
149,2024-05-28,FUS-12,Fusível Fotônico de Painel,need-to-have,11,0,7,,0
150,2024-05-29,BMB-31,Bomba Auxiliar de Refrigeração,must-have,0,78,72,BMB-31-PO009,0
150,2024-05-29,FUS-12,Fusível Fotônico de Painel,need-to-have,7,0,2,,0
151,2024-05-30,BMB-31,Bomba Auxiliar de Refrigeração,must-have,72,0,66,,0
151,2024-05-30,FUS-12,Fusível Fotônico de Painel,need-to-have,2,0,0,,0
152,2024-05-31,BMB-31,Bomba Auxiliar de Refrigeração,must-have,66,0,63,,0
152,2024-05-31,FUS-12,Fusível Fotônico de Painel,need-to-have,0,0,0,,0
153,2024-06-01,BMB-31,Bomba Auxiliar de Refrigeração,must-have,63,0,58,,0
153,2024-06-01,FUS-12,Fusível Fotônico de Painel,need-to-have,0,0,0,,0
154,2024-06-02,BMB-31,Bomba Auxiliar de Refrigeração,must-have,58,0,52,,0
154,2024-06-02,FUS-12,Fusível Fotônico de Painel,need-to-have,0,63,58,FUS-12-PO013,0
155,2024-06-03,BMB-31,Bomba Auxiliar de Refrigeração,must-have,52,0,49,,69
155,2024-06-03,FUS-12,Fusível Fotônico de Painel,need-to-have,58,0,50,,0
156,2024-06-04,BMB-31,Bomba Auxiliar de Refrigeração,must-have,49,0,44,,0
156,2024-06-04,FUS-12,Fusível Fotônico de Painel,need-to-have,50,0,45,,0
157,2024-06-05,BMB-31,Bomba Auxiliar de Refrigeração,must-have,44,0,40,,0
157,2024-06-05,FUS-12,Fusível Fotônico de Painel,need-to-have,45,0,34,,0
158,2024-06-06,BMB-31,Bomba Auxiliar de Refrigeração,must-have,40,0,35,,0
158,2024-06-06,FUS-12,Fusível Fotônico de Painel,need-to-have,34,0,33,,0
159,2024-06-07,BMB-31,Bomba Auxiliar de Refrigeração,must-have,35,0,27,,0
159,2024-06-07,FUS-12,Fusível Fotônico de Painel,need-to-have,33,0,25,,57
160,2024-06-08,BMB-31,Bomba Auxiliar de Refrigeração,must-have,27,0,22,,0
160,2024-06-08,FUS-12,Fusível Fotônico de Painel,need-to-have,25,0,16,,0
161,2024-06-09,BMB-31,Bomba Auxiliar de Refrigeração,must-have,22,0,14,,0
161,2024-06-09,FUS-12,Fusível Fotônico de Painel,need-to-have,16,0,4,,0
162,2024-06-10,BMB-31,Bomba Auxiliar de Refrigeração,must-have,14,0,9,,0
162,2024-06-10,FUS-12,Fusível Fotônico de Painel,need-to-have,4,0,0,,0
163,2024-06-11,BMB-31,Bomba Auxiliar de Refrigeração,must-have,9,0,4,,0
163,2024-06-11,FUS-12,Fusível Fotônico de Painel,need-to-have,0,0,0,,0
164,2024-06-12,BMB-31,Bomba Auxiliar de Refrigeração,must-have,4,0,0,,0
164,2024-06-12,FUS-12,Fusível Fotônico de Painel,need-to-have,0,0,0,,0
165,2024-06-13,BMB-31,Bomba Auxiliar de Refrigeração,must-have,0,0,0,,0
165,2024-06-13,FUS-12,Fusível Fotônico de Painel,need-to-have,0,0,0,,0
166,2024-06-14,BMB-31,Bomba Auxiliar de Refrigeração,must-have,0,0,0,,0
166,2024-06-14,FUS-12,Fusível Fotônico de Painel,need-to-have,0,0,0,,0
167,2024-06-15,BMB-31,Bomba Auxiliar de Refrigeração,must-have,0,0,0,,0
167,2024-06-15,FUS-12,Fusível Fotônico de Painel,need-to-have,0,57,46,FUS-12-PO014,0
168,2024-06-16,BMB-31,Bomba Auxiliar de Refrigeração,must-have,0,69,62,BMB-31-PO010,0
168,2024-06-16,FUS-12,Fusível Fotônico de Painel,need-to-have,46,0,35,,0
169,2024-06-17,BMB-31,Bomba Auxiliar de Refrigeração,must-have,62,0,56,,0
169,2024-06-17,FUS-12,Fusível Fotônico de Painel,need-to-have,35,0,28,,59
170,2024-06-18,BMB-31,Bomba Auxiliar de Refrigeração,must-have,56,0,47,,69
170,2024-06-18,FUS-12,Fusível Fotônico de Painel,need-to-have,28,0,21,,0
171,2024-06-19,BMB-31,Bomba Auxiliar de Refrigeração,must-have,47,0,44,,0
171,2024-06-19,FUS-12,Fusível Fotônico de Painel,need-to-have,21,0,14,,0
172,2024-06-20,BMB-31,Bomba Auxiliar de Refrigeração,must-have,44,0,40,,0
172,2024-06-20,FUS-12,Fusível Fotônico de Painel,need-to-have,14,0,9,,0
173,2024-06-21,BMB-31,Bomba Auxiliar de Refrigeração,must-have,40,0,35,,0
173,2024-06-21,FUS-12,Fusível Fotônico de Painel,need-to-have,9,59,63,FUS-12-PO015,0
174,2024-06-22,BMB-31,Bomba Auxiliar de Refrigeração,must-have,35,0,30,,0
174,2024-06-22,FUS-12,Fusível Fotônico de Painel,need-to-have,63,0,60,,0
175,2024-06-23,BMB-31,Bomba Auxiliar de Refrigeração,must-have,30,0,22,,0
175,2024-06-23,FUS-12,Fusível Fotônico de Painel,need-to-have,60,0,51,,0
176,2024-06-24,BMB-31,Bomba Auxiliar de Refrigeração,must-have,22,0,14,,0
176,2024-06-24,FUS-12,Fusível Fotônico de Painel,need-to-have,51,0,39,,0
177,2024-06-25,BMB-31,Bomba Auxiliar de Refrigeração,must-have,14,0,7,,0
177,2024-06-25,FUS-12,Fusível Fotônico de Painel,need-to-have,39,0,31,,0
178,2024-06-26,BMB-31,Bomba Auxiliar de Refrigeração,must-have,7,0,3,,0
178,2024-06-26,FUS-12,Fusível Fotônico de Painel,need-to-have,31,0,24,,65
179,2024-06-27,BMB-31,Bomba Auxiliar de Refrigeração,must-have,3,0,0,,0
179,2024-06-27,FUS-12,Fusível Fotônico de Painel,need-to-have,24,0,14,,0
180,2024-06-28,BMB-31,Bomba Auxiliar de Refrigeração,must-have,0,0,0,,0
180,2024-06-28,FUS-12,Fusível Fotônico de Painel,need-to-have,14,0,6,,0
181,2024-06-29,BMB-31,Bomba Auxiliar de Refrigeração,must-have,0,0,0,,0
181,2024-06-29,FUS-12,Fusível Fotônico de Painel,need-to-have,6,0,3,,0
182,2024-06-30,BMB-31,Bomba Auxiliar de Refrigeração,must-have,0,0,0,,0
182,2024-06-30,FUS-12,Fusível Fotônico de Painel,need-to-have,3,0,0,,0
183,2024-07-01,BMB-31,Bomba Auxiliar de Refrigeração,must-have,0,0,0,,0
183,2024-07-01,FUS-12,Fusível Fotônico de Painel,need-to-have,0,0,0,,0
184,2024-07-02,BMB-31,Bomba Auxiliar de Refrigeração,must-have,0,0,0,,0
184,2024-07-02,FUS-12,Fusível Fotônico de Painel,need-to-have,0,65,58,FUS-12-PO016,0
185,2024-07-03,BMB-31,Bomba Auxiliar de Refrigeração,must-have,0,0,0,,0
185,2024-07-03,FUS-12,Fusível Fotônico de Painel,need-to-have,58,0,54,,0
186,2024-07-04,BMB-31,Bomba Auxiliar de Refrigeração,must-have,0,0,0,,0
186,2024-07-04,FUS-12,Fusível Fotônico de Painel,need-to-have,54,0,49,,0
187,2024-07-05,BMB-31,Bomba Auxiliar de Refrigeração,must-have,0,0,0,,0
187,2024-07-05,FUS-12,Fusível Fotônico de Painel,need-to-have,49,0,45,,0
188,2024-07-06,BMB-31,Bomba Auxiliar de Refrigeração,must-have,0,0,0,,0
188,2024-07-06,FUS-12,Fusível Fotônico de Painel,need-to-have,45,0,35,,0
189,2024-07-07,BMB-31,Bomba Auxiliar de Refrigeração,must-have,0,0,0,,0
189,2024-07-07,FUS-12,Fusível Fotônico de Painel,need-to-have,35,0,28,,65
190,2024-07-08,BMB-31,Bomba Auxiliar de Refrigeração,must-have,0,0,0,,0
190,2024-07-08,FUS-12,Fusível Fotônico de Painel,need-to-have,28,0,22,,0
191,2024-07-09,BMB-31,Bomba Auxiliar de Refrigeração,must-have,0,0,0,,0
191,2024-07-09,FUS-12,Fusível Fotônico de Painel,need-to-have,22,0,11,,0
192,2024-07-10,BMB-31,Bomba Auxiliar de Refrigeração,must-have,0,0,0,,0
192,2024-07-10,FUS-12,Fusível Fotônico de Painel,need-to-have,11,0,5,,0
193,2024-07-11,BMB-31,Bomba Auxiliar de Refrigeração,must-have,0,69,60,BMB-31-PO011,0
193,2024-07-11,FUS-12,Fusível Fotônico de Painel,need-to-have,5,0,0,,0
194,2024-07-12,BMB-31,Bomba Auxiliar de Refrigeração,must-have,60,0,55,,0
194,2024-07-12,FUS-12,Fusível Fotônico de Painel,need-to-have,0,0,0,,0
195,2024-07-13,BMB-31,Bomba Auxiliar de Refrigeração,must-have,55,0,50,,76
195,2024-07-13,FUS-12,Fusível Fotônico de Painel,need-to-have,0,0,0,,0
196,2024-07-14,BMB-31,Bomba Auxiliar de Refrigeração,must-have,50,0,45,,0
196,2024-07-14,FUS-12,Fusível Fotônico de Painel,need-to-have,0,0,0,,0
197,2024-07-15,BMB-31,Bomba Auxiliar de Refrigeração,must-have,45,0,41,,0
197,2024-07-15,FUS-12,Fusível Fotônico de Painel,need-to-have,0,0,0,,0
198,2024-07-16,BMB-31,Bomba Auxiliar de Refrigeração,must-have,41,0,33,,0
198,2024-07-16,FUS-12,Fusível Fotônico de Painel,need-to-have,0,0,0,,0
199,2024-07-17,BMB-31,Bomba Auxiliar de Refrigeração,must-have,33,0,26,,0
199,2024-07-17,FUS-12,Fusível Fotônico de Painel,need-to-have,0,0,0,,0
200,2024-07-18,BMB-31,Bomba Auxiliar de Refrigeração,must-have,26,0,21,,0
200,2024-07-18,FUS-12,Fusível Fotônico de Painel,need-to-have,0,0,0,,0
201,2024-07-19,BMB-31,Bomba Auxiliar de Refrigeração,must-have,21,0,14,,0
201,2024-07-19,FUS-12,Fusível Fotônico de Painel,need-to-have,0,65,57,FUS-12-PO017,0
202,2024-07-20,BMB-31,Bomba Auxiliar de Refrigeração,must-have,14,0,6,,0
202,2024-07-20,FUS-12,Fusível Fotônico de Painel,need-to-have,57,0,51,,0
203,2024-07-21,BMB-31,Bomba Auxiliar de Refrigeração,must-have,6,0,2,,0
203,2024-07-21,FUS-12,Fusível Fotônico de Painel,need-to-have,51,0,43,,0
204,2024-07-22,BMB-31,Bomba Auxiliar de Refrigeração,must-have,2,0,0,,0
204,2024-07-22,FUS-12,Fusível Fotônico de Painel,need-to-have,43,0,35,,0
205,2024-07-23,BMB-31,Bomba Auxiliar de Refrigeração,must-have,0,0,0,,0
205,2024-07-23,FUS-12,Fusível Fotônico de Painel,need-to-have,35,0,26,,65
206,2024-07-24,BMB-31,Bomba Auxiliar de Refrigeração,must-have,0,0,0,,0
206,2024-07-24,FUS-12,Fusível Fotônico de Painel,need-to-have,26,0,19,,0
207,2024-07-25,BMB-31,Bomba Auxiliar de Refrigeração,must-have,0,0,0,,0
207,2024-07-25,FUS-12,Fusível Fotônico de Painel,need-to-have,19,65,76,FUS-12-PO018,0
208,2024-07-26,BMB-31,Bomba Auxiliar de Refrigeração,must-have,0,0,0,,0
208,2024-07-26,FUS-12,Fusível Fotônico de Painel,need-to-have,76,0,68,,0
209,2024-07-27,BMB-31,Bomba Auxiliar de Refrigeração,must-have,0,0,0,,0
209,2024-07-27,FUS-12,Fusível Fotônico de Painel,need-to-have,68,0,61,,0
210,2024-07-28,BMB-31,Bomba Auxiliar de Refrigeração,must-have,0,0,0,,0
210,2024-07-28,FUS-12,Fusível Fotônico de Painel,need-to-have,61,0,56,,0
211,2024-07-29,BMB-31,Bomba Auxiliar de Refrigeração,must-have,0,0,0,,0
211,2024-07-29,FUS-12,Fusível Fotônico de Painel,need-to-have,56,0,51,,0
212,2024-07-30,BMB-31,Bomba Auxiliar de Refrigeração,must-have,0,0,0,,0
212,2024-07-30,FUS-12,Fusível Fotônico de Painel,need-to-have,51,0,43,,0
213,2024-07-31,BMB-31,Bomba Auxiliar de Refrigeração,must-have,0,0,0,,0
213,2024-07-31,FUS-12,Fusível Fotônico de Painel,need-to-have,43,0,34,,0
214,2024-08-01,BMB-31,Bomba Auxiliar de Refrigeração,must-have,0,0,0,,0
214,2024-08-01,FUS-12,Fusível Fotônico de Painel,need-to-have,34,0,26,,59
215,2024-08-02,BMB-31,Bomba Auxiliar de Refrigeração,must-have,0,0,0,,0
215,2024-08-02,FUS-12,Fusível Fotônico de Painel,need-to-have,26,0,21,,0
216,2024-08-03,BMB-31,Bomba Auxiliar de Refrigeração,must-have,0,0,0,,0
216,2024-08-03,FUS-12,Fusível Fotônico de Painel,need-to-have,21,0,14,,0
217,2024-08-04,BMB-31,Bomba Auxiliar de Refrigeração,must-have,0,0,0,,0
217,2024-08-04,FUS-12,Fusível Fotônico de Painel,need-to-have,14,0,6,,0
218,2024-08-05,BMB-31,Bomba Auxiliar de Refrigeração,must-have,0,76,68,BMB-31-PO012,0
218,2024-08-05,FUS-12,Fusível Fotônico de Painel,need-to-have,6,0,0,,0
219,2024-08-06,BMB-31,Bomba Auxiliar de Refrigeração,must-have,68,0,64,,0
219,2024-08-06,FUS-12,Fusível Fotônico de Painel,need-to-have,0,0,0,,0
220,2024-08-07,BMB-31,Bomba Auxiliar de Refrigeração,must-have,64,0,57,,0
220,2024-08-07,FUS-12,Fusível Fotônico de Painel,need-to-have,0,59,51,FUS-12-PO019,0
221,2024-08-08,BMB-31,Bomba Auxiliar de Refrigeração,must-have,57,0,52,,0
221,2024-08-08,FUS-12,Fusível Fotônico de Painel,need-to-have,51,0,47,,0
222,2024-08-09,BMB-31,Bomba Auxiliar de Refrigeração,must-have,52,0,46,,73
222,2024-08-09,FUS-12,Fusível Fotônico de Painel,need-to-have,47,0,40,,0
223,2024-08-10,BMB-31,Bomba Auxiliar de Refrigeração,must-have,46,0,41,,0
223,2024-08-10,FUS-12,Fusível Fotônico de Painel,need-to-have,40,0,37,,0
224,2024-08-11,BMB-31,Bomba Auxiliar de Refrigeração,must-have,41,0,36,,0
224,2024-08-11,FUS-12,Fusível Fotônico de Painel,need-to-have,37,0,31,,0
225,2024-08-12,BMB-31,Bomba Auxiliar de Refrigeração,must-have,36,0,33,,0
225,2024-08-12,FUS-12,Fusível Fotônico de Painel,need-to-have,31,0,22,,57
226,2024-08-13,BMB-31,Bomba Auxiliar de Refrigeração,must-have,33,0,24,,0
226,2024-08-13,FUS-12,Fusível Fotônico de Painel,need-to-have,22,0,15,,0
227,2024-08-14,BMB-31,Bomba Auxiliar de Refrigeração,must-have,24,0,20,,0
227,2024-08-14,FUS-12,Fusível Fotônico de Painel,need-to-have,15,0,9,,0
228,2024-08-15,BMB-31,Bomba Auxiliar de Refrigeração,must-have,20,0,13,,0
228,2024-08-15,FUS-12,Fusível Fotônico de Painel,need-to-have,9,0,1,,0
229,2024-08-16,BMB-31,Bomba Auxiliar de Refrigeração,must-have,13,0,8,,0
229,2024-08-16,FUS-12,Fusível Fotônico de Painel,need-to-have,1,0,0,,0
230,2024-08-17,BMB-31,Bomba Auxiliar de Refrigeração,must-have,8,0,2,,0
230,2024-08-17,FUS-12,Fusível Fotônico de Painel,need-to-have,0,0,0,,0
231,2024-08-18,BMB-31,Bomba Auxiliar de Refrigeração,must-have,2,0,0,,0
231,2024-08-18,FUS-12,Fusível Fotônico de Painel,need-to-have,0,0,0,,0
232,2024-08-19,BMB-31,Bomba Auxiliar de Refrigeração,must-have,0,58,53,BMB-31-PO013,0
232,2024-08-19,FUS-12,Fusível Fotônico de Painel,need-to-have,0,0,0,,0
233,2024-08-20,BMB-31,Bomba Auxiliar de Refrigeração,must-have,53,0,46,,77
233,2024-08-20,FUS-12,Fusível Fotônico de Painel,need-to-have,0,0,0,,0
234,2024-08-21,BMB-31,Bomba Auxiliar de Refrigeração,must-have,46,0,44,,0
234,2024-08-21,FUS-12,Fusível Fotônico de Painel,need-to-have,0,57,52,FUS-12-PO020,0
235,2024-08-22,BMB-31,Bomba Auxiliar de Refrigeração,must-have,44,0,37,,0
235,2024-08-22,FUS-12,Fusível Fotônico de Painel,need-to-have,52,0,45,,0
236,2024-08-23,BMB-31,Bomba Auxiliar de Refrigeração,must-have,37,0,33,,0
236,2024-08-23,FUS-12,Fusível Fotônico de Painel,need-to-have,45,0,35,,0
237,2024-08-24,BMB-31,Bomba Auxiliar de Refrigeração,must-have,33,0,31,,0
237,2024-08-24,FUS-12,Fusível Fotônico de Painel,need-to-have,35,0,30,,0
238,2024-08-25,BMB-31,Bomba Auxiliar de Refrigeração,must-have,31,0,25,,0
238,2024-08-25,FUS-12,Fusível Fotônico de Painel,need-to-have,30,0,25,,59
239,2024-08-26,BMB-31,Bomba Auxiliar de Refrigeração,must-have,25,0,20,,0
239,2024-08-26,FUS-12,Fusível Fotônico de Painel,need-to-have,25,0,17,,0
240,2024-08-27,BMB-31,Bomba Auxiliar de Refrigeração,must-have,20,0,15,,0
240,2024-08-27,FUS-12,Fusível Fotônico de Painel,need-to-have,17,0,8,,0
241,2024-08-28,BMB-31,Bomba Auxiliar de Refrigeração,must-have,15,0,14,,0
241,2024-08-28,FUS-12,Fusível Fotônico de Painel,need-to-have,8,0,0,,0
242,2024-08-29,BMB-31,Bomba Auxiliar de Refrigeração,must-have,14,0,10,,0
242,2024-08-29,FUS-12,Fusível Fotônico de Painel,need-to-have,0,0,0,,0
243,2024-08-30,BMB-31,Bomba Auxiliar de Refrigeração,must-have,10,0,3,,0
243,2024-08-30,FUS-12,Fusível Fotônico de Painel,need-to-have,0,0,0,,0
244,2024-08-31,BMB-31,Bomba Auxiliar de Refrigeração,must-have,3,0,2,,0
244,2024-08-31,FUS-12,Fusível Fotônico de Painel,need-to-have,0,59,50,FUS-12-PO021,0
245,2024-09-01,BMB-31,Bomba Auxiliar de Refrigeração,must-have,2,0,0,,0
245,2024-09-01,FUS-12,Fusível Fotônico de Painel,need-to-have,50,0,42,,0
246,2024-09-02,BMB-31,Bomba Auxiliar de Refrigeração,must-have,0,0,0,,0
246,2024-09-02,FUS-12,Fusível Fotônico de Painel,need-to-have,42,0,38,,0
247,2024-09-03,BMB-31,Bomba Auxiliar de Refrigeração,must-have,0,0,0,,0
247,2024-09-03,FUS-12,Fusível Fotônico de Painel,need-to-have,38,0,33,,0
248,2024-09-04,BMB-31,Bomba Auxiliar de Refrigeração,must-have,0,0,0,,0
248,2024-09-04,FUS-12,Fusível Fotônico de Painel,need-to-have,33,0,28,,67
249,2024-09-05,BMB-31,Bomba Auxiliar de Refrigeração,must-have,0,0,0,,0
249,2024-09-05,FUS-12,Fusível Fotônico de Painel,need-to-have,28,0,22,,0
250,2024-09-06,BMB-31,Bomba Auxiliar de Refrigeração,must-have,0,0,0,,0
250,2024-09-06,FUS-12,Fusível Fotônico de Painel,need-to-have,22,0,13,,0
251,2024-09-07,BMB-31,Bomba Auxiliar de Refrigeração,must-have,0,0,0,,0
251,2024-09-07,FUS-12,Fusível Fotônico de Painel,need-to-have,13,0,8,,0
252,2024-09-08,BMB-31,Bomba Auxiliar de Refrigeração,must-have,0,77,71,BMB-31-PO014,0
252,2024-09-08,FUS-12,Fusível Fotônico de Painel,need-to-have,8,0,2,,0
253,2024-09-09,BMB-31,Bomba Auxiliar de Refrigeração,must-have,71,0,68,,0
253,2024-09-09,FUS-12,Fusível Fotônico de Painel,need-to-have,2,0,0,,0
254,2024-09-10,BMB-31,Bomba Auxiliar de Refrigeração,must-have,68,0,65,,0
254,2024-09-10,FUS-12,Fusível Fotônico de Painel,need-to-have,0,67,62,FUS-12-PO022,0
255,2024-09-11,BMB-31,Bomba Auxiliar de Refrigeração,must-have,65,0,56,,0
255,2024-09-11,FUS-12,Fusível Fotônico de Painel,need-to-have,62,0,51,,0
256,2024-09-12,BMB-31,Bomba Auxiliar de Refrigeração,must-have,56,0,48,,73
256,2024-09-12,FUS-12,Fusível Fotônico de Painel,need-to-have,51,0,43,,0
257,2024-09-13,BMB-31,Bomba Auxiliar de Refrigeração,must-have,48,0,42,,0
257,2024-09-13,FUS-12,Fusível Fotônico de Painel,need-to-have,43,0,36,,0
258,2024-09-14,BMB-31,Bomba Auxiliar de Refrigeração,must-have,42,0,37,,0
258,2024-09-14,FUS-12,Fusível Fotônico de Painel,need-to-have,36,0,27,,62
259,2024-09-15,BMB-31,Bomba Auxiliar de Refrigeração,must-have,37,0,32,,0
259,2024-09-15,FUS-12,Fusível Fotônico de Painel,need-to-have,27,0,16,,0
260,2024-09-16,BMB-31,Bomba Auxiliar de Refrigeração,must-have,32,0,28,,0
260,2024-09-16,FUS-12,Fusível Fotônico de Painel,need-to-have,16,0,8,,0
261,2024-09-17,BMB-31,Bomba Auxiliar de Refrigeração,must-have,28,0,22,,0
261,2024-09-17,FUS-12,Fusível Fotônico de Painel,need-to-have,8,0,1,,0
262,2024-09-18,BMB-31,Bomba Auxiliar de Refrigeração,must-have,22,0,14,,0
262,2024-09-18,FUS-12,Fusível Fotônico de Painel,need-to-have,1,0,0,,0
263,2024-09-19,BMB-31,Bomba Auxiliar de Refrigeração,must-have,14,0,8,,0
263,2024-09-19,FUS-12,Fusível Fotônico de Painel,need-to-have,0,0,0,,0
264,2024-09-20,BMB-31,Bomba Auxiliar de Refrigeração,must-have,8,0,0,,0
264,2024-09-20,FUS-12,Fusível Fotônico de Painel,need-to-have,0,0,0,,0
265,2024-09-21,BMB-31,Bomba Auxiliar de Refrigeração,must-have,0,0,0,,0
265,2024-09-21,FUS-12,Fusível Fotônico de Painel,need-to-have,0,0,0,,0
266,2024-09-22,BMB-31,Bomba Auxiliar de Refrigeração,must-have,0,0,0,,0
266,2024-09-22,FUS-12,Fusível Fotônico de Painel,need-to-have,0,0,0,,0
267,2024-09-23,BMB-31,Bomba Auxiliar de Refrigeração,must-have,0,0,0,,0
267,2024-09-23,FUS-12,Fusível Fotônico de Painel,need-to-have,0,0,0,,0
268,2024-09-24,BMB-31,Bomba Auxiliar de Refrigeração,must-have,0,73,69,BMB-31-PO015,0
268,2024-09-24,FUS-12,Fusível Fotônico de Painel,need-to-have,0,62,56,FUS-12-PO023,0
269,2024-09-25,BMB-31,Bomba Auxiliar de Refrigeração,must-have,69,0,65,,0
269,2024-09-25,FUS-12,Fusível Fotônico de Painel,need-to-have,56,0,50,,0
270,2024-09-26,BMB-31,Bomba Auxiliar de Refrigeração,must-have,65,0,58,,0
270,2024-09-26,FUS-12,Fusível Fotônico de Painel,need-to-have,50,0,40,,0
271,2024-09-27,BMB-31,Bomba Auxiliar de Refrigeração,must-have,58,0,54,,0
271,2024-09-27,FUS-12,Fusível Fotônico de Painel,need-to-have,40,0,32,,0
272,2024-09-28,BMB-31,Bomba Auxiliar de Refrigeração,must-have,54,0,47,,78
272,2024-09-28,FUS-12,Fusível Fotônico de Painel,need-to-have,32,0,24,,64
273,2024-09-29,BMB-31,Bomba Auxiliar de Refrigeração,must-have,47,0,41,,0
273,2024-09-29,FUS-12,Fusível Fotônico de Painel,need-to-have,24,0,16,,0
274,2024-09-30,BMB-31,Bomba Auxiliar de Refrigeração,must-have,41,0,35,,0
274,2024-09-30,FUS-12,Fusível Fotônico de Painel,need-to-have,16,0,12,,0
275,2024-10-01,BMB-31,Bomba Auxiliar de Refrigeração,must-have,35,0,26,,0
275,2024-10-01,FUS-12,Fusível Fotônico de Painel,need-to-have,12,0,6,,0
276,2024-10-02,BMB-31,Bomba Auxiliar de Refrigeração,must-have,26,0,21,,0
276,2024-10-02,FUS-12,Fusível Fotônico de Painel,need-to-have,6,0,0,,0
277,2024-10-03,BMB-31,Bomba Auxiliar de Refrigeração,must-have,21,0,16,,0
277,2024-10-03,FUS-12,Fusível Fotônico de Painel,need-to-have,0,0,0,,0
278,2024-10-04,BMB-31,Bomba Auxiliar de Refrigeração,must-have,16,0,12,,0
278,2024-10-04,FUS-12,Fusível Fotônico de Painel,need-to-have,0,0,0,,0
279,2024-10-05,BMB-31,Bomba Auxiliar de Refrigeração,must-have,12,0,8,,0
279,2024-10-05,FUS-12,Fusível Fotônico de Painel,need-to-have,0,0,0,,0
280,2024-10-06,BMB-31,Bomba Auxiliar de Refrigeração,must-have,8,0,2,,0
280,2024-10-06,FUS-12,Fusível Fotônico de Painel,need-to-have,0,0,0,,0
281,2024-10-07,BMB-31,Bomba Auxiliar de Refrigeração,must-have,2,0,0,,0
281,2024-10-07,FUS-12,Fusível Fotônico de Painel,need-to-have,0,64,60,FUS-12-PO024,0
282,2024-10-08,BMB-31,Bomba Auxiliar de Refrigeração,must-have,0,0,0,,0
282,2024-10-08,FUS-12,Fusível Fotônico de Painel,need-to-have,60,0,55,,0
283,2024-10-09,BMB-31,Bomba Auxiliar de Refrigeração,must-have,0,0,0,,0
283,2024-10-09,FUS-12,Fusível Fotônico de Painel,need-to-have,55,0,50,,0
284,2024-10-10,BMB-31,Bomba Auxiliar de Refrigeração,must-have,0,0,0,,0
284,2024-10-10,FUS-12,Fusível Fotônico de Painel,need-to-have,50,0,38,,0
285,2024-10-11,BMB-31,Bomba Auxiliar de Refrigeração,must-have,0,0,0,,0
285,2024-10-11,FUS-12,Fusível Fotônico de Painel,need-to-have,38,0,30,,0
286,2024-10-12,BMB-31,Bomba Auxiliar de Refrigeração,must-have,0,0,0,,0
286,2024-10-12,FUS-12,Fusível Fotônico de Painel,need-to-have,30,0,24,,59
287,2024-10-13,BMB-31,Bomba Auxiliar de Refrigeração,must-have,0,0,0,,0
287,2024-10-13,FUS-12,Fusível Fotônico de Painel,need-to-have,24,0,16,,0
288,2024-10-14,BMB-31,Bomba Auxiliar de Refrigeração,must-have,0,0,0,,0
288,2024-10-14,FUS-12,Fusível Fotônico de Painel,need-to-have,16,0,8,,0
289,2024-10-15,BMB-31,Bomba Auxiliar de Refrigeração,must-have,0,78,71,BMB-31-PO016,0
289,2024-10-15,FUS-12,Fusível Fotônico de Painel,need-to-have,8,0,4,,0
290,2024-10-16,BMB-31,Bomba Auxiliar de Refrigeração,must-have,71,0,66,,0
290,2024-10-16,FUS-12,Fusível Fotônico de Painel,need-to-have,4,0,3,,0
291,2024-10-17,BMB-31,Bomba Auxiliar de Refrigeração,must-have,66,0,61,,0
291,2024-10-17,FUS-12,Fusível Fotônico de Painel,need-to-have,3,0,0,,0
292,2024-10-18,BMB-31,Bomba Auxiliar de Refrigeração,must-have,61,0,54,,0
292,2024-10-18,FUS-12,Fusível Fotônico de Painel,need-to-have,0,0,0,,0
293,2024-10-19,BMB-31,Bomba Auxiliar de Refrigeração,must-have,54,0,50,,71
293,2024-10-19,FUS-12,Fusível Fotônico de Painel,need-to-have,0,0,0,,0
294,2024-10-20,BMB-31,Bomba Auxiliar de Refrigeração,must-have,50,0,45,,0
294,2024-10-20,FUS-12,Fusível Fotônico de Painel,need-to-have,0,0,0,,0
295,2024-10-21,BMB-31,Bomba Auxiliar de Refrigeração,must-have,45,0,41,,0
295,2024-10-21,FUS-12,Fusível Fotônico de Painel,need-to-have,0,0,0,,0
296,2024-10-22,BMB-31,Bomba Auxiliar de Refrigeração,must-have,41,0,33,,0
296,2024-10-22,FUS-12,Fusível Fotônico de Painel,need-to-have,0,59,50,FUS-12-PO025,0
297,2024-10-23,BMB-31,Bomba Auxiliar de Refrigeração,must-have,33,0,26,,0
297,2024-10-23,FUS-12,Fusível Fotônico de Painel,need-to-have,50,0,44,,0
298,2024-10-24,BMB-31,Bomba Auxiliar de Refrigeração,must-have,26,0,22,,0
298,2024-10-24,FUS-12,Fusível Fotônico de Painel,need-to-have,44,0,41,,0
299,2024-10-25,BMB-31,Bomba Auxiliar de Refrigeração,must-have,22,0,19,,0
299,2024-10-25,FUS-12,Fusível Fotônico de Painel,need-to-have,41,0,32,,0
300,2024-10-26,BMB-31,Bomba Auxiliar de Refrigeração,must-have,19,0,13,,0
300,2024-10-26,FUS-12,Fusível Fotônico de Painel,need-to-have,32,0,26,,68
301,2024-10-27,BMB-31,Bomba Auxiliar de Refrigeração,must-have,13,0,6,,0
301,2024-10-27,FUS-12,Fusível Fotônico de Painel,need-to-have,26,0,20,,0
302,2024-10-28,BMB-31,Bomba Auxiliar de Refrigeração,must-have,6,0,1,,0
302,2024-10-28,FUS-12,Fusível Fotônico de Painel,need-to-have,20,0,19,,0
303,2024-10-29,BMB-31,Bomba Auxiliar de Refrigeração,must-have,1,0,0,,0
303,2024-10-29,FUS-12,Fusível Fotônico de Painel,need-to-have,19,0,15,,0
304,2024-10-30,BMB-31,Bomba Auxiliar de Refrigeração,must-have,0,0,0,,0
304,2024-10-30,FUS-12,Fusível Fotônico de Painel,need-to-have,15,0,8,,0
305,2024-10-31,BMB-31,Bomba Auxiliar de Refrigeração,must-have,0,0,0,,0
305,2024-10-31,FUS-12,Fusível Fotônico de Painel,need-to-have,8,0,1,,0
306,2024-11-01,BMB-31,Bomba Auxiliar de Refrigeração,must-have,0,71,66,BMB-31-PO017,0
306,2024-11-01,FUS-12,Fusível Fotônico de Painel,need-to-have,1,0,0,,0
307,2024-11-02,BMB-31,Bomba Auxiliar de Refrigeração,must-have,66,0,60,,0
307,2024-11-02,FUS-12,Fusível Fotônico de Painel,need-to-have,0,68,63,FUS-12-PO026,0
308,2024-11-03,BMB-31,Bomba Auxiliar de Refrigeração,must-have,60,0,53,,0
308,2024-11-03,FUS-12,Fusível Fotônico de Painel,need-to-have,63,0,57,,0
309,2024-11-04,BMB-31,Bomba Auxiliar de Refrigeração,must-have,53,0,50,,65
309,2024-11-04,FUS-12,Fusível Fotônico de Painel,need-to-have,57,0,47,,0
310,2024-11-05,BMB-31,Bomba Auxiliar de Refrigeração,must-have,50,0,44,,0
310,2024-11-05,FUS-12,Fusível Fotônico de Painel,need-to-have,47,0,39,,0
311,2024-11-06,BMB-31,Bomba Auxiliar de Refrigeração,must-have,44,0,39,,0
311,2024-11-06,FUS-12,Fusível Fotônico de Painel,need-to-have,39,0,38,,0
312,2024-11-07,BMB-31,Bomba Auxiliar de Refrigeração,must-have,39,0,34,,0
312,2024-11-07,FUS-12,Fusível Fotônico de Painel,need-to-have,38,0,29,,58
313,2024-11-08,BMB-31,Bomba Auxiliar de Refrigeração,must-have,34,0,28,,0
313,2024-11-08,FUS-12,Fusível Fotônico de Painel,need-to-have,29,0,22,,0
314,2024-11-09,BMB-31,Bomba Auxiliar de Refrigeração,must-have,28,0,22,,0
314,2024-11-09,FUS-12,Fusível Fotônico de Painel,need-to-have,22,0,15,,0
315,2024-11-10,BMB-31,Bomba Auxiliar de Refrigeração,must-have,22,0,15,,0
315,2024-11-10,FUS-12,Fusível Fotônico de Painel,need-to-have,15,0,5,,0
316,2024-11-11,BMB-31,Bomba Auxiliar de Refrigeração,must-have,15,0,9,,0
316,2024-11-11,FUS-12,Fusível Fotônico de Painel,need-to-have,5,0,0,,0
317,2024-11-12,BMB-31,Bomba Auxiliar de Refrigeração,must-have,9,0,5,,0
317,2024-11-12,FUS-12,Fusível Fotônico de Painel,need-to-have,0,0,0,,0
318,2024-11-13,BMB-31,Bomba Auxiliar de Refrigeração,must-have,5,0,0,,0
318,2024-11-13,FUS-12,Fusível Fotônico de Painel,need-to-have,0,0,0,,0
319,2024-11-14,BMB-31,Bomba Auxiliar de Refrigeração,must-have,0,0,0,,0
319,2024-11-14,FUS-12,Fusível Fotônico de Painel,need-to-have,0,0,0,,0
320,2024-11-15,BMB-31,Bomba Auxiliar de Refrigeração,must-have,0,0,0,,0
320,2024-11-15,FUS-12,Fusível Fotônico de Painel,need-to-have,0,0,0,,0
321,2024-11-16,BMB-31,Bomba Auxiliar de Refrigeração,must-have,0,0,0,,0
321,2024-11-16,FUS-12,Fusível Fotônico de Painel,need-to-have,0,0,0,,0
322,2024-11-17,BMB-31,Bomba Auxiliar de Refrigeração,must-have,0,0,0,,0
322,2024-11-17,FUS-12,Fusível Fotônico de Painel,need-to-have,0,0,0,,0
323,2024-11-18,BMB-31,Bomba Auxiliar de Refrigeração,must-have,0,0,0,,0
323,2024-11-18,FUS-12,Fusível Fotônico de Painel,need-to-have,0,58,57,FUS-12-PO027,0
324,2024-11-19,BMB-31,Bomba Auxiliar de Refrigeração,must-have,0,0,0,,0
324,2024-11-19,FUS-12,Fusível Fotônico de Painel,need-to-have,57,0,45,,0
325,2024-11-20,BMB-31,Bomba Auxiliar de Refrigeração,must-have,0,0,0,,0
325,2024-11-20,FUS-12,Fusível Fotônico de Painel,need-to-have,45,0,39,,0
326,2024-11-21,BMB-31,Bomba Auxiliar de Refrigeração,must-have,0,0,0,,0
326,2024-11-21,FUS-12,Fusível Fotônico de Painel,need-to-have,39,0,33,,0
327,2024-11-22,BMB-31,Bomba Auxiliar de Refrigeração,must-have,0,62,56,BMB-31-PO018,0
327,2024-11-22,FUS-12,Fusível Fotônico de Painel,need-to-have,33,0,26,,64
328,2024-11-23,BMB-31,Bomba Auxiliar de Refrigeração,must-have,56,0,51,,0
328,2024-11-23,FUS-12,Fusível Fotônico de Painel,need-to-have,26,0,20,,0
329,2024-11-24,BMB-31,Bomba Auxiliar de Refrigeração,must-have,51,0,44,,77
329,2024-11-24,FUS-12,Fusível Fotônico de Painel,need-to-have,20,0,13,,0
330,2024-11-25,BMB-31,Bomba Auxiliar de Refrigeração,must-have,44,0,39,,0
330,2024-11-25,FUS-12,Fusível Fotônico de Painel,need-to-have,13,0,2,,0
331,2024-11-26,BMB-31,Bomba Auxiliar de Refrigeração,must-have,39,0,33,,0
331,2024-11-26,FUS-12,Fusível Fotônico de Painel,need-to-have,2,0,0,,0
332,2024-11-27,BMB-31,Bomba Auxiliar de Refrigeração,must-have,33,0,29,,0
332,2024-11-27,FUS-12,Fusível Fotônico de Painel,need-to-have,0,0,0,,0
333,2024-11-28,BMB-31,Bomba Auxiliar de Refrigeração,must-have,29,0,22,,0
333,2024-11-28,FUS-12,Fusível Fotônico de Painel,need-to-have,0,0,0,,0
334,2024-11-29,BMB-31,Bomba Auxiliar de Refrigeração,must-have,22,0,14,,0
334,2024-11-29,FUS-12,Fusível Fotônico de Painel,need-to-have,0,64,58,FUS-12-PO028,0
335,2024-11-30,BMB-31,Bomba Auxiliar de Refrigeração,must-have,14,0,9,,0
335,2024-11-30,FUS-12,Fusível Fotônico de Painel,need-to-have,58,0,48,,0
336,2024-12-01,BMB-31,Bomba Auxiliar de Refrigeração,must-have,9,77,84,BMB-31-PO019,0
336,2024-12-01,FUS-12,Fusível Fotônico de Painel,need-to-have,48,0,45,,0
337,2024-12-02,BMB-31,Bomba Auxiliar de Refrigeração,must-have,84,0,76,,0
337,2024-12-02,FUS-12,Fusível Fotônico de Painel,need-to-have,45,0,33,,0
338,2024-12-03,BMB-31,Bomba Auxiliar de Refrigeração,must-have,76,0,73,,0
338,2024-12-03,FUS-12,Fusível Fotônico de Painel,need-to-have,33,0,22,,68
339,2024-12-04,BMB-31,Bomba Auxiliar de Refrigeração,must-have,73,0,67,,0
339,2024-12-04,FUS-12,Fusível Fotônico de Painel,need-to-have,22,0,16,,0
340,2024-12-05,BMB-31,Bomba Auxiliar de Refrigeração,must-have,67,0,61,,0
340,2024-12-05,FUS-12,Fusível Fotônico de Painel,need-to-have,16,0,12,,0
341,2024-12-06,BMB-31,Bomba Auxiliar de Refrigeração,must-have,61,0,55,,0
341,2024-12-06,FUS-12,Fusível Fotônico de Painel,need-to-have,12,0,2,,0
342,2024-12-07,BMB-31,Bomba Auxiliar de Refrigeração,must-have,55,0,51,,0
342,2024-12-07,FUS-12,Fusível Fotônico de Painel,need-to-have,2,0,0,,0
343,2024-12-08,BMB-31,Bomba Auxiliar de Refrigeração,must-have,51,0,47,,65
343,2024-12-08,FUS-12,Fusível Fotônico de Painel,need-to-have,0,0,0,,0
344,2024-12-09,BMB-31,Bomba Auxiliar de Refrigeração,must-have,47,0,41,,0
344,2024-12-09,FUS-12,Fusível Fotônico de Painel,need-to-have,0,54,45,FUS-12-PO029,0
345,2024-12-10,BMB-31,Bomba Auxiliar de Refrigeração,must-have,41,0,35,,0
345,2024-12-10,FUS-12,Fusível Fotônico de Painel,need-to-have,45,0,38,,0
346,2024-12-11,BMB-31,Bomba Auxiliar de Refrigeração,must-have,35,0,33,,0
346,2024-12-11,FUS-12,Fusível Fotônico de Painel,need-to-have,38,0,29,,57
347,2024-12-12,BMB-31,Bomba Auxiliar de Refrigeração,must-have,33,0,28,,0
347,2024-12-12,FUS-12,Fusível Fotônico de Painel,need-to-have,29,0,21,,0
348,2024-12-13,BMB-31,Bomba Auxiliar de Refrigeração,must-have,28,0,20,,0
348,2024-12-13,FUS-12,Fusível Fotônico de Painel,need-to-have,21,0,14,,0
349,2024-12-14,BMB-31,Bomba Auxiliar de Refrigeração,must-have,20,0,17,,0
349,2024-12-14,FUS-12,Fusível Fotônico de Painel,need-to-have,14,0,10,,0
350,2024-12-15,BMB-31,Bomba Auxiliar de Refrigeração,must-have,17,0,10,,0
350,2024-12-15,FUS-12,Fusível Fotônico de Painel,need-to-have,10,0,4,,0
351,2024-12-16,BMB-31,Bomba Auxiliar de Refrigeração,must-have,10,0,5,,0
351,2024-12-16,FUS-12,Fusível Fotônico de Painel,need-to-have,4,57,58,FUS-12-PO030,0
352,2024-12-17,BMB-31,Bomba Auxiliar de Refrigeração,must-have,5,0,0,,0
352,2024-12-17,FUS-12,Fusível Fotônico de Painel,need-to-have,58,0,54,,0
353,2024-12-18,BMB-31,Bomba Auxiliar de Refrigeração,must-have,0,65,63,BMB-31-PO020,0
353,2024-12-18,FUS-12,Fusível Fotônico de Painel,need-to-have,54,0,49,,0
354,2024-12-19,BMB-31,Bomba Auxiliar de Refrigeração,must-have,63,0,57,,0
354,2024-12-19,FUS-12,Fusível Fotônico de Painel,need-to-have,49,0,41,,0
355,2024-12-20,BMB-31,Bomba Auxiliar de Refrigeração,must-have,57,0,53,,0
355,2024-12-20,FUS-12,Fusível Fotônico de Painel,need-to-have,41,0,32,,0
356,2024-12-21,BMB-31,Bomba Auxiliar de Refrigeração,must-have,53,0,46,,73
356,2024-12-21,FUS-12,Fusível Fotônico de Painel,need-to-have,32,0,24,,58
357,2024-12-22,BMB-31,Bomba Auxiliar de Refrigeração,must-have,46,0,39,,0
357,2024-12-22,FUS-12,Fusível Fotônico de Painel,need-to-have,24,0,19,,0
358,2024-12-23,BMB-31,Bomba Auxiliar de Refrigeração,must-have,39,0,31,,0
358,2024-12-23,FUS-12,Fusível Fotônico de Painel,need-to-have,19,0,14,,0
359,2024-12-24,BMB-31,Bomba Auxiliar de Refrigeração,must-have,31,0,27,,0
359,2024-12-24,FUS-12,Fusível Fotônico de Painel,need-to-have,14,0,3,,0
360,2024-12-25,BMB-31,Bomba Auxiliar de Refrigeração,must-have,27,0,20,,0
360,2024-12-25,FUS-12,Fusível Fotônico de Painel,need-to-have,3,0,0,,0
361,2024-12-26,BMB-31,Bomba Auxiliar de Refrigeração,must-have,20,0,16,,0
361,2024-12-26,FUS-12,Fusível Fotônico de Painel,need-to-have,0,58,47,FUS-12-PO031,0
362,2024-12-27,BMB-31,Bomba Auxiliar de Refrigeração,must-have,16,0,10,,0
362,2024-12-27,FUS-12,Fusível Fotônico de Painel,need-to-have,47,0,42,,0
363,2024-12-28,BMB-31,Bomba Auxiliar de Refrigeração,must-have,10,0,5,,0
363,2024-12-28,FUS-12,Fusível Fotônico de Painel,need-to-have,42,0,35,,0
364,2024-12-29,BMB-31,Bomba Auxiliar de Refrigeração,must-have,5,0,2,,0
364,2024-12-29,FUS-12,Fusível Fotônico de Painel,need-to-have,35,0,26,,61
365,2024-12-30,BMB-31,Bomba Auxiliar de Refrigeração,must-have,2,0,0,,0
365,2024-12-30,FUS-12,Fusível Fotônico de Painel,need-to-have,26,0,21,,0
366,2024-12-31,BMB-31,Bomba Auxiliar de Refrigeração,must-have,0,0,0,,0
366,2024-12-31,FUS-12,Fusível Fotônico de Painel,need-to-have,21,0,17,,0
367,2025-01-01,BMB-31,Bomba Auxiliar de Refrigeração,must-have,0,0,0,,0
367,2025-01-01,FUS-12,Fusível Fotônico de Painel,need-to-have,17,0,8,,0
368,2025-01-02,BMB-31,Bomba Auxiliar de Refrigeração,must-have,0,0,0,,0
368,2025-01-02,FUS-12,Fusível Fotônico de Painel,need-to-have,8,0,0,,0
369,2025-01-03,BMB-31,Bomba Auxiliar de Refrigeração,must-have,0,0,0,,0
369,2025-01-03,FUS-12,Fusível Fotônico de Painel,need-to-have,0,61,56,FUS-12-PO032,0
370,2025-01-04,BMB-31,Bomba Auxiliar de Refrigeração,must-have,0,0,0,,0
370,2025-01-04,FUS-12,Fusível Fotônico de Painel,need-to-have,56,0,51,,0
371,2025-01-05,BMB-31,Bomba Auxiliar de Refrigeração,must-have,0,0,0,,0
371,2025-01-05,FUS-12,Fusível Fotônico de Painel,need-to-have,51,0,41,,0
372,2025-01-06,BMB-31,Bomba Auxiliar de Refrigeração,must-have,0,0,0,,0
372,2025-01-06,FUS-12,Fusível Fotônico de Painel,need-to-have,41,0,34,,0
373,2025-01-07,BMB-31,Bomba Auxiliar de Refrigeração,must-have,0,0,0,,0
373,2025-01-07,FUS-12,Fusível Fotônico de Painel,need-to-have,34,0,28,,68
374,2025-01-08,BMB-31,Bomba Auxiliar de Refrigeração,must-have,0,66,59,BMB-31-PO021,0
374,2025-01-08,FUS-12,Fusível Fotônico de Painel,need-to-have,28,0,22,,0
375,2025-01-09,BMB-31,Bomba Auxiliar de Refrigeração,must-have,59,0,53,,0
375,2025-01-09,FUS-12,Fusível Fotônico de Painel,need-to-have,22,0,13,,0
376,2025-01-10,BMB-31,Bomba Auxiliar de Refrigeração,must-have,53,0,47,,76
376,2025-01-10,FUS-12,Fusível Fotônico de Painel,need-to-have,13,0,6,,0
377,2025-01-11,BMB-31,Bomba Auxiliar de Refrigeração,must-have,47,0,41,,0
377,2025-01-11,FUS-12,Fusível Fotônico de Painel,need-to-have,6,0,0,,0
378,2025-01-12,BMB-31,Bomba Auxiliar de Refrigeração,must-have,41,0,34,,0
378,2025-01-12,FUS-12,Fusível Fotônico de Painel,need-to-have,0,0,0,,0
379,2025-01-13,BMB-31,Bomba Auxiliar de Refrigeração,must-have,34,0,28,,0
379,2025-01-13,FUS-12,Fusível Fotônico de Painel,need-to-have,0,0,0,,0
380,2025-01-14,BMB-31,Bomba Auxiliar de Refrigeração,must-have,28,0,20,,0
380,2025-01-14,FUS-12,Fusível Fotônico de Painel,need-to-have,0,68,61,FUS-12-PO033,0
381,2025-01-15,BMB-31,Bomba Auxiliar de Refrigeração,must-have,20,0,17,,0
381,2025-01-15,FUS-12,Fusível Fotônico de Painel,need-to-have,61,0,56,,0
382,2025-01-16,BMB-31,Bomba Auxiliar de Refrigeração,must-have,17,0,12,,0
382,2025-01-16,FUS-12,Fusível Fotônico de Painel,need-to-have,56,0,48,,0
383,2025-01-17,BMB-31,Bomba Auxiliar de Refrigeração,must-have,12,0,8,,0
383,2025-01-17,FUS-12,Fusível Fotônico de Painel,need-to-have,48,0,43,,0
384,2025-01-18,BMB-31,Bomba Auxiliar de Refrigeração,must-have,8,0,0,,0
384,2025-01-18,FUS-12,Fusível Fotônico de Painel,need-to-have,43,0,34,,0
385,2025-01-19,BMB-31,Bomba Auxiliar de Refrigeração,must-have,0,0,0,,0
385,2025-01-19,FUS-12,Fusível Fotônico de Painel,need-to-have,34,0,25,,66
386,2025-01-20,BMB-31,Bomba Auxiliar de Refrigeração,must-have,0,0,0,,0
386,2025-01-20,FUS-12,Fusível Fotônico de Painel,need-to-have,25,0,17,,0
387,2025-01-21,BMB-31,Bomba Auxiliar de Refrigeração,must-have,0,0,0,,0
387,2025-01-21,FUS-12,Fusível Fotônico de Painel,need-to-have,17,0,11,,0
388,2025-01-22,BMB-31,Bomba Auxiliar de Refrigeração,must-have,0,0,0,,0
388,2025-01-22,FUS-12,Fusível Fotônico de Painel,need-to-have,11,0,4,,0
389,2025-01-23,BMB-31,Bomba Auxiliar de Refrigeração,must-have,0,65,61,BMB-31-PO022,0
389,2025-01-23,FUS-12,Fusível Fotônico de Painel,need-to-have,4,0,0,,0
390,2025-01-24,BMB-31,Bomba Auxiliar de Refrigeração,must-have,61,0,56,,0
390,2025-01-24,FUS-12,Fusível Fotônico de Painel,need-to-have,0,0,0,,0
391,2025-01-25,BMB-31,Bomba Auxiliar de Refrigeração,must-have,56,0,52,,0
391,2025-01-25,FUS-12,Fusível Fotônico de Painel,need-to-have,0,0,0,,0
392,2025-01-26,BMB-31,Bomba Auxiliar de Refrigeração,must-have,52,0,44,,76
392,2025-01-26,FUS-12,Fusível Fotônico de Painel,need-to-have,0,0,0,,0
393,2025-01-27,BMB-31,Bomba Auxiliar de Refrigeração,must-have,44,0,36,,0
393,2025-01-27,FUS-12,Fusível Fotônico de Painel,need-to-have,0,0,0,,0
394,2025-01-28,BMB-31,Bomba Auxiliar de Refrigeração,must-have,36,0,30,,0
394,2025-01-28,FUS-12,Fusível Fotônico de Painel,need-to-have,0,0,0,,0
395,2025-01-29,BMB-31,Bomba Auxiliar de Refrigeração,must-have,30,0,25,,0
395,2025-01-29,FUS-12,Fusível Fotônico de Painel,need-to-have,0,0,0,,0
396,2025-01-30,BMB-31,Bomba Auxiliar de Refrigeração,must-have,25,0,17,,0
396,2025-01-30,FUS-12,Fusível Fotônico de Painel,need-to-have,0,0,0,,0
397,2025-01-31,BMB-31,Bomba Auxiliar de Refrigeração,must-have,17,0,9,,0
397,2025-01-31,FUS-12,Fusível Fotônico de Painel,need-to-have,0,66,63,FUS-12-PO034,0
398,2025-02-01,BMB-31,Bomba Auxiliar de Refrigeração,must-have,9,0,0,,0
398,2025-02-01,FUS-12,Fusível Fotônico de Painel,need-to-have,63,0,52,,0
399,2025-02-02,BMB-31,Bomba Auxiliar de Refrigeração,must-have,0,0,0,,0
399,2025-02-02,FUS-12,Fusível Fotônico de Painel,need-to-have,52,0,42,,0
400,2025-02-03,BMB-31,Bomba Auxiliar de Refrigeração,must-have,0,0,0,,0
400,2025-02-03,FUS-12,Fusível Fotônico de Painel,need-to-have,42,0,32,,0
401,2025-02-04,BMB-31,Bomba Auxiliar de Refrigeração,must-have,0,0,0,,0
401,2025-02-04,FUS-12,Fusível Fotônico de Painel,need-to-have,32,0,24,,58
402,2025-02-05,BMB-31,Bomba Auxiliar de Refrigeração,must-have,0,0,0,,0
402,2025-02-05,FUS-12,Fusível Fotônico de Painel,need-to-have,24,0,16,,0
403,2025-02-06,BMB-31,Bomba Auxiliar de Refrigeração,must-have,0,0,0,,0
403,2025-02-06,FUS-12,Fusível Fotônico de Painel,need-to-have,16,0,13,,0
404,2025-02-07,BMB-31,Bomba Auxiliar de Refrigeração,must-have,0,0,0,,0
404,2025-02-07,FUS-12,Fusível Fotônico de Painel,need-to-have,13,0,5,,0
405,2025-02-08,BMB-31,Bomba Auxiliar de Refrigeração,must-have,0,0,0,,0
405,2025-02-08,FUS-12,Fusível Fotônico de Painel,need-to-have,5,0,0,,0
406,2025-02-09,BMB-31,Bomba Auxiliar de Refrigeração,must-have,0,0,0,,0
406,2025-02-09,FUS-12,Fusível Fotônico de Painel,need-to-have,0,0,0,,0
407,2025-02-10,BMB-31,Bomba Auxiliar de Refrigeração,must-have,0,0,0,,0
407,2025-02-10,FUS-12,Fusível Fotônico de Painel,need-to-have,0,58,53,FUS-12-PO035,0
408,2025-02-11,BMB-31,Bomba Auxiliar de Refrigeração,must-have,0,0,0,,0
408,2025-02-11,FUS-12,Fusível Fotônico de Painel,need-to-have,53,0,47,,0
409,2025-02-12,BMB-31,Bomba Auxiliar de Refrigeração,must-have,0,0,0,,0
409,2025-02-12,FUS-12,Fusível Fotônico de Painel,need-to-have,47,0,47,,0
410,2025-02-13,BMB-31,Bomba Auxiliar de Refrigeração,must-have,0,0,0,,0
410,2025-02-13,FUS-12,Fusível Fotônico de Painel,need-to-have,47,0,41,,0
411,2025-02-14,BMB-31,Bomba Auxiliar de Refrigeração,must-have,0,0,0,,0
411,2025-02-14,FUS-12,Fusível Fotônico de Painel,need-to-have,41,0,35,,0
412,2025-02-15,BMB-31,Bomba Auxiliar de Refrigeração,must-have,0,76,74,BMB-31-PO023,0
412,2025-02-15,FUS-12,Fusível Fotônico de Painel,need-to-have,35,0,32,,0
413,2025-02-16,BMB-31,Bomba Auxiliar de Refrigeração,must-have,74,0,68,,0
413,2025-02-16,FUS-12,Fusível Fotônico de Painel,need-to-have,32,0,24,,64
414,2025-02-17,BMB-31,Bomba Auxiliar de Refrigeração,must-have,68,0,60,,0
414,2025-02-17,FUS-12,Fusível Fotônico de Painel,need-to-have,24,0,22,,0
415,2025-02-18,BMB-31,Bomba Auxiliar de Refrigeração,must-have,60,0,52,,0
415,2025-02-18,FUS-12,Fusível Fotônico de Painel,need-to-have,22,0,16,,0
416,2025-02-19,BMB-31,Bomba Auxiliar de Refrigeração,must-have,52,0,46,,78
416,2025-02-19,FUS-12,Fusível Fotônico de Painel,need-to-have,16,0,5,,0
417,2025-02-20,BMB-31,Bomba Auxiliar de Refrigeração,must-have,46,0,40,,0
417,2025-02-20,FUS-12,Fusível Fotônico de Painel,need-to-have,5,0,0,,0
418,2025-02-21,BMB-31,Bomba Auxiliar de Refrigeração,must-have,40,0,37,,0
418,2025-02-21,FUS-12,Fusível Fotônico de Painel,need-to-have,0,0,0,,0
419,2025-02-22,BMB-31,Bomba Auxiliar de Refrigeração,must-have,37,0,29,,0
419,2025-02-22,FUS-12,Fusível Fotônico de Painel,need-to-have,0,0,0,,0
420,2025-02-23,BMB-31,Bomba Auxiliar de Refrigeração,must-have,29,0,28,,0
420,2025-02-23,FUS-12,Fusível Fotônico de Painel,need-to-have,0,64,61,FUS-12-PO036,0
421,2025-02-24,BMB-31,Bomba Auxiliar de Refrigeração,must-have,28,0,24,,0
421,2025-02-24,FUS-12,Fusível Fotônico de Painel,need-to-have,61,0,52,,0
422,2025-02-25,BMB-31,Bomba Auxiliar de Refrigeração,must-have,24,0,15,,0
422,2025-02-25,FUS-12,Fusível Fotônico de Painel,need-to-have,52,0,46,,0
423,2025-02-26,BMB-31,Bomba Auxiliar de Refrigeração,must-have,15,0,8,,0
423,2025-02-26,FUS-12,Fusível Fotônico de Painel,need-to-have,46,0,38,,0
424,2025-02-27,BMB-31,Bomba Auxiliar de Refrigeração,must-have,8,0,3,,0
424,2025-02-27,FUS-12,Fusível Fotônico de Painel,need-to-have,38,0,33,,0
425,2025-02-28,BMB-31,Bomba Auxiliar de Refrigeração,must-have,3,0,0,,0
425,2025-02-28,FUS-12,Fusível Fotônico de Painel,need-to-have,33,0,30,,0
426,2025-03-01,BMB-31,Bomba Auxiliar de Refrigeração,must-have,0,0,0,,0
426,2025-03-01,FUS-12,Fusível Fotônico de Painel,need-to-have,30,0,24,,63
427,2025-03-02,BMB-31,Bomba Auxiliar de Refrigeração,must-have,0,0,0,,0
427,2025-03-02,FUS-12,Fusível Fotônico de Painel,need-to-have,24,0,18,,0
428,2025-03-03,BMB-31,Bomba Auxiliar de Refrigeração,must-have,0,0,0,,0
428,2025-03-03,FUS-12,Fusível Fotônico de Painel,need-to-have,18,0,15,,0
429,2025-03-04,BMB-31,Bomba Auxiliar de Refrigeração,must-have,0,0,0,,0
429,2025-03-04,FUS-12,Fusível Fotônico de Painel,need-to-have,15,0,8,,0
430,2025-03-05,BMB-31,Bomba Auxiliar de Refrigeração,must-have,0,0,0,,0
430,2025-03-05,FUS-12,Fusível Fotônico de Painel,need-to-have,8,0,1,,0
431,2025-03-06,BMB-31,Bomba Auxiliar de Refrigeração,must-have,0,0,0,,0
431,2025-03-06,FUS-12,Fusível Fotônico de Painel,need-to-have,1,0,0,,0
432,2025-03-07,BMB-31,Bomba Auxiliar de Refrigeração,must-have,0,0,0,,0
432,2025-03-07,FUS-12,Fusível Fotônico de Painel,need-to-have,0,63,58,FUS-12-PO037,0
433,2025-03-08,BMB-31,Bomba Auxiliar de Refrigeração,must-have,0,0,0,,0
433,2025-03-08,FUS-12,Fusível Fotônico de Painel,need-to-have,58,0,49,,0
434,2025-03-09,BMB-31,Bomba Auxiliar de Refrigeração,must-have,0,0,0,,0
434,2025-03-09,FUS-12,Fusível Fotônico de Painel,need-to-have,49,0,42,,0
435,2025-03-10,BMB-31,Bomba Auxiliar de Refrigeração,must-have,0,0,0,,0
435,2025-03-10,FUS-12,Fusível Fotônico de Painel,need-to-have,42,0,35,,0
436,2025-03-11,BMB-31,Bomba Auxiliar de Refrigeração,must-have,0,70,62,BMB-31-PO024,0
436,2025-03-11,FUS-12,Fusível Fotônico de Painel,need-to-have,35,0,27,,65
437,2025-03-12,BMB-31,Bomba Auxiliar de Refrigeração,must-have,62,0,57,,0
437,2025-03-12,FUS-12,Fusível Fotônico de Painel,need-to-have,27,0,19,,0
438,2025-03-13,BMB-31,Bomba Auxiliar de Refrigeração,must-have,57,0,52,,0
438,2025-03-13,FUS-12,Fusível Fotônico de Painel,need-to-have,19,0,10,,0
439,2025-03-14,BMB-31,Bomba Auxiliar de Refrigeração,must-have,52,0,46,,69
439,2025-03-14,FUS-12,Fusível Fotônico de Painel,need-to-have,10,65,66,FUS-12-PO038,0
440,2025-03-15,BMB-31,Bomba Auxiliar de Refrigeração,must-have,46,0,42,,0
440,2025-03-15,FUS-12,Fusível Fotônico de Painel,need-to-have,66,0,57,,0
441,2025-03-16,BMB-31,Bomba Auxiliar de Refrigeração,must-have,42,0,39,,0
441,2025-03-16,FUS-12,Fusível Fotônico de Painel,need-to-have,57,0,49,,0
442,2025-03-17,BMB-31,Bomba Auxiliar de Refrigeração,must-have,39,0,35,,0
442,2025-03-17,FUS-12,Fusível Fotônico de Painel,need-to-have,49,0,37,,0
443,2025-03-18,BMB-31,Bomba Auxiliar de Refrigeração,must-have,35,0,30,,0
443,2025-03-18,FUS-12,Fusível Fotônico de Painel,need-to-have,37,0,30,,0
444,2025-03-19,BMB-31,Bomba Auxiliar de Refrigeração,must-have,30,0,23,,0
444,2025-03-19,FUS-12,Fusível Fotônico de Painel,need-to-have,30,0,22,,59
445,2025-03-20,BMB-31,Bomba Auxiliar de Refrigeração,must-have,23,0,16,,0
445,2025-03-20,FUS-12,Fusível Fotônico de Painel,need-to-have,22,0,19,,0
446,2025-03-21,BMB-31,Bomba Auxiliar de Refrigeração,must-have,16,62,72,BMB-31-PO025,0
446,2025-03-21,FUS-12,Fusível Fotônico de Painel,need-to-have,19,0,13,,0
447,2025-03-22,BMB-31,Bomba Auxiliar de Refrigeração,must-have,72,0,65,,0
447,2025-03-22,FUS-12,Fusível Fotônico de Painel,need-to-have,13,0,4,,0
448,2025-03-23,BMB-31,Bomba Auxiliar de Refrigeração,must-have,65,0,59,,0
448,2025-03-23,FUS-12,Fusível Fotônico de Painel,need-to-have,4,0,0,,0
449,2025-03-24,BMB-31,Bomba Auxiliar de Refrigeração,must-have,59,0,54,,0
449,2025-03-24,FUS-12,Fusível Fotônico de Painel,need-to-have,0,59,53,FUS-12-PO039,0
450,2025-03-25,BMB-31,Bomba Auxiliar de Refrigeração,must-have,54,0,47,,66
450,2025-03-25,FUS-12,Fusível Fotônico de Painel,need-to-have,53,0,46,,0
451,2025-03-26,BMB-31,Bomba Auxiliar de Refrigeração,must-have,47,0,42,,0
451,2025-03-26,FUS-12,Fusível Fotônico de Painel,need-to-have,46,0,39,,0
452,2025-03-27,BMB-31,Bomba Auxiliar de Refrigeração,must-have,42,0,37,,0
452,2025-03-27,FUS-12,Fusível Fotônico de Painel,need-to-have,39,0,28,,66
453,2025-03-28,BMB-31,Bomba Auxiliar de Refrigeração,must-have,37,0,32,,0
453,2025-03-28,FUS-12,Fusível Fotônico de Painel,need-to-have,28,0,22,,0
454,2025-03-29,BMB-31,Bomba Auxiliar de Refrigeração,must-have,32,0,26,,0
454,2025-03-29,FUS-12,Fusível Fotônico de Painel,need-to-have,22,0,16,,0
455,2025-03-30,BMB-31,Bomba Auxiliar de Refrigeração,must-have,26,0,22,,0
455,2025-03-30,FUS-12,Fusível Fotônico de Painel,need-to-have,16,0,8,,0
456,2025-03-31,BMB-31,Bomba Auxiliar de Refrigeração,must-have,22,0,18,,0
456,2025-03-31,FUS-12,Fusível Fotônico de Painel,need-to-have,8,0,0,,0
457,2025-04-01,BMB-31,Bomba Auxiliar de Refrigeração,must-have,18,0,14,,0
457,2025-04-01,FUS-12,Fusível Fotônico de Painel,need-to-have,0,0,0,,0
458,2025-04-02,BMB-31,Bomba Auxiliar de Refrigeração,must-have,14,0,7,,0
458,2025-04-02,FUS-12,Fusível Fotônico de Painel,need-to-have,0,0,0,,0
459,2025-04-03,BMB-31,Bomba Auxiliar de Refrigeração,must-have,7,0,4,,0
459,2025-04-03,FUS-12,Fusível Fotônico de Painel,need-to-have,0,66,60,FUS-12-PO040,0
460,2025-04-04,BMB-31,Bomba Auxiliar de Refrigeração,must-have,4,0,0,,0
460,2025-04-04,FUS-12,Fusível Fotônico de Painel,need-to-have,60,0,51,,0
461,2025-04-05,BMB-31,Bomba Auxiliar de Refrigeração,must-have,0,0,0,,0
461,2025-04-05,FUS-12,Fusível Fotônico de Painel,need-to-have,51,0,42,,0
462,2025-04-06,BMB-31,Bomba Auxiliar de Refrigeração,must-have,0,0,0,,0
462,2025-04-06,FUS-12,Fusível Fotônico de Painel,need-to-have,42,0,34,,0
463,2025-04-07,BMB-31,Bomba Auxiliar de Refrigeração,must-have,0,0,0,,0
463,2025-04-07,FUS-12,Fusível Fotônico de Painel,need-to-have,34,0,28,,68
464,2025-04-08,BMB-31,Bomba Auxiliar de Refrigeração,must-have,0,0,0,,0
464,2025-04-08,FUS-12,Fusível Fotônico de Painel,need-to-have,28,0,19,,0
465,2025-04-09,BMB-31,Bomba Auxiliar de Refrigeração,must-have,0,0,0,,0
465,2025-04-09,FUS-12,Fusível Fotônico de Painel,need-to-have,19,0,10,,0
466,2025-04-10,BMB-31,Bomba Auxiliar de Refrigeração,must-have,0,0,0,,0
466,2025-04-10,FUS-12,Fusível Fotônico de Painel,need-to-have,10,0,8,,0
467,2025-04-11,BMB-31,Bomba Auxiliar de Refrigeração,must-have,0,66,62,BMB-31-PO026,0
467,2025-04-11,FUS-12,Fusível Fotônico de Painel,need-to-have,8,0,4,,0
468,2025-04-12,BMB-31,Bomba Auxiliar de Refrigeração,must-have,62,0,56,,0
468,2025-04-12,FUS-12,Fusível Fotônico de Painel,need-to-have,4,68,65,FUS-12-PO041,0
469,2025-04-13,BMB-31,Bomba Auxiliar de Refrigeração,must-have,56,0,48,,69
469,2025-04-13,FUS-12,Fusível Fotônico de Painel,need-to-have,65,0,62,,0
470,2025-04-14,BMB-31,Bomba Auxiliar de Refrigeração,must-have,48,0,45,,0
470,2025-04-14,FUS-12,Fusível Fotônico de Painel,need-to-have,62,0,56,,0
471,2025-04-15,BMB-31,Bomba Auxiliar de Refrigeração,must-have,45,0,39,,0
471,2025-04-15,FUS-12,Fusível Fotônico de Painel,need-to-have,56,0,48,,0
472,2025-04-16,BMB-31,Bomba Auxiliar de Refrigeração,must-have,39,0,33,,0
472,2025-04-16,FUS-12,Fusível Fotônico de Painel,need-to-have,48,0,40,,0
473,2025-04-17,BMB-31,Bomba Auxiliar de Refrigeração,must-have,33,0,29,,0
473,2025-04-17,FUS-12,Fusível Fotônico de Painel,need-to-have,40,0,32,,0
474,2025-04-18,BMB-31,Bomba Auxiliar de Refrigeração,must-have,29,0,24,,0
474,2025-04-18,FUS-12,Fusível Fotônico de Painel,need-to-have,32,0,27,,59
475,2025-04-19,BMB-31,Bomba Auxiliar de Refrigeração,must-have,24,0,18,,0
475,2025-04-19,FUS-12,Fusível Fotônico de Painel,need-to-have,27,0,20,,0
476,2025-04-20,BMB-31,Bomba Auxiliar de Refrigeração,must-have,18,0,16,,0
476,2025-04-20,FUS-12,Fusível Fotônico de Painel,need-to-have,20,0,11,,0
477,2025-04-21,BMB-31,Bomba Auxiliar de Refrigeração,must-have,16,0,11,,0
477,2025-04-21,FUS-12,Fusível Fotônico de Painel,need-to-have,11,0,6,,0
478,2025-04-22,BMB-31,Bomba Auxiliar de Refrigeração,must-have,11,0,4,,0
478,2025-04-22,FUS-12,Fusível Fotônico de Painel,need-to-have,6,0,2,,0
479,2025-04-23,BMB-31,Bomba Auxiliar de Refrigeração,must-have,4,0,0,,0
479,2025-04-23,FUS-12,Fusível Fotônico de Painel,need-to-have,2,0,0,,0
480,2025-04-24,BMB-31,Bomba Auxiliar de Refrigeração,must-have,0,69,61,BMB-31-PO027,0
480,2025-04-24,FUS-12,Fusível Fotônico de Painel,need-to-have,0,0,0,,0
481,2025-04-25,BMB-31,Bomba Auxiliar de Refrigeração,must-have,61,0,56,,0
481,2025-04-25,FUS-12,Fusível Fotônico de Painel,need-to-have,0,59,52,FUS-12-PO042,0
482,2025-04-26,BMB-31,Bomba Auxiliar de Refrigeração,must-have,56,0,53,,0
482,2025-04-26,FUS-12,Fusível Fotônico de Painel,need-to-have,52,0,40,,0
483,2025-04-27,BMB-31,Bomba Auxiliar de Refrigeração,must-have,53,0,45,,66
483,2025-04-27,FUS-12,Fusível Fotônico de Painel,need-to-have,40,0,34,,0
484,2025-04-28,BMB-31,Bomba Auxiliar de Refrigeração,must-have,45,0,41,,0
484,2025-04-28,FUS-12,Fusível Fotônico de Painel,need-to-have,34,0,24,,61
485,2025-04-29,BMB-31,Bomba Auxiliar de Refrigeração,must-have,41,0,33,,0
485,2025-04-29,FUS-12,Fusível Fotônico de Painel,need-to-have,24,0,19,,0
486,2025-04-30,BMB-31,Bomba Auxiliar de Refrigeração,must-have,33,0,29,,0
486,2025-04-30,FUS-12,Fusível Fotônico de Painel,need-to-have,19,0,13,,0
487,2025-05-01,BMB-31,Bomba Auxiliar de Refrigeração,must-have,29,0,24,,0
487,2025-05-01,FUS-12,Fusível Fotônico de Painel,need-to-have,13,0,6,,0
488,2025-05-02,BMB-31,Bomba Auxiliar de Refrigeração,must-have,24,0,16,,0
488,2025-05-02,FUS-12,Fusível Fotônico de Painel,need-to-have,6,0,0,,0
489,2025-05-03,BMB-31,Bomba Auxiliar de Refrigeração,must-have,16,0,11,,0
489,2025-05-03,FUS-12,Fusível Fotônico de Painel,need-to-have,0,0,0,,0
490,2025-05-04,BMB-31,Bomba Auxiliar de Refrigeração,must-have,11,0,4,,0
490,2025-05-04,FUS-12,Fusível Fotônico de Painel,need-to-have,0,0,0,,0
491,2025-05-05,BMB-31,Bomba Auxiliar de Refrigeração,must-have,4,0,2,,0
491,2025-05-05,FUS-12,Fusível Fotônico de Painel,need-to-have,0,0,0,,0
492,2025-05-06,BMB-31,Bomba Auxiliar de Refrigeração,must-have,2,0,0,,0
492,2025-05-06,FUS-12,Fusível Fotônico de Painel,need-to-have,0,0,0,,0
493,2025-05-07,BMB-31,Bomba Auxiliar de Refrigeração,must-have,0,0,0,,0
493,2025-05-07,FUS-12,Fusível Fotônico de Painel,need-to-have,0,0,0,,0
494,2025-05-08,BMB-31,Bomba Auxiliar de Refrigeração,must-have,0,0,0,,0
494,2025-05-08,FUS-12,Fusível Fotônico de Painel,need-to-have,0,0,0,,0
495,2025-05-09,BMB-31,Bomba Auxiliar de Refrigeração,must-have,0,0,0,,0
495,2025-05-09,FUS-12,Fusível Fotônico de Painel,need-to-have,0,61,58,FUS-12-PO043,0
496,2025-05-10,BMB-31,Bomba Auxiliar de Refrigeração,must-have,0,0,0,,0
496,2025-05-10,FUS-12,Fusível Fotônico de Painel,need-to-have,58,0,54,,0
497,2025-05-11,BMB-31,Bomba Auxiliar de Refrigeração,must-have,0,0,0,,0
497,2025-05-11,FUS-12,Fusível Fotônico de Painel,need-to-have,54,0,44,,0
498,2025-05-12,BMB-31,Bomba Auxiliar de Refrigeração,must-have,0,0,0,,0
498,2025-05-12,FUS-12,Fusível Fotônico de Painel,need-to-have,44,0,35,,0
499,2025-05-13,BMB-31,Bomba Auxiliar de Refrigeração,must-have,0,0,0,,0
499,2025-05-13,FUS-12,Fusível Fotônico de Painel,need-to-have,35,0,30,,0
500,2025-05-14,BMB-31,Bomba Auxiliar de Refrigeração,must-have,0,66,63,BMB-31-PO028,0
500,2025-05-14,FUS-12,Fusível Fotônico de Painel,need-to-have,30,0,21,,70
501,2025-05-15,BMB-31,Bomba Auxiliar de Refrigeração,must-have,63,0,62,,0
501,2025-05-15,FUS-12,Fusível Fotônico de Painel,need-to-have,21,0,13,,0
502,2025-05-16,BMB-31,Bomba Auxiliar de Refrigeração,must-have,62,0,54,,0
502,2025-05-16,FUS-12,Fusível Fotônico de Painel,need-to-have,13,0,7,,0
503,2025-05-17,BMB-31,Bomba Auxiliar de Refrigeração,must-have,54,0,45,,77
503,2025-05-17,FUS-12,Fusível Fotônico de Painel,need-to-have,7,0,4,,0
504,2025-05-18,BMB-31,Bomba Auxiliar de Refrigeração,must-have,45,0,39,,0
504,2025-05-18,FUS-12,Fusível Fotônico de Painel,need-to-have,4,0,0,,0
505,2025-05-19,BMB-31,Bomba Auxiliar de Refrigeração,must-have,39,0,31,,0
505,2025-05-19,FUS-12,Fusível Fotônico de Painel,need-to-have,0,70,63,FUS-12-PO044,0
506,2025-05-20,BMB-31,Bomba Auxiliar de Refrigeração,must-have,31,0,27,,0
506,2025-05-20,FUS-12,Fusível Fotônico de Painel,need-to-have,63,0,54,,0
507,2025-05-21,BMB-31,Bomba Auxiliar de Refrigeração,must-have,27,0,21,,0
507,2025-05-21,FUS-12,Fusível Fotônico de Painel,need-to-have,54,0,50,,0
508,2025-05-22,BMB-31,Bomba Auxiliar de Refrigeração,must-have,21,0,14,,0
508,2025-05-22,FUS-12,Fusível Fotônico de Painel,need-to-have,50,0,45,,0
509,2025-05-23,BMB-31,Bomba Auxiliar de Refrigeração,must-have,14,0,5,,0
509,2025-05-23,FUS-12,Fusível Fotônico de Painel,need-to-have,45,0,40,,0
510,2025-05-24,BMB-31,Bomba Auxiliar de Refrigeração,must-have,5,0,0,,0
510,2025-05-24,FUS-12,Fusível Fotônico de Painel,need-to-have,40,0,34,,0
511,2025-05-25,BMB-31,Bomba Auxiliar de Refrigeração,must-have,0,0,0,,0
511,2025-05-25,FUS-12,Fusível Fotônico de Painel,need-to-have,34,0,22,,61
512,2025-05-26,BMB-31,Bomba Auxiliar de Refrigeração,must-have,0,0,0,,0
512,2025-05-26,FUS-12,Fusível Fotônico de Painel,need-to-have,22,0,15,,0
513,2025-05-27,BMB-31,Bomba Auxiliar de Refrigeração,must-have,0,0,0,,0
513,2025-05-27,FUS-12,Fusível Fotônico de Painel,need-to-have,15,0,5,,0
514,2025-05-28,BMB-31,Bomba Auxiliar de Refrigeração,must-have,0,0,0,,0
514,2025-05-28,FUS-12,Fusível Fotônico de Painel,need-to-have,5,0,1,,0
515,2025-05-29,BMB-31,Bomba Auxiliar de Refrigeração,must-have,0,0,0,,0
515,2025-05-29,FUS-12,Fusível Fotônico de Painel,need-to-have,1,0,0,,0
516,2025-05-30,BMB-31,Bomba Auxiliar de Refrigeração,must-have,0,0,0,,0
516,2025-05-30,FUS-12,Fusível Fotônico de Painel,need-to-have,0,0,0,,0
517,2025-05-31,BMB-31,Bomba Auxiliar de Refrigeração,must-have,0,0,0,,0
517,2025-05-31,FUS-12,Fusível Fotônico de Painel,need-to-have,0,0,0,,0
518,2025-06-01,BMB-31,Bomba Auxiliar de Refrigeração,must-have,0,77,69,BMB-31-PO029,0
518,2025-06-01,FUS-12,Fusível Fotônico de Painel,need-to-have,0,0,0,,0
519,2025-06-02,BMB-31,Bomba Auxiliar de Refrigeração,must-have,69,0,64,,0
519,2025-06-02,FUS-12,Fusível Fotônico de Painel,need-to-have,0,61,53,FUS-12-PO045,0
520,2025-06-03,BMB-31,Bomba Auxiliar de Refrigeração,must-have,64,0,59,,0
520,2025-06-03,FUS-12,Fusível Fotônico de Painel,need-to-have,53,0,50,,0
521,2025-06-04,BMB-31,Bomba Auxiliar de Refrigeração,must-have,59,0,53,,0
521,2025-06-04,FUS-12,Fusível Fotônico de Painel,need-to-have,50,0,43,,0
522,2025-06-05,BMB-31,Bomba Auxiliar de Refrigeração,must-have,53,0,46,,73
522,2025-06-05,FUS-12,Fusível Fotônico de Painel,need-to-have,43,0,37,,0
523,2025-06-06,BMB-31,Bomba Auxiliar de Refrigeração,must-have,46,0,42,,0
523,2025-06-06,FUS-12,Fusível Fotônico de Painel,need-to-have,37,0,29,,68
524,2025-06-07,BMB-31,Bomba Auxiliar de Refrigeração,must-have,42,0,36,,0
524,2025-06-07,FUS-12,Fusível Fotônico de Painel,need-to-have,29,0,22,,0
525,2025-06-08,BMB-31,Bomba Auxiliar de Refrigeração,must-have,36,0,31,,0
525,2025-06-08,FUS-12,Fusível Fotônico de Painel,need-to-have,22,0,10,,0
526,2025-06-09,BMB-31,Bomba Auxiliar de Refrigeração,must-have,31,0,25,,0
526,2025-06-09,FUS-12,Fusível Fotônico de Painel,need-to-have,10,0,2,,0
527,2025-06-10,BMB-31,Bomba Auxiliar de Refrigeração,must-have,25,0,17,,0
527,2025-06-10,FUS-12,Fusível Fotônico de Painel,need-to-have,2,0,0,,0
528,2025-06-11,BMB-31,Bomba Auxiliar de Refrigeração,must-have,17,0,12,,0
528,2025-06-11,FUS-12,Fusível Fotônico de Painel,need-to-have,0,0,0,,0
529,2025-06-12,BMB-31,Bomba Auxiliar de Refrigeração,must-have,12,0,8,,0
529,2025-06-12,FUS-12,Fusível Fotônico de Painel,need-to-have,0,0,0,,0
530,2025-06-13,BMB-31,Bomba Auxiliar de Refrigeração,must-have,8,0,3,,0
530,2025-06-13,FUS-12,Fusível Fotônico de Painel,need-to-have,0,68,65,FUS-12-PO046,0
531,2025-06-14,BMB-31,Bomba Auxiliar de Refrigeração,must-have,3,0,0,,0
531,2025-06-14,FUS-12,Fusível Fotônico de Painel,need-to-have,65,0,56,,0
532,2025-06-15,BMB-31,Bomba Auxiliar de Refrigeração,must-have,0,0,0,,0
532,2025-06-15,FUS-12,Fusível Fotônico de Painel,need-to-have,56,0,48,,0
533,2025-06-16,BMB-31,Bomba Auxiliar de Refrigeração,must-have,0,0,0,,0
533,2025-06-16,FUS-12,Fusível Fotônico de Painel,need-to-have,48,0,44,,0
534,2025-06-17,BMB-31,Bomba Auxiliar de Refrigeração,must-have,0,0,0,,0
534,2025-06-17,FUS-12,Fusível Fotônico de Painel,need-to-have,44,0,33,,0
535,2025-06-18,BMB-31,Bomba Auxiliar de Refrigeração,must-have,0,0,0,,0
535,2025-06-18,FUS-12,Fusível Fotônico de Painel,need-to-have,33,0,27,,58
536,2025-06-19,BMB-31,Bomba Auxiliar de Refrigeração,must-have,0,0,0,,0
536,2025-06-19,FUS-12,Fusível Fotônico de Painel,need-to-have,27,0,23,,0
537,2025-06-20,BMB-31,Bomba Auxiliar de Refrigeração,must-have,0,0,0,,0
537,2025-06-20,FUS-12,Fusível Fotônico de Painel,need-to-have,23,0,17,,0
538,2025-06-21,BMB-31,Bomba Auxiliar de Refrigeração,must-have,0,73,67,BMB-31-PO030,0
538,2025-06-21,FUS-12,Fusível Fotônico de Painel,need-to-have,17,0,8,,0
539,2025-06-22,BMB-31,Bomba Auxiliar de Refrigeração,must-have,67,0,61,,0
539,2025-06-22,FUS-12,Fusível Fotônico de Painel,need-to-have,8,0,0,,0
540,2025-06-23,BMB-31,Bomba Auxiliar de Refrigeração,must-have,61,0,54,,0
540,2025-06-23,FUS-12,Fusível Fotônico de Painel,need-to-have,0,0,0,,0
541,2025-06-24,BMB-31,Bomba Auxiliar de Refrigeração,must-have,54,0,48,,68
541,2025-06-24,FUS-12,Fusível Fotônico de Painel,need-to-have,0,0,0,,0
542,2025-06-25,BMB-31,Bomba Auxiliar de Refrigeração,must-have,48,0,45,,0
542,2025-06-25,FUS-12,Fusível Fotônico de Painel,need-to-have,0,0,0,,0
543,2025-06-26,BMB-31,Bomba Auxiliar de Refrigeração,must-have,45,0,40,,0
543,2025-06-26,FUS-12,Fusível Fotônico de Painel,need-to-have,0,0,0,,0
544,2025-06-27,BMB-31,Bomba Auxiliar de Refrigeração,must-have,40,0,34,,0
544,2025-06-27,FUS-12,Fusível Fotônico de Painel,need-to-have,0,0,0,,0
545,2025-06-28,BMB-31,Bomba Auxiliar de Refrigeração,must-have,34,0,28,,0
545,2025-06-28,FUS-12,Fusível Fotônico de Painel,need-to-have,0,58,52,FUS-12-PO047,0
546,2025-06-29,BMB-31,Bomba Auxiliar de Refrigeração,must-have,28,0,24,,0
546,2025-06-29,FUS-12,Fusível Fotônico de Painel,need-to-have,52,0,48,,0
547,2025-06-30,BMB-31,Bomba Auxiliar de Refrigeração,must-have,24,68,89,BMB-31-PO031,0
547,2025-06-30,FUS-12,Fusível Fotônico de Painel,need-to-have,48,0,41,,0
548,2025-07-01,BMB-31,Bomba Auxiliar de Refrigeração,must-have,89,0,86,,0
548,2025-07-01,FUS-12,Fusível Fotônico de Painel,need-to-have,41,0,36,,0
549,2025-07-02,BMB-31,Bomba Auxiliar de Refrigeração,must-have,86,0,78,,0
549,2025-07-02,FUS-12,Fusível Fotônico de Painel,need-to-have,36,0,33,,0
550,2025-07-03,BMB-31,Bomba Auxiliar de Refrigeração,must-have,78,0,72,,0
550,2025-07-03,FUS-12,Fusível Fotônico de Painel,need-to-have,33,0,24,,61
551,2025-07-04,BMB-31,Bomba Auxiliar de Refrigeração,must-have,72,0,68,,0
551,2025-07-04,FUS-12,Fusível Fotônico de Painel,need-to-have,24,0,22,,0
552,2025-07-05,BMB-31,Bomba Auxiliar de Refrigeração,must-have,68,0,60,,0
552,2025-07-05,FUS-12,Fusível Fotônico de Painel,need-to-have,22,0,17,,0
553,2025-07-06,BMB-31,Bomba Auxiliar de Refrigeração,must-have,60,0,54,,0
553,2025-07-06,FUS-12,Fusível Fotônico de Painel,need-to-have,17,0,11,,0
554,2025-07-07,BMB-31,Bomba Auxiliar de Refrigeração,must-have,54,0,49,,65
554,2025-07-07,FUS-12,Fusível Fotônico de Painel,need-to-have,11,0,5,,0
555,2025-07-08,BMB-31,Bomba Auxiliar de Refrigeração,must-have,49,0,45,,0
555,2025-07-08,FUS-12,Fusível Fotônico de Painel,need-to-have,5,0,0,,0
556,2025-07-09,BMB-31,Bomba Auxiliar de Refrigeração,must-have,45,0,41,,0
556,2025-07-09,FUS-12,Fusível Fotônico de Painel,need-to-have,0,61,53,FUS-12-PO048,0
557,2025-07-10,BMB-31,Bomba Auxiliar de Refrigeração,must-have,41,0,37,,0
557,2025-07-10,FUS-12,Fusível Fotônico de Painel,need-to-have,53,0,45,,0
558,2025-07-11,BMB-31,Bomba Auxiliar de Refrigeração,must-have,37,0,31,,0
558,2025-07-11,FUS-12,Fusível Fotônico de Painel,need-to-have,45,0,38,,0
559,2025-07-12,BMB-31,Bomba Auxiliar de Refrigeração,must-have,31,0,25,,0
559,2025-07-12,FUS-12,Fusível Fotônico de Painel,need-to-have,38,0,31,,0
560,2025-07-13,BMB-31,Bomba Auxiliar de Refrigeração,must-have,25,0,18,,0
560,2025-07-13,FUS-12,Fusível Fotônico de Painel,need-to-have,31,0,25,,65
561,2025-07-14,BMB-31,Bomba Auxiliar de Refrigeração,must-have,18,0,12,,0
561,2025-07-14,FUS-12,Fusível Fotônico de Painel,need-to-have,25,0,17,,0
562,2025-07-15,BMB-31,Bomba Auxiliar de Refrigeração,must-have,12,0,8,,0
562,2025-07-15,FUS-12,Fusível Fotônico de Painel,need-to-have,17,0,13,,0
563,2025-07-16,BMB-31,Bomba Auxiliar de Refrigeração,must-have,8,0,3,,0
563,2025-07-16,FUS-12,Fusível Fotônico de Painel,need-to-have,13,0,6,,0
564,2025-07-17,BMB-31,Bomba Auxiliar de Refrigeração,must-have,3,0,0,,0
564,2025-07-17,FUS-12,Fusível Fotônico de Painel,need-to-have,6,65,61,FUS-12-PO049,0
565,2025-07-18,BMB-31,Bomba Auxiliar de Refrigeração,must-have,0,0,0,,0
565,2025-07-18,FUS-12,Fusível Fotônico de Painel,need-to-have,61,0,56,,0
566,2025-07-19,BMB-31,Bomba Auxiliar de Refrigeração,must-have,0,0,0,,0
566,2025-07-19,FUS-12,Fusível Fotônico de Painel,need-to-have,56,0,48,,0
567,2025-07-20,BMB-31,Bomba Auxiliar de Refrigeração,must-have,0,0,0,,0
567,2025-07-20,FUS-12,Fusível Fotônico de Painel,need-to-have,48,0,38,,0
568,2025-07-21,BMB-31,Bomba Auxiliar de Refrigeração,must-have,0,0,0,,0
568,2025-07-21,FUS-12,Fusível Fotônico de Painel,need-to-have,38,0,27,,59
569,2025-07-22,BMB-31,Bomba Auxiliar de Refrigeração,must-have,0,0,0,,0
569,2025-07-22,FUS-12,Fusível Fotônico de Painel,need-to-have,27,0,24,,0
570,2025-07-23,BMB-31,Bomba Auxiliar de Refrigeração,must-have,0,0,0,,0
570,2025-07-23,FUS-12,Fusível Fotônico de Painel,need-to-have,24,0,15,,0
571,2025-07-24,BMB-31,Bomba Auxiliar de Refrigeração,must-have,0,65,57,BMB-31-PO032,0
571,2025-07-24,FUS-12,Fusível Fotônico de Painel,need-to-have,15,0,7,,0
572,2025-07-25,BMB-31,Bomba Auxiliar de Refrigeração,must-have,57,0,52,,0
572,2025-07-25,FUS-12,Fusível Fotônico de Painel,need-to-have,7,59,62,FUS-12-PO050,0
573,2025-07-26,BMB-31,Bomba Auxiliar de Refrigeração,must-have,52,0,49,,66
573,2025-07-26,FUS-12,Fusível Fotônico de Painel,need-to-have,62,0,56,,0
574,2025-07-27,BMB-31,Bomba Auxiliar de Refrigeração,must-have,49,0,43,,0
574,2025-07-27,FUS-12,Fusível Fotônico de Painel,need-to-have,56,0,47,,0
575,2025-07-28,BMB-31,Bomba Auxiliar de Refrigeração,must-have,43,0,38,,0
575,2025-07-28,FUS-12,Fusível Fotônico de Painel,need-to-have,47,0,42,,0
576,2025-07-29,BMB-31,Bomba Auxiliar de Refrigeração,must-have,38,0,36,,0
576,2025-07-29,FUS-12,Fusível Fotônico de Painel,need-to-have,42,0,37,,0
577,2025-07-30,BMB-31,Bomba Auxiliar de Refrigeração,must-have,36,0,29,,0
577,2025-07-30,FUS-12,Fusível Fotônico de Painel,need-to-have,37,0,33,,0
578,2025-07-31,BMB-31,Bomba Auxiliar de Refrigeração,must-have,29,0,23,,0
578,2025-07-31,FUS-12,Fusível Fotônico de Painel,need-to-have,33,0,26,,57
579,2025-08-01,BMB-31,Bomba Auxiliar de Refrigeração,must-have,23,0,20,,0
579,2025-08-01,FUS-12,Fusível Fotônico de Painel,need-to-have,26,0,18,,0
580,2025-08-02,BMB-31,Bomba Auxiliar de Refrigeração,must-have,20,0,15,,0
580,2025-08-02,FUS-12,Fusível Fotônico de Painel,need-to-have,18,0,10,,0
581,2025-08-03,BMB-31,Bomba Auxiliar de Refrigeração,must-have,15,0,8,,0
581,2025-08-03,FUS-12,Fusível Fotônico de Painel,need-to-have,10,0,3,,0
582,2025-08-04,BMB-31,Bomba Auxiliar de Refrigeração,must-have,8,0,3,,0
582,2025-08-04,FUS-12,Fusível Fotônico de Painel,need-to-have,3,0,0,,0
583,2025-08-05,BMB-31,Bomba Auxiliar de Refrigeração,must-have,3,0,0,,0
583,2025-08-05,FUS-12,Fusível Fotônico de Painel,need-to-have,0,57,50,FUS-12-PO051,0
584,2025-08-06,BMB-31,Bomba Auxiliar de Refrigeração,must-have,0,0,0,,0
584,2025-08-06,FUS-12,Fusível Fotônico de Painel,need-to-have,50,0,43,,0
585,2025-08-07,BMB-31,Bomba Auxiliar de Refrigeração,must-have,0,0,0,,0
585,2025-08-07,FUS-12,Fusível Fotônico de Painel,need-to-have,43,0,36,,0
586,2025-08-08,BMB-31,Bomba Auxiliar de Refrigeração,must-have,0,66,60,BMB-31-PO033,0
586,2025-08-08,FUS-12,Fusível Fotônico de Painel,need-to-have,36,0,29,,59
587,2025-08-09,BMB-31,Bomba Auxiliar de Refrigeração,must-have,60,0,57,,0
587,2025-08-09,FUS-12,Fusível Fotônico de Painel,need-to-have,29,0,20,,0
588,2025-08-10,BMB-31,Bomba Auxiliar de Refrigeração,must-have,57,0,49,,70
588,2025-08-10,FUS-12,Fusível Fotônico de Painel,need-to-have,20,0,12,,0
589,2025-08-11,BMB-31,Bomba Auxiliar de Refrigeração,must-have,49,0,46,,0
589,2025-08-11,FUS-12,Fusível Fotônico de Painel,need-to-have,12,0,6,,0
590,2025-08-12,BMB-31,Bomba Auxiliar de Refrigeração,must-have,46,0,42,,0
590,2025-08-12,FUS-12,Fusível Fotônico de Painel,need-to-have,6,0,0,,0
591,2025-08-13,BMB-31,Bomba Auxiliar de Refrigeração,must-have,42,0,38,,0
591,2025-08-13,FUS-12,Fusível Fotônico de Painel,need-to-have,0,0,0,,0
592,2025-08-14,BMB-31,Bomba Auxiliar de Refrigeração,must-have,38,0,34,,0
592,2025-08-14,FUS-12,Fusível Fotônico de Painel,need-to-have,0,53,44,FUS-12-PO052,0
593,2025-08-15,BMB-31,Bomba Auxiliar de Refrigeração,must-have,34,70,100,BMB-31-PO034,0
593,2025-08-15,FUS-12,Fusível Fotônico de Painel,need-to-have,44,0,35,,0
594,2025-08-16,BMB-31,Bomba Auxiliar de Refrigeração,must-have,100,0,94,,0
594,2025-08-16,FUS-12,Fusível Fotônico de Painel,need-to-have,35,0,29,,66
595,2025-08-17,BMB-31,Bomba Auxiliar de Refrigeração,must-have,94,0,90,,0
595,2025-08-17,FUS-12,Fusível Fotônico de Painel,need-to-have,29,0,24,,0
596,2025-08-18,BMB-31,Bomba Auxiliar de Refrigeração,must-have,90,0,86,,0
596,2025-08-18,FUS-12,Fusível Fotônico de Painel,need-to-have,24,0,17,,0
597,2025-08-19,BMB-31,Bomba Auxiliar de Refrigeração,must-have,86,0,79,,0
597,2025-08-19,FUS-12,Fusível Fotônico de Painel,need-to-have,17,0,8,,0
598,2025-08-20,BMB-31,Bomba Auxiliar de Refrigeração,must-have,79,0,69,,0
598,2025-08-20,FUS-12,Fusível Fotônico de Painel,need-to-have,8,0,6,,0
599,2025-08-21,BMB-31,Bomba Auxiliar de Refrigeração,must-have,69,0,67,,0
599,2025-08-21,FUS-12,Fusível Fotônico de Painel,need-to-have,6,0,0,,0
600,2025-08-22,BMB-31,Bomba Auxiliar de Refrigeração,must-have,67,0,61,,0
600,2025-08-22,FUS-12,Fusível Fotônico de Painel,need-to-have,0,0,0,,0
601,2025-08-23,BMB-31,Bomba Auxiliar de Refrigeração,must-have,61,0,57,,0
601,2025-08-23,FUS-12,Fusível Fotônico de Painel,need-to-have,0,0,0,,0
602,2025-08-24,BMB-31,Bomba Auxiliar de Refrigeração,must-have,57,0,49,,75
602,2025-08-24,FUS-12,Fusível Fotônico de Painel,need-to-have,0,0,0,,0
603,2025-08-25,BMB-31,Bomba Auxiliar de Refrigeração,must-have,49,0,45,,0
603,2025-08-25,FUS-12,Fusível Fotônico de Painel,need-to-have,0,0,0,,0
604,2025-08-26,BMB-31,Bomba Auxiliar de Refrigeração,must-have,45,0,42,,0
604,2025-08-26,FUS-12,Fusível Fotônico de Painel,need-to-have,0,0,0,,0
605,2025-08-27,BMB-31,Bomba Auxiliar de Refrigeração,must-have,42,0,39,,0
605,2025-08-27,FUS-12,Fusível Fotônico de Painel,need-to-have,0,0,0,,0
606,2025-08-28,BMB-31,Bomba Auxiliar de Refrigeração,must-have,39,0,34,,0
606,2025-08-28,FUS-12,Fusível Fotônico de Painel,need-to-have,0,0,0,,0
607,2025-08-29,BMB-31,Bomba Auxiliar de Refrigeração,must-have,34,0,26,,0
607,2025-08-29,FUS-12,Fusível Fotônico de Painel,need-to-have,0,0,0,,0
608,2025-08-30,BMB-31,Bomba Auxiliar de Refrigeração,must-have,26,0,19,,0
608,2025-08-30,FUS-12,Fusível Fotônico de Painel,need-to-have,0,66,61,FUS-12-PO053,0
609,2025-08-31,BMB-31,Bomba Auxiliar de Refrigeração,must-have,19,0,10,,0
609,2025-08-31,FUS-12,Fusível Fotônico de Painel,need-to-have,61,0,54,,0
610,2025-09-01,BMB-31,Bomba Auxiliar de Refrigeração,must-have,10,0,3,,0
610,2025-09-01,FUS-12,Fusível Fotônico de Painel,need-to-have,54,0,47,,0
611,2025-09-02,BMB-31,Bomba Auxiliar de Refrigeração,must-have,3,0,0,,0
611,2025-09-02,FUS-12,Fusível Fotônico de Painel,need-to-have,47,0,38,,0
612,2025-09-03,BMB-31,Bomba Auxiliar de Refrigeração,must-have,0,0,0,,0
612,2025-09-03,FUS-12,Fusível Fotônico de Painel,need-to-have,38,0,35,,0
613,2025-09-04,BMB-31,Bomba Auxiliar de Refrigeração,must-have,0,0,0,,0
613,2025-09-04,FUS-12,Fusível Fotônico de Painel,need-to-have,35,0,27,,67
614,2025-09-05,BMB-31,Bomba Auxiliar de Refrigeração,must-have,0,0,0,,0
614,2025-09-05,FUS-12,Fusível Fotônico de Painel,need-to-have,27,0,20,,0
615,2025-09-06,BMB-31,Bomba Auxiliar de Refrigeração,must-have,0,71,66,BMB-31-PO035,0
615,2025-09-06,FUS-12,Fusível Fotônico de Painel,need-to-have,20,0,12,,0
616,2025-09-07,BMB-31,Bomba Auxiliar de Refrigeração,must-have,66,0,59,,0
616,2025-09-07,FUS-12,Fusível Fotônico de Painel,need-to-have,12,0,6,,0
617,2025-09-08,BMB-31,Bomba Auxiliar de Refrigeração,must-have,59,0,52,,0
617,2025-09-08,FUS-12,Fusível Fotônico de Painel,need-to-have,6,0,0,,0
618,2025-09-09,BMB-31,Bomba Auxiliar de Refrigeração,must-have,52,0,47,,73
618,2025-09-09,FUS-12,Fusível Fotônico de Painel,need-to-have,0,0,0,,0
619,2025-09-10,BMB-31,Bomba Auxiliar de Refrigeração,must-have,47,0,41,,0
619,2025-09-10,FUS-12,Fusível Fotônico de Painel,need-to-have,0,0,0,,0
620,2025-09-11,BMB-31,Bomba Auxiliar de Refrigeração,must-have,41,0,37,,0
620,2025-09-11,FUS-12,Fusível Fotônico de Painel,need-to-have,0,0,0,,0
621,2025-09-12,BMB-31,Bomba Auxiliar de Refrigeração,must-have,37,0,33,,0
621,2025-09-12,FUS-12,Fusível Fotônico de Painel,need-to-have,0,0,0,,0
622,2025-09-13,BMB-31,Bomba Auxiliar de Refrigeração,must-have,33,0,29,,0
622,2025-09-13,FUS-12,Fusível Fotônico de Painel,need-to-have,0,0,0,,0
623,2025-09-14,BMB-31,Bomba Auxiliar de Refrigeração,must-have,29,0,21,,0
623,2025-09-14,FUS-12,Fusível Fotônico de Painel,need-to-have,0,0,0,,0
624,2025-09-15,BMB-31,Bomba Auxiliar de Refrigeração,must-have,21,0,17,,0
624,2025-09-15,FUS-12,Fusível Fotônico de Painel,need-to-have,0,60,52,FUS-12-PO054,0
625,2025-09-16,BMB-31,Bomba Auxiliar de Refrigeração,must-have,17,0,13,,0
625,2025-09-16,FUS-12,Fusível Fotônico de Painel,need-to-have,52,0,46,,0
626,2025-09-17,BMB-31,Bomba Auxiliar de Refrigeração,must-have,13,0,11,,0
626,2025-09-17,FUS-12,Fusível Fotônico de Painel,need-to-have,46,0,40,,0
627,2025-09-18,BMB-31,Bomba Auxiliar de Refrigeração,must-have,11,0,7,,0
627,2025-09-18,FUS-12,Fusível Fotônico de Painel,need-to-have,40,0,34,,0
628,2025-09-19,BMB-31,Bomba Auxiliar de Refrigeração,must-have,7,0,0,,0
628,2025-09-19,FUS-12,Fusível Fotônico de Painel,need-to-have,34,0,27,,70
629,2025-09-20,BMB-31,Bomba Auxiliar de Refrigeração,must-have,0,0,0,,0
629,2025-09-20,FUS-12,Fusível Fotônico de Painel,need-to-have,27,0,20,,0
630,2025-09-21,BMB-31,Bomba Auxiliar de Refrigeração,must-have,0,0,0,,0
630,2025-09-21,FUS-12,Fusível Fotônico de Painel,need-to-have,20,0,12,,0
631,2025-09-22,BMB-31,Bomba Auxiliar de Refrigeração,must-have,0,0,0,,0
631,2025-09-22,FUS-12,Fusível Fotônico de Painel,need-to-have,12,0,7,,0
632,2025-09-23,BMB-31,Bomba Auxiliar de Refrigeração,must-have,0,0,0,,0
632,2025-09-23,FUS-12,Fusível Fotônico de Painel,need-to-have,7,70,68,FUS-12-PO055,0
633,2025-09-24,BMB-31,Bomba Auxiliar de Refrigeração,must-have,0,0,0,,0
633,2025-09-24,FUS-12,Fusível Fotônico de Painel,need-to-have,68,0,62,,0
634,2025-09-25,BMB-31,Bomba Auxiliar de Refrigeração,must-have,0,0,0,,0
634,2025-09-25,FUS-12,Fusível Fotônico de Painel,need-to-have,62,0,57,,0
635,2025-09-26,BMB-31,Bomba Auxiliar de Refrigeração,must-have,0,0,0,,0
635,2025-09-26,FUS-12,Fusível Fotônico de Painel,need-to-have,57,0,54,,0
636,2025-09-27,BMB-31,Bomba Auxiliar de Refrigeração,must-have,0,73,66,BMB-31-PO036,0
636,2025-09-27,FUS-12,Fusível Fotônico de Painel,need-to-have,54,0,53,,0
637,2025-09-28,BMB-31,Bomba Auxiliar de Refrigeração,must-have,66,0,61,,0
637,2025-09-28,FUS-12,Fusível Fotônico de Painel,need-to-have,53,0,41,,0
638,2025-09-29,BMB-31,Bomba Auxiliar de Refrigeração,must-have,61,0,58,,0
638,2025-09-29,FUS-12,Fusível Fotônico de Painel,need-to-have,41,0,32,,0
639,2025-09-30,BMB-31,Bomba Auxiliar de Refrigeração,must-have,58,0,53,,0
639,2025-09-30,FUS-12,Fusível Fotônico de Painel,need-to-have,32,0,22,,64
640,2025-10-01,BMB-31,Bomba Auxiliar de Refrigeração,must-have,53,0,45,,70
640,2025-10-01,FUS-12,Fusível Fotônico de Painel,need-to-have,22,0,13,,0
641,2025-10-02,BMB-31,Bomba Auxiliar de Refrigeração,must-have,45,0,40,,0
641,2025-10-02,FUS-12,Fusível Fotônico de Painel,need-to-have,13,0,5,,0
642,2025-10-03,BMB-31,Bomba Auxiliar de Refrigeração,must-have,40,0,36,,0
642,2025-10-03,FUS-12,Fusível Fotônico de Painel,need-to-have,5,0,0,,0
643,2025-10-04,BMB-31,Bomba Auxiliar de Refrigeração,must-have,36,0,31,,0
643,2025-10-04,FUS-12,Fusível Fotônico de Painel,need-to-have,0,0,0,,0
644,2025-10-05,BMB-31,Bomba Auxiliar de Refrigeração,must-have,31,0,22,,0
644,2025-10-05,FUS-12,Fusível Fotônico de Painel,need-to-have,0,0,0,,0
645,2025-10-06,BMB-31,Bomba Auxiliar de Refrigeração,must-have,22,0,14,,0
645,2025-10-06,FUS-12,Fusível Fotônico de Painel,need-to-have,0,0,0,,0
646,2025-10-07,BMB-31,Bomba Auxiliar de Refrigeração,must-have,14,0,10,,0
646,2025-10-07,FUS-12,Fusível Fotônico de Painel,need-to-have,0,64,58,FUS-12-PO056,0
647,2025-10-08,BMB-31,Bomba Auxiliar de Refrigeração,must-have,10,0,4,,0
647,2025-10-08,FUS-12,Fusível Fotônico de Painel,need-to-have,58,0,54,,0
648,2025-10-09,BMB-31,Bomba Auxiliar de Refrigeração,must-have,4,0,2,,0
648,2025-10-09,FUS-12,Fusível Fotônico de Painel,need-to-have,54,0,54,,0
649,2025-10-10,BMB-31,Bomba Auxiliar de Refrigeração,must-have,2,0,0,,0
649,2025-10-10,FUS-12,Fusível Fotônico de Painel,need-to-have,54,0,50,,0
650,2025-10-11,BMB-31,Bomba Auxiliar de Refrigeração,must-have,0,0,0,,0
650,2025-10-11,FUS-12,Fusível Fotônico de Painel,need-to-have,50,0,44,,0
651,2025-10-12,BMB-31,Bomba Auxiliar de Refrigeração,must-have,0,0,0,,0
651,2025-10-12,FUS-12,Fusível Fotônico de Painel,need-to-have,44,0,39,,0
652,2025-10-13,BMB-31,Bomba Auxiliar de Refrigeração,must-have,0,0,0,,0
652,2025-10-13,FUS-12,Fusível Fotônico de Painel,need-to-have,39,0,34,,0
653,2025-10-14,BMB-31,Bomba Auxiliar de Refrigeração,must-have,0,0,0,,0
653,2025-10-14,FUS-12,Fusível Fotônico de Painel,need-to-have,34,0,32,,0
654,2025-10-15,BMB-31,Bomba Auxiliar de Refrigeração,must-have,0,0,0,,0
654,2025-10-15,FUS-12,Fusível Fotônico de Painel,need-to-have,32,0,23,,57
655,2025-10-16,BMB-31,Bomba Auxiliar de Refrigeração,must-have,0,0,0,,0
655,2025-10-16,FUS-12,Fusível Fotônico de Painel,need-to-have,23,0,19,,0
656,2025-10-17,BMB-31,Bomba Auxiliar de Refrigeração,must-have,0,70,63,BMB-31-PO037,0
656,2025-10-17,FUS-12,Fusível Fotônico de Painel,need-to-have,19,0,13,,0
657,2025-10-18,BMB-31,Bomba Auxiliar de Refrigeração,must-have,63,0,58,,0
657,2025-10-18,FUS-12,Fusível Fotônico de Painel,need-to-have,13,0,6,,0
658,2025-10-19,BMB-31,Bomba Auxiliar de Refrigeração,must-have,58,0,53,,0
658,2025-10-19,FUS-12,Fusível Fotônico de Painel,need-to-have,6,0,0,,0
659,2025-10-20,BMB-31,Bomba Auxiliar de Refrigeração,must-have,53,0,45,,68
659,2025-10-20,FUS-12,Fusível Fotônico de Painel,need-to-have,0,0,0,,0
660,2025-10-21,BMB-31,Bomba Auxiliar de Refrigeração,must-have,45,0,38,,0
660,2025-10-21,FUS-12,Fusível Fotônico de Painel,need-to-have,0,57,46,FUS-12-PO057,0
661,2025-10-22,BMB-31,Bomba Auxiliar de Refrigeração,must-have,38,0,31,,0
661,2025-10-22,FUS-12,Fusível Fotônico de Painel,need-to-have,46,0,42,,0
662,2025-10-23,BMB-31,Bomba Auxiliar de Refrigeração,must-have,31,0,24,,0
662,2025-10-23,FUS-12,Fusível Fotônico de Painel,need-to-have,42,0,35,,0
663,2025-10-24,BMB-31,Bomba Auxiliar de Refrigeração,must-have,24,0,22,,0
663,2025-10-24,FUS-12,Fusível Fotônico de Painel,need-to-have,35,0,29,,70
664,2025-10-25,BMB-31,Bomba Auxiliar de Refrigeração,must-have,22,0,16,,0
664,2025-10-25,FUS-12,Fusível Fotônico de Painel,need-to-have,29,0,23,,0
665,2025-10-26,BMB-31,Bomba Auxiliar de Refrigeração,must-have,16,0,11,,0
665,2025-10-26,FUS-12,Fusível Fotônico de Painel,need-to-have,23,0,13,,0
666,2025-10-27,BMB-31,Bomba Auxiliar de Refrigeração,must-have,11,0,5,,0
666,2025-10-27,FUS-12,Fusível Fotônico de Painel,need-to-have,13,0,12,,0
667,2025-10-28,BMB-31,Bomba Auxiliar de Refrigeração,must-have,5,0,0,,0
667,2025-10-28,FUS-12,Fusível Fotônico de Painel,need-to-have,12,70,75,FUS-12-PO058,0
668,2025-10-29,BMB-31,Bomba Auxiliar de Refrigeração,must-have,0,0,0,,0
668,2025-10-29,FUS-12,Fusível Fotônico de Painel,need-to-have,75,0,70,,0
669,2025-10-30,BMB-31,Bomba Auxiliar de Refrigeração,must-have,0,0,0,,0
669,2025-10-30,FUS-12,Fusível Fotônico de Painel,need-to-have,70,0,62,,0
670,2025-10-31,BMB-31,Bomba Auxiliar de Refrigeração,must-have,0,0,0,,0
670,2025-10-31,FUS-12,Fusível Fotônico de Painel,need-to-have,62,0,53,,0
671,2025-11-01,BMB-31,Bomba Auxiliar de Refrigeração,must-have,0,0,0,,0
671,2025-11-01,FUS-12,Fusível Fotônico de Painel,need-to-have,53,0,46,,0
672,2025-11-02,BMB-31,Bomba Auxiliar de Refrigeração,must-have,0,0,0,,0
672,2025-11-02,FUS-12,Fusível Fotônico de Painel,need-to-have,46,0,41,,0
673,2025-11-03,BMB-31,Bomba Auxiliar de Refrigeração,must-have,0,68,61,BMB-31-PO038,0
673,2025-11-03,FUS-12,Fusível Fotônico de Painel,need-to-have,41,0,35,,0
674,2025-11-04,BMB-31,Bomba Auxiliar de Refrigeração,must-have,61,0,55,,0
674,2025-11-04,FUS-12,Fusível Fotônico de Painel,need-to-have,35,0,26,,58
675,2025-11-05,BMB-31,Bomba Auxiliar de Refrigeração,must-have,55,0,52,,0
675,2025-11-05,FUS-12,Fusível Fotônico de Painel,need-to-have,26,0,21,,0
676,2025-11-06,BMB-31,Bomba Auxiliar de Refrigeração,must-have,52,0,46,,74
676,2025-11-06,FUS-12,Fusível Fotônico de Painel,need-to-have,21,0,14,,0
677,2025-11-07,BMB-31,Bomba Auxiliar de Refrigeração,must-have,46,0,43,,0
677,2025-11-07,FUS-12,Fusível Fotônico de Painel,need-to-have,14,0,9,,0
678,2025-11-08,BMB-31,Bomba Auxiliar de Refrigeração,must-have,43,0,37,,0
678,2025-11-08,FUS-12,Fusível Fotônico de Painel,need-to-have,9,0,0,,0
679,2025-11-09,BMB-31,Bomba Auxiliar de Refrigeração,must-have,37,0,31,,0
679,2025-11-09,FUS-12,Fusível Fotônico de Painel,need-to-have,0,0,0,,0
680,2025-11-10,BMB-31,Bomba Auxiliar de Refrigeração,must-have,31,0,25,,0
680,2025-11-10,FUS-12,Fusível Fotônico de Painel,need-to-have,0,0,0,,0
681,2025-11-11,BMB-31,Bomba Auxiliar de Refrigeração,must-have,25,0,22,,0
681,2025-11-11,FUS-12,Fusível Fotônico de Painel,need-to-have,0,0,0,,0
682,2025-11-12,BMB-31,Bomba Auxiliar de Refrigeração,must-have,22,0,15,,0
682,2025-11-12,FUS-12,Fusível Fotônico de Painel,need-to-have,0,55,47,FUS-12-PO059,0
683,2025-11-13,BMB-31,Bomba Auxiliar de Refrigeração,must-have,15,0,10,,0
683,2025-11-13,FUS-12,Fusível Fotônico de Painel,need-to-have,47,0,38,,0
684,2025-11-14,BMB-31,Bomba Auxiliar de Refrigeração,must-have,10,0,8,,0
684,2025-11-14,FUS-12,Fusível Fotônico de Painel,need-to-have,38,0,28,,65
685,2025-11-15,BMB-31,Bomba Auxiliar de Refrigeração,must-have,8,0,0,,0
685,2025-11-15,FUS-12,Fusível Fotônico de Painel,need-to-have,28,0,19,,0
686,2025-11-16,BMB-31,Bomba Auxiliar de Refrigeração,must-have,0,0,0,,0
686,2025-11-16,FUS-12,Fusível Fotônico de Painel,need-to-have,19,0,11,,0
687,2025-11-17,BMB-31,Bomba Auxiliar de Refrigeração,must-have,0,0,0,,0
687,2025-11-17,FUS-12,Fusível Fotônico de Painel,need-to-have,11,0,5,,0
688,2025-11-18,BMB-31,Bomba Auxiliar de Refrigeração,must-have,0,0,0,,0
688,2025-11-18,FUS-12,Fusível Fotônico de Painel,need-to-have,5,0,0,,0
689,2025-11-19,BMB-31,Bomba Auxiliar de Refrigeração,must-have,0,0,0,,0
689,2025-11-19,FUS-12,Fusível Fotônico de Painel,need-to-have,0,0,0,,0
690,2025-11-20,BMB-31,Bomba Auxiliar de Refrigeração,must-have,0,0,0,,0
690,2025-11-20,FUS-12,Fusível Fotônico de Painel,need-to-have,0,0,0,,0
691,2025-11-21,BMB-31,Bomba Auxiliar de Refrigeração,must-have,0,0,0,,0
691,2025-11-21,FUS-12,Fusível Fotônico de Painel,need-to-have,0,0,0,,0
692,2025-11-22,BMB-31,Bomba Auxiliar de Refrigeração,must-have,0,0,0,,0
692,2025-11-22,FUS-12,Fusível Fotônico de Painel,need-to-have,0,0,0,,0
693,2025-11-23,BMB-31,Bomba Auxiliar de Refrigeração,must-have,0,0,0,,0
693,2025-11-23,FUS-12,Fusível Fotônico de Painel,need-to-have,0,65,58,FUS-12-PO060,0
694,2025-11-24,BMB-31,Bomba Auxiliar de Refrigeração,must-have,0,0,0,,0
694,2025-11-24,FUS-12,Fusível Fotônico de Painel,need-to-have,58,0,55,,0
695,2025-11-25,BMB-31,Bomba Auxiliar de Refrigeração,must-have,0,0,0,,0
695,2025-11-25,FUS-12,Fusível Fotônico de Painel,need-to-have,55,0,51,,0
696,2025-11-26,BMB-31,Bomba Auxiliar de Refrigeração,must-have,0,0,0,,0
696,2025-11-26,FUS-12,Fusível Fotônico de Painel,need-to-have,51,0,44,,0
697,2025-11-27,BMB-31,Bomba Auxiliar de Refrigeração,must-have,0,0,0,,0
697,2025-11-27,FUS-12,Fusível Fotônico de Painel,need-to-have,44,0,34,,0
698,2025-11-28,BMB-31,Bomba Auxiliar de Refrigeração,must-have,0,0,0,,0
698,2025-11-28,FUS-12,Fusível Fotônico de Painel,need-to-have,34,0,27,,70
699,2025-11-29,BMB-31,Bomba Auxiliar de Refrigeração,must-have,0,0,0,,0
699,2025-11-29,FUS-12,Fusível Fotônico de Painel,need-to-have,27,0,21,,0
700,2025-11-30,BMB-31,Bomba Auxiliar de Refrigeração,must-have,0,0,0,,0
700,2025-11-30,FUS-12,Fusível Fotônico de Painel,need-to-have,21,0,12,,0
