day,date,sku,item_name,criticality,opening_stock,receipts_qty,closing_stock,po_ids_received,order_placed_qty
1,2024-01-01,NAV-18,Módulo de Navegação Inercial,must-have,47,0,44,,0
1,2024-01-01,RVT-09,Rebite Estrutural de Convés,need-to-have,65,0,56,,0
2,2024-01-02,NAV-18,Módulo de Navegação Inercial,must-have,44,0,40,,0
2,2024-01-02,RVT-09,Rebite Estrutural de Convés,need-to-have,56,0,49,,92
3,2024-01-03,NAV-18,Módulo de Navegação Inercial,must-have,40,0,37,,0
3,2024-01-03,RVT-09,Rebite Estrutural de Convés,need-to-have,49,0,41,,0
4,2024-01-04,NAV-18,Módulo de Navegação Inercial,must-have,37,0,33,,53
4,2024-01-04,RVT-09,Rebite Estrutural de Convés,need-to-have,41,0,32,,0
5,2024-01-05,NAV-18,Módulo de Navegação Inercial,must-have,33,0,29,,0
5,2024-01-05,RVT-09,Rebite Estrutural de Convés,need-to-have,32,0,27,,0
6,2024-01-06,NAV-18,Módulo de Navegação Inercial,must-have,29,0,28,,0
6,2024-01-06,RVT-09,Rebite Estrutural de Convés,need-to-have,27,0,19,,0
7,2024-01-07,NAV-18,Módulo de Navegação Inercial,must-have,28,0,23,,0
7,2024-01-07,RVT-09,Rebite Estrutural de Convés,need-to-have,19,0,12,,0
8,2024-01-08,NAV-18,Módulo de Navegação Inercial,must-have,23,0,17,,0
8,2024-01-08,RVT-09,Rebite Estrutural de Convés,need-to-have,12,0,4,,0
9,2024-01-09,NAV-18,Módulo de Navegação Inercial,must-have,17,0,13,,0
9,2024-01-09,RVT-09,Rebite Estrutural de Convés,need-to-have,4,0,0,,0
10,2024-01-10,NAV-18,Módulo de Navegação Inercial,must-have,13,0,9,,0
10,2024-01-10,RVT-09,Rebite Estrutural de Convés,need-to-have,0,0,0,,0
11,2024-01-11,NAV-18,Módulo de Navegação Inercial,must-have,9,0,6,,0
11,2024-01-11,RVT-09,Rebite Estrutural de Convés,need-to-have,0,83,69,RVT-09-PO001,0
12,2024-01-12,NAV-18,Módulo de Navegação Inercial,must-have,6,0,0,,0
12,2024-01-12,RVT-09,Rebite Estrutural de Convés,need-to-have,69,0,66,,0
13,2024-01-13,NAV-18,Módulo de Navegação Inercial,must-have,0,0,0,,0
13,2024-01-13,RVT-09,Rebite Estrutural de Convés,need-to-have,66,0,53,,0
14,2024-01-14,NAV-18,Módulo de Navegação Inercial,must-have,0,0,0,,0
14,2024-01-14,RVT-09,Rebite Estrutural de Convés,need-to-have,53,0,47,,93
15,2024-01-15,NAV-18,Módulo de Navegação Inercial,must-have,0,42,37,NAV-18-PO001,0
15,2024-01-15,RVT-09,Rebite Estrutural de Convés,need-to-have,47,0,35,,0
16,2024-01-16,NAV-18,Módulo de Navegação Inercial,must-have,37,0,33,,57
16,2024-01-16,RVT-09,Rebite Estrutural de Convés,need-to-have,35,0,24,,0
17,2024-01-17,NAV-18,Módulo de Navegação Inercial,must-have,33,0,28,,0
17,2024-01-17,RVT-09,Rebite Estrutural de Convés,need-to-have,24,0,17,,0
18,2024-01-18,NAV-18,Módulo de Navegação Inercial,must-have,28,0,24,,0
18,2024-01-18,RVT-09,Rebite Estrutural de Convés,need-to-have,17,0,11,,0
19,2024-01-19,NAV-18,Módulo de Navegação Inercial,must-have,24,0,19,,0
19,2024-01-19,RVT-09,Rebite Estrutural de Convés,need-to-have,11,0,0,,0
20,2024-01-20,NAV-18,Módulo de Navegação Inercial,must-have,19,0,17,,0
20,2024-01-20,RVT-09,Rebite Estrutural de Convés,need-to-have,0,0,0,,0
21,2024-01-21,NAV-18,Módulo de Navegação Inercial,must-have,17,0,12,,0
21,2024-01-21,RVT-09,Rebite Estrutural de Convés,need-to-have,0,0,0,,0
22,2024-01-22,NAV-18,Módulo de Navegação Inercial,must-have,12,0,6,,0
22,2024-01-22,RVT-09,Rebite Estrutural de Convés,need-to-have,0,0,0,,0
23,2024-01-23,NAV-18,Módulo de Navegação Inercial,must-have,6,0,3,,0
23,2024-01-23,RVT-09,Rebite Estrutural de Convés,need-to-have,0,0,0,,0
24,2024-01-24,NAV-18,Módulo de Navegação Inercial,must-have,3,0,0,,0
24,2024-01-24,RVT-09,Rebite Estrutural de Convés,need-to-have,0,0,0,,0
25,2024-01-25,NAV-18,Módulo de Navegação Inercial,must-have,0,0,0,,0
25,2024-01-25,RVT-09,Rebite Estrutural de Convés,need-to-have,0,93,87,RVT-09-PO002,0
26,2024-01-26,NAV-18,Módulo de Navegação Inercial,must-have,0,0,0,,0
26,2024-01-26,RVT-09,Rebite Estrutural de Convés,need-to-have,87,0,79,,0
27,2024-01-27,NAV-18,Módulo de Navegação Inercial,must-have,0,0,0,,0
27,2024-01-27,RVT-09,Rebite Estrutural de Convés,need-to-have,79,0,69,,0
28,2024-01-28,NAV-18,Módulo de Navegação Inercial,must-have,0,0,0,,0
28,2024-01-28,RVT-09,Rebite Estrutural de Convés,need-to-have,69,0,58,,0
29,2024-01-29,NAV-18,Módulo de Navegação Inercial,must-have,0,0,0,,0
29,2024-01-29,RVT-09,Rebite Estrutural de Convés,need-to-have,58,0,53,,0
30,2024-01-30,NAV-18,Módulo de Navegação Inercial,must-have,0,57,54,NAV-18-PO002,0
30,2024-01-30,RVT-09,Rebite Estrutural de Convés,need-to-have,53,0,46,,92
31,2024-01-31,NAV-18,Módulo de Navegação Inercial,must-have,54,0,49,,0
31,2024-01-31,RVT-09,Rebite Estrutural de Convés,need-to-have,46,0,35,,0
32,2024-02-01,NAV-18,Módulo de Navegação Inercial,must-have,49,0,46,,0
32,2024-02-01,RVT-09,Rebite Estrutural de Convés,need-to-have,35,0,26,,0
33,2024-02-02,NAV-18,Módulo de Navegação Inercial,must-have,46,0,41,,0
33,2024-02-02,RVT-09,Rebite Estrutural de Convés,need-to-have,26,0,17,,0
34,2024-02-03,NAV-18,Módulo de Navegação Inercial,must-have,41,0,36,,55
34,2024-02-03,RVT-09,Rebite Estrutural de Convés,need-to-have,17,0,9,,0
35,2024-02-04,NAV-18,Módulo de Navegação Inercial,must-have,36,0,33,,0
35,2024-02-04,RVT-09,Rebite Estrutural de Convés,need-to-have,9,0,0,,0
36,2024-02-05,NAV-18,Módulo de Navegação Inercial,must-have,33,0,31,,0
36,2024-02-05,RVT-09,Rebite Estrutural de Convés,need-to-have,0,0,0,,0
37,2024-02-06,NAV-18,Módulo de Navegação Inercial,must-have,31,0,29,,0
37,2024-02-06,RVT-09,Rebite Estrutural de Convés,need-to-have,0,0,0,,0
38,2024-02-07,NAV-18,Módulo de Navegação Inercial,must-have,29,0,24,,0
38,2024-02-07,RVT-09,Rebite Estrutural de Convés,need-to-have,0,0,0,,0
39,2024-02-08,NAV-18,Módulo de Navegação Inercial,must-have,24,0,20,,0
39,2024-02-08,RVT-09,Rebite Estrutural de Convés,need-to-have,0,92,89,RVT-09-PO003,0
40,2024-02-09,NAV-18,Módulo de Navegação Inercial,must-have,20,0,15,,0
40,2024-02-09,RVT-09,Rebite Estrutural de Convés,need-to-have,89,0,80,,0
41,2024-02-10,NAV-18,Módulo de Navegação Inercial,must-have,15,0,11,,0
41,2024-02-10,RVT-09,Rebite Estrutural de Convés,need-to-have,80,0,69,,0
42,2024-02-11,NAV-18,Módulo de Navegação Inercial,must-have,11,0,6,,0
42,2024-02-11,RVT-09,Rebite Estrutural de Convés,need-to-have,69,0,51,,0
43,2024-02-12,NAV-18,Módulo de Navegação Inercial,must-have,6,0,3,,0
43,2024-02-12,RVT-09,Rebite Estrutural de Convés,need-to-have,51,0,47,,86
44,2024-02-13,NAV-18,Módulo de Navegação Inercial,must-have,3,0,0,,0
44,2024-02-13,RVT-09,Rebite Estrutural de Convés,need-to-have,47,0,45,,0
45,2024-02-14,NAV-18,Módulo de Navegação Inercial,must-have,0,0,0,,0
45,2024-02-14,RVT-09,Rebite Estrutural de Convés,need-to-have,45,0,36,,0
46,2024-02-15,NAV-18,Módulo de Navegação Inercial,must-have,0,0,0,,0
46,2024-02-15,RVT-09,Rebite Estrutural de Convés,need-to-have,36,0,24,,0
47,2024-02-16,NAV-18,Módulo de Navegação Inercial,must-have,0,0,0,,0
47,2024-02-16,RVT-09,Rebite Estrutural de Convés,need-to-have,24,0,11,,0
48,2024-02-17,NAV-18,Módulo de Navegação Inercial,must-have,0,0,0,,0
48,2024-02-17,RVT-09,Rebite Estrutural de Convés,need-to-have,11,0,0,,0
49,2024-02-18,NAV-18,Módulo de Navegação Inercial,must-have,0,55,50,NAV-18-PO003,0
49,2024-02-18,RVT-09,Rebite Estrutural de Convés,need-to-have,0,86,82,RVT-09-PO004,0
50,2024-02-19,NAV-18,Módulo de Navegação Inercial,must-have,50,0,46,,0
50,2024-02-19,RVT-09,Rebite Estrutural de Convés,need-to-have,82,0,76,,0
51,2024-02-20,NAV-18,Módulo de Navegação Inercial,must-have,46,0,41,,0
51,2024-02-20,RVT-09,Rebite Estrutural de Convés,need-to-have,76,0,69,,0
52,2024-02-21,NAV-18,Módulo de Navegação Inercial,must-have,41,0,36,,49
52,2024-02-21,RVT-09,Rebite Estrutural de Convés,need-to-have,69,0,62,,0
53,2024-02-22,NAV-18,Módulo de Navegação Inercial,must-have,36,0,31,,0
53,2024-02-22,RVT-09,Rebite Estrutural de Convés,need-to-have,62,0,53,,0
54,2024-02-23,NAV-18,Módulo de Navegação Inercial,must-have,31,0,24,,0
54,2024-02-23,RVT-09,Rebite Estrutural de Convés,need-to-have,53,0,45,,83
55,2024-02-24,NAV-18,Módulo de Navegação Inercial,must-have,24,0,19,,0
55,2024-02-24,RVT-09,Rebite Estrutural de Convés,need-to-have,45,0,35,,0
56,2024-02-25,NAV-18,Módulo de Navegação Inercial,must-have,19,0,14,,0
56,2024-02-25,RVT-09,Rebite Estrutural de Convés,need-to-have,35,0,19,,0
57,2024-02-26,NAV-18,Módulo de Navegação Inercial,must-have,14,0,10,,0
57,2024-02-26,RVT-09,Rebite Estrutural de Convés,need-to-have,19,0,10,,0
58,2024-02-27,NAV-18,Módulo de Navegação Inercial,must-have,10,49,53,NAV-18-PO004,0
58,2024-02-27,RVT-09,Rebite Estrutural de Convés,need-to-have,10,0,2,,0
59,2024-02-28,NAV-18,Módulo de Navegação Inercial,must-have,53,0,48,,0
59,2024-02-28,RVT-09,Rebite Estrutural de Convés,need-to-have,2,0,0,,0
60,2024-02-29,NAV-18,Módulo de Navegação Inercial,must-have,48,0,43,,0
60,2024-02-29,RVT-09,Rebite Estrutural de Convés,need-to-have,0,0,0,,0
61,2024-03-01,NAV-18,Módulo de Navegação Inercial,must-have,43,0,37,,0
61,2024-03-01,RVT-09,Rebite Estrutural de Convés,need-to-have,0,0,0,,0
62,2024-03-02,NAV-18,Módulo de Navegação Inercial,must-have,37,0,33,,48
62,2024-03-02,RVT-09,Rebite Estrutural de Convés,need-to-have,0,0,0,,0
63,2024-03-03,NAV-18,Módulo de Navegação Inercial,must-have,33,0,30,,0
63,2024-03-03,RVT-09,Rebite Estrutural de Convés,need-to-have,0,0,0,,0
64,2024-03-04,NAV-18,Módulo de Navegação Inercial,must-have,30,0,25,,0
64,2024-03-04,RVT-09,Rebite Estrutural de Convés,need-to-have,0,0,0,,0
65,2024-03-05,NAV-18,Módulo de Navegação Inercial,must-have,25,0,21,,0
65,2024-03-05,RVT-09,Rebite Estrutural de Convés,need-to-have,0,0,0,,0
66,2024-03-06,NAV-18,Módulo de Navegação Inercial,must-have,21,0,16,,0
66,2024-03-06,RVT-09,Rebite Estrutural de Convés,need-to-have,0,83,74,RVT-09-PO005,0
67,2024-03-07,NAV-18,Módulo de Navegação Inercial,must-have,16,0,12,,0
67,2024-03-07,RVT-09,Rebite Estrutural de Convés,need-to-have,74,0,62,,0
68,2024-03-08,NAV-18,Módulo de Navegação Inercial,must-have,12,0,6,,0
68,2024-03-08,RVT-09,Rebite Estrutural de Convés,need-to-have,62,0,56,,0
69,2024-03-09,NAV-18,Módulo de Navegação Inercial,must-have,6,0,1,,0
69,2024-03-09,RVT-09,Rebite Estrutural de Convés,need-to-have,56,0,49,,77
70,2024-03-10,NAV-18,Módulo de Navegação Inercial,must-have,1,0,0,,0
70,2024-03-10,RVT-09,Rebite Estrutural de Convés,need-to-have,49,0,44,,0
71,2024-03-11,NAV-18,Módulo de Navegação Inercial,must-have,0,0,0,,0
71,2024-03-11,RVT-09,Rebite Estrutural de Convés,need-to-have,44,0,35,,0
72,2024-03-12,NAV-18,Módulo de Navegação Inercial,must-have,0,0,0,,0
72,2024-03-12,RVT-09,Rebite Estrutural de Convés,need-to-have,35,0,31,,0
73,2024-03-13,NAV-18,Módulo de Navegação Inercial,must-have,0,0,0,,0
73,2024-03-13,RVT-09,Rebite Estrutural de Convés,need-to-have,31,0,22,,0
74,2024-03-14,NAV-18,Módulo de Navegação Inercial,must-have,0,0,0,,0
74,2024-03-14,RVT-09,Rebite Estrutural de Convés,need-to-have,22,77,92,RVT-09-PO006,0
75,2024-03-15,NAV-18,Módulo de Navegação Inercial,must-have,0,0,0,,0
75,2024-03-15,RVT-09,Rebite Estrutural de Convés,need-to-have,92,0,83,,0
76,2024-03-16,NAV-18,Módulo de Navegação Inercial,must-have,0,41,35,NAV-18-PO005,52
76,2024-03-16,RVT-09,Rebite Estrutural de Convés,need-to-have,83,0,76,,0
77,2024-03-17,NAV-18,Módulo de Navegação Inercial,must-have,35,0,31,,0
77,2024-03-17,RVT-09,Rebite Estrutural de Convés,need-to-have,76,0,67,,0
78,2024-03-18,NAV-18,Módulo de Navegação Inercial,must-have,31,0,27,,0
78,2024-03-18,RVT-09,Rebite Estrutural de Convés,need-to-have,67,0,54,,0
79,2024-03-19,NAV-18,Módulo de Navegação Inercial,must-have,27,0,22,,0
79,2024-03-19,RVT-09,Rebite Estrutural de Convés,need-to-have,54,0,45,,80
80,2024-03-20,NAV-18,Módulo de Navegação Inercial,must-have,22,0,17,,0
80,2024-03-20,RVT-09,Rebite Estrutural de Convés,need-to-have,45,0,39,,0
81,2024-03-21,NAV-18,Módulo de Navegação Inercial,must-have,17,0,13,,0
81,2024-03-21,RVT-09,Rebite Estrutural de Convés,need-to-have,39,0,33,,0
82,2024-03-22,NAV-18,Módulo de Navegação Inercial,must-have,13,0,7,,0
82,2024-03-22,RVT-09,Rebite Estrutural de Convés,need-to-have,33,0,26,,0
83,2024-03-23,NAV-18,Módulo de Navegação Inercial,must-have,7,0,0,,0
83,2024-03-23,RVT-09,Rebite Estrutural de Convés,need-to-have,26,0,22,,0
84,2024-03-24,NAV-18,Módulo de Navegação Inercial,must-have,0,0,0,,0
84,2024-03-24,RVT-09,Rebite Estrutural de Convés,need-to-have,22,0,13,,0
85,2024-03-25,NAV-18,Módulo de Navegação Inercial,must-have,0,0,0,,0
85,2024-03-25,RVT-09,Rebite Estrutural de Convés,need-to-have,13,0,1,,0
86,2024-03-26,NAV-18,Módulo de Navegação Inercial,must-have,0,0,0,,0
86,2024-03-26,RVT-09,Rebite Estrutural de Convés,need-to-have,1,0,0,,0
87,2024-03-27,NAV-18,Módulo de Navegação Inercial,must-have,0,0,0,,0
87,2024-03-27,RVT-09,Rebite Estrutural de Convés,need-to-have,0,0,0,,0
88,2024-03-28,NAV-18,Módulo de Navegação Inercial,must-have,0,0,0,,0
88,2024-03-28,RVT-09,Rebite Estrutural de Convés,need-to-have,0,0,0,,0
89,2024-03-29,NAV-18,Módulo de Navegação Inercial,must-have,0,0,0,,0
89,2024-03-29,RVT-09,Rebite Estrutural de Convés,need-to-have,0,0,0,,0
90,2024-03-30,NAV-18,Módulo de Navegação Inercial,must-have,0,0,0,,0
90,2024-03-30,RVT-09,Rebite Estrutural de Convés,need-to-have,0,80,69,RVT-09-PO007,0
91,2024-03-31,NAV-18,Módulo de Navegação Inercial,must-have,0,0,0,,0
91,2024-03-31,RVT-09,Rebite Estrutural de Convés,need-to-have,69,0,61,,0
92,2024-04-01,NAV-18,Módulo de Navegação Inercial,must-have,0,52,48,NAV-18-PO006,0
92,2024-04-01,RVT-09,Rebite Estrutural de Convés,need-to-have,61,0,49,,94
93,2024-04-02,NAV-18,Módulo de Navegação Inercial,must-have,48,0,44,,0
93,2024-04-02,RVT-09,Rebite Estrutural de Convés,need-to-have,49,0,40,,0
94,2024-04-03,NAV-18,Módulo de Navegação Inercial,must-have,44,0,39,,0
94,2024-04-03,RVT-09,Rebite Estrutural de Convés,need-to-have,40,0,33,,0
95,2024-04-04,NAV-18,Módulo de Navegação Inercial,must-have,39,0,36,,57
95,2024-04-04,RVT-09,Rebite Estrutural de Convés,need-to-have,33,0,30,,0
96,2024-04-05,NAV-18,Módulo de Navegação Inercial,must-have,36,0,32,,0
96,2024-04-05,RVT-09,Rebite Estrutural de Convés,need-to-have,30,0,19,,0
97,2024-04-06,NAV-18,Módulo de Navegação Inercial,must-have,32,0,27,,0
97,2024-04-06,RVT-09,Rebite Estrutural de Convés,need-to-have,19,0,6,,0
98,2024-04-07,NAV-18,Módulo de Navegação Inercial,must-have,27,0,22,,0
98,2024-04-07,RVT-09,Rebite Estrutural de Convés,need-to-have,6,94,88,RVT-09-PO008,0
99,2024-04-08,NAV-18,Módulo de Navegação Inercial,must-have,22,0,18,,0
99,2024-04-08,RVT-09,Rebite Estrutural de Convés,need-to-have,88,0,80,,0
100,2024-04-09,NAV-18,Módulo de Navegação Inercial,must-have,18,0,13,,0
100,2024-04-09,RVT-09,Rebite Estrutural de Convés,need-to-have,80,0,67,,0
101,2024-04-10,NAV-18,Módulo de Navegação Inercial,must-have,13,0,12,,0
101,2024-04-10,RVT-09,Rebite Estrutural de Convés,need-to-have,67,0,62,,0
102,2024-04-11,NAV-18,Módulo de Navegação Inercial,must-have,12,0,10,,0
102,2024-04-11,RVT-09,Rebite Estrutural de Convés,need-to-have,62,0,54,,0
103,2024-04-12,NAV-18,Módulo de Navegação Inercial,must-have,10,0,6,,0
103,2024-04-12,RVT-09,Rebite Estrutural de Convés,need-to-have,54,0,43,,83
104,2024-04-13,NAV-18,Módulo de Navegação Inercial,must-have,6,0,0,,0
104,2024-04-13,RVT-09,Rebite Estrutural de Convés,need-to-have,43,0,37,,0
105,2024-04-14,NAV-18,Módulo de Navegação Inercial,must-have,0,0,0,,0
105,2024-04-14,RVT-09,Rebite Estrutural de Convés,need-to-have,37,0,23,,0
106,2024-04-15,NAV-18,Módulo de Navegação Inercial,must-have,0,0,0,,0
106,2024-04-15,RVT-09,Rebite Estrutural de Convés,need-to-have,23,0,18,,0
107,2024-04-16,NAV-18,Módulo de Navegação Inercial,must-have,0,0,0,,0
107,2024-04-16,RVT-09,Rebite Estrutural de Convés,need-to-have,18,0,9,,0
108,2024-04-17,NAV-18,Módulo de Navegação Inercial,must-have,0,46,42,NAV-18-PO007,0
108,2024-04-17,RVT-09,Rebite Estrutural de Convés,need-to-have,9,0,2,,0
109,2024-04-18,NAV-18,Módulo de Navegação Inercial,must-have,42,0,38,,0
109,2024-04-18,RVT-09,Rebite Estrutural de Convés,need-to-have,2,0,0,,0
110,2024-04-19,NAV-18,Módulo de Navegação Inercial,must-have,38,0,33,,48
110,2024-04-19,RVT-09,Rebite Estrutural de Convés,need-to-have,0,0,0,,0
111,2024-04-20,NAV-18,Módulo de Navegação Inercial,must-have,33,0,30,,0
111,2024-04-20,RVT-09,Rebite Estrutural de Convés,need-to-have,0,0,0,,0
112,2024-04-21,NAV-18,Módulo de Navegação Inercial,must-have,30,0,25,,0
112,2024-04-21,RVT-09,Rebite Estrutural de Convés,need-to-have,0,83,71,RVT-09-PO009,0
113,2024-04-22,NAV-18,Módulo de Navegação Inercial,must-have,25,0,21,,0
113,2024-04-22,RVT-09,Rebite Estrutural de Convés,need-to-have,71,0,60,,0
114,2024-04-23,NAV-18,Módulo de Navegação Inercial,must-have,21,0,17,,0
114,2024-04-23,RVT-09,Rebite Estrutural de Convés,need-to-have,60,0,48,,84
115,2024-04-24,NAV-18,Módulo de Navegação Inercial,must-have,17,0,12,,0
115,2024-04-24,RVT-09,Rebite Estrutural de Convés,need-to-have,48,0,36,,0
116,2024-04-25,NAV-18,Módulo de Navegação Inercial,must-have,12,0,8,,0
116,2024-04-25,RVT-09,Rebite Estrutural de Convés,need-to-have,36,0,27,,0
117,2024-04-26,NAV-18,Módulo de Navegação Inercial,must-have,8,0,4,,0
117,2024-04-26,RVT-09,Rebite Estrutural de Convés,need-to-have,27,0,17,,0
118,2024-04-27,NAV-18,Módulo de Navegação Inercial,must-have,4,0,0,,0
118,2024-04-27,RVT-09,Rebite Estrutural de Convés,need-to-have,17,0,5,,0
119,2024-04-28,NAV-18,Módulo de Navegação Inercial,must-have,0,0,0,,0
119,2024-04-28,RVT-09,Rebite Estrutural de Convés,need-to-have,5,0,0,,0
120,2024-04-29,NAV-18,Módulo de Navegação Inercial,must-have,0,0,0,,0
120,2024-04-29,RVT-09,Rebite Estrutural de Convés,need-to-have,0,0,0,,0
121,2024-04-30,NAV-18,Módulo de Navegação Inercial,must-have,0,0,0,,0
121,2024-04-30,RVT-09,Rebite Estrutural de Convés,need-to-have,0,0,0,,0
122,2024-05-01,NAV-18,Módulo de Navegação Inercial,must-have,0,0,0,,0
122,2024-05-01,RVT-09,Rebite Estrutural de Convés,need-to-have,0,0,0,,0
123,2024-05-02,NAV-18,Módulo de Navegação Inercial,must-have,0,0,0,,0
123,2024-05-02,RVT-09,Rebite Estrutural de Convés,need-to-have,0,0,0,,0
124,2024-05-03,NAV-18,Módulo de Navegação Inercial,must-have,0,0,0,,0
124,2024-05-03,RVT-09,Rebite Estrutural de Convés,need-to-have,0,0,0,,0
125,2024-05-04,NAV-18,Módulo de Navegação Inercial,must-have,0,0,0,,0
125,2024-05-04,RVT-09,Rebite Estrutural de Convés,need-to-have,0,84,69,RVT-09-PO010,0
126,2024-05-05,NAV-18,Módulo de Navegação Inercial,must-have,0,0,0,,0
126,2024-05-05,RVT-09,Rebite Estrutural de Convés,need-to-have,69,0,62,,0
127,2024-05-06,NAV-18,Módulo de Navegação Inercial,must-have,0,0,0,,0
127,2024-05-06,RVT-09,Rebite Estrutural de Convés,need-to-have,62,0,56,,0
128,2024-05-07,NAV-18,Módulo de Navegação Inercial,must-have,0,43,39,NAV-18-PO008,0
128,2024-05-07,RVT-09,Rebite Estrutural de Convés,need-to-have,56,0,45,,84
129,2024-05-08,NAV-18,Módulo de Navegação Inercial,must-have,39,0,34,,53
129,2024-05-08,RVT-09,Rebite Estrutural de Convés,need-to-have,45,0,36,,0
130,2024-05-09,NAV-18,Módulo de Navegação Inercial,must-have,34,0,29,,0
130,2024-05-09,RVT-09,Rebite Estrutural de Convés,need-to-have,36,0,29,,0
131,2024-05-10,NAV-18,Módulo de Navegação Inercial,must-have,29,0,25,,0
131,2024-05-10,RVT-09,Rebite Estrutural de Convés,need-to-have,29,0,18,,0
132,2024-05-11,NAV-18,Módulo de Navegação Inercial,must-have,25,0,20,,0
132,2024-05-11,RVT-09,Rebite Estrutural de Convés,need-to-have,18,0,17,,0
133,2024-05-12,NAV-18,Módulo de Navegação Inercial,must-have,20,0,15,,0
133,2024-05-12,RVT-09,Rebite Estrutural de Convés,need-to-have,17,0,7,,0
134,2024-05-13,NAV-18,Módulo de Navegação Inercial,must-have,15,0,8,,0
134,2024-05-13,RVT-09,Rebite Estrutural de Convés,need-to-have,7,0,0,,0
135,2024-05-14,NAV-18,Módulo de Navegação Inercial,must-have,8,0,3,,0
135,2024-05-14,RVT-09,Rebite Estrutural de Convés,need-to-have,0,0,0,,0
136,2024-05-15,NAV-18,Módulo de Navegação Inercial,must-have,3,0,1,,0
136,2024-05-15,RVT-09,Rebite Estrutural de Convés,need-to-have,0,0,0,,0
137,2024-05-16,NAV-18,Módulo de Navegação Inercial,must-have,1,0,0,,0
137,2024-05-16,RVT-09,Rebite Estrutural de Convés,need-to-have,0,0,0,,0
138,2024-05-17,NAV-18,Módulo de Navegação Inercial,must-have,0,0,0,,0
138,2024-05-17,RVT-09,Rebite Estrutural de Convés,need-to-have,0,0,0,,0
139,2024-05-18,NAV-18,Módulo de Navegação Inercial,must-have,0,0,0,,0
139,2024-05-18,RVT-09,Rebite Estrutural de Convés,need-to-have,0,84,75,RVT-09-PO011,0
140,2024-05-19,NAV-18,Módulo de Navegação Inercial,must-have,0,53,48,NAV-18-PO009,0
140,2024-05-19,RVT-09,Rebite Estrutural de Convés,need-to-have,75,0,67,,0
141,2024-05-20,NAV-18,Módulo de Navegação Inercial,must-have,48,0,43,,0
141,2024-05-20,RVT-09,Rebite Estrutural de Convés,need-to-have,67,0,57,,0
142,2024-05-21,NAV-18,Módulo de Navegação Inercial,must-have,43,0,39,,0
142,2024-05-21,RVT-09,Rebite Estrutural de Convés,need-to-have,57,0,48,,88
143,2024-05-22,NAV-18,Módulo de Navegação Inercial,must-have,39,0,36,,54
143,2024-05-22,RVT-09,Rebite Estrutural de Convés,need-to-have,48,0,38,,0
144,2024-05-23,NAV-18,Módulo de Navegação Inercial,must-have,36,0,30,,0
144,2024-05-23,RVT-09,Rebite Estrutural de Convés,need-to-have,38,0,34,,0
145,2024-05-24,NAV-18,Módulo de Navegação Inercial,must-have,30,0,28,,0
145,2024-05-24,RVT-09,Rebite Estrutural de Convés,need-to-have,34,0,26,,0
146,2024-05-25,NAV-18,Módulo de Navegação Inercial,must-have,28,0,23,,0
146,2024-05-25,RVT-09,Rebite Estrutural de Convés,need-to-have,26,0,17,,0
147,2024-05-26,NAV-18,Módulo de Navegação Inercial,must-have,23,0,18,,0
147,2024-05-26,RVT-09,Rebite Estrutural de Convés,need-to-have,17,0,7,,0
148,2024-05-27,NAV-18,Módulo de Navegação Inercial,must-have,18,0,12,,0
148,2024-05-27,RVT-09,Rebite Estrutural de Convés,need-to-have,7,0,0,,0
149,2024-05-28,NAV-18,Módulo de Navegação Inercial,must-have,12,0,7,,0
149,2024-05-28,RVT-09,Rebite Estrutural de Convés,need-to-have,0,0,0,,0
150,2024-05-29,NAV-18,Módulo de Navegação Inercial,must-have,7,0,5,,0
150,2024-05-29,RVT-09,Rebite Estrutural de Convés,need-to-have,0,0,0,,0
151,2024-05-30,NAV-18,Módulo de Navegação Inercial,must-have,5,0,1,,0
151,2024-05-30,RVT-09,Rebite Estrutural de Convés,need-to-have,0,0,0,,0
152,2024-05-31,NAV-18,Módulo de Navegação Inercial,must-have,1,0,0,,0
152,2024-05-31,RVT-09,Rebite Estrutural de Convés,need-to-have,0,0,0,,0
153,2024-06-01,NAV-18,Módulo de Navegação Inercial,must-have,0,0,0,,0
153,2024-06-01,RVT-09,Rebite Estrutural de Convés,need-to-have,0,79,68,RVT-09-PO012,0
154,2024-06-02,NAV-18,Módulo de Navegação Inercial,must-have,0,49,44,NAV-18-PO010,0
154,2024-06-02,RVT-09,Rebite Estrutural de Convés,need-to-have,68,0,58,,0
155,2024-06-03,NAV-18,Módulo de Navegação Inercial,must-have,44,0,38,,0
155,2024-06-03,RVT-09,Rebite Estrutural de Convés,need-to-have,58,0,43,,89
156,2024-06-04,NAV-18,Módulo de Navegação Inercial,must-have,38,0,33,,54
156,2024-06-04,RVT-09,Rebite Estrutural de Convés,need-to-have,43,0,36,,0
157,2024-06-05,NAV-18,Módulo de Navegação Inercial,must-have,33,0,30,,0
157,2024-06-05,RVT-09,Rebite Estrutural de Convés,need-to-have,36,0,25,,0
158,2024-06-06,NAV-18,Módulo de Navegação Inercial,must-have,30,0,27,,0
158,2024-06-06,RVT-09,Rebite Estrutural de Convés,need-to-have,25,0,13,,0
159,2024-06-07,NAV-18,Módulo de Navegação Inercial,must-have,27,0,23,,0
159,2024-06-07,RVT-09,Rebite Estrutural de Convés,need-to-have,13,0,3,,0
160,2024-06-08,NAV-18,Módulo de Navegação Inercial,must-have,23,0,22,,0
160,2024-06-08,RVT-09,Rebite Estrutural de Convés,need-to-have,3,0,0,,0
161,2024-06-09,NAV-18,Módulo de Navegação Inercial,must-have,22,0,17,,0
161,2024-06-09,RVT-09,Rebite Estrutural de Convés,need-to-have,0,0,0,,0
162,2024-06-10,NAV-18,Módulo de Navegação Inercial,must-have,17,54,67,NAV-18-PO011,0
162,2024-06-10,RVT-09,Rebite Estrutural de Convés,need-to-have,0,0,0,,0
163,2024-06-11,NAV-18,Módulo de Navegação Inercial,must-have,67,0,63,,0
163,2024-06-11,RVT-09,Rebite Estrutural de Convés,need-to-have,0,85,78,RVT-09-PO013,0
164,2024-06-12,NAV-18,Módulo de Navegação Inercial,must-have,63,0,59,,0
164,2024-06-12,RVT-09,Rebite Estrutural de Convés,need-to-have,78,0,66,,0
165,2024-06-13,NAV-18,Módulo de Navegação Inercial,must-have,59,0,54,,0
165,2024-06-13,RVT-09,Rebite Estrutural de Convés,need-to-have,66,0,54,,0
166,2024-06-14,NAV-18,Módulo de Navegação Inercial,must-have,54,0,51,,0
166,2024-06-14,RVT-09,Rebite Estrutural de Convés,need-to-have,54,0,40,,79
167,2024-06-15,NAV-18,Módulo de Navegação Inercial,must-have,51,0,48,,0
167,2024-06-15,RVT-09,Rebite Estrutural de Convés,need-to-have,40,0,33,,0
168,2024-06-16,NAV-18,Módulo de Navegação Inercial,must-have,48,0,47,,0
168,2024-06-16,RVT-09,Rebite Estrutural de Convés,need-to-have,33,0,24,,0
169,2024-06-17,NAV-18,Módulo de Navegação Inercial,must-have,47,0,42,,0
169,2024-06-17,RVT-09,Rebite Estrutural de Convés,need-to-have,24,0,18,,0
170,2024-06-18,NAV-18,Módulo de Navegação Inercial,must-have,42,0,38,,0
170,2024-06-18,RVT-09,Rebite Estrutural de Convés,need-to-have,18,79,80,RVT-09-PO014,0
171,2024-06-19,NAV-18,Módulo de Navegação Inercial,must-have,38,0,34,,54
171,2024-06-19,RVT-09,Rebite Estrutural de Convés,need-to-have,80,0,71,,0
172,2024-06-20,NAV-18,Módulo de Navegação Inercial,must-have,34,0,29,,0
172,2024-06-20,RVT-09,Rebite Estrutural de Convés,need-to-have,71,0,61,,0
173,2024-06-21,NAV-18,Módulo de Navegação Inercial,must-have,29,0,23,,0
173,2024-06-21,RVT-09,Rebite Estrutural de Convés,need-to-have,61,0,49,,77
174,2024-06-22,NAV-18,Módulo de Navegação Inercial,must-have,23,0,18,,0
174,2024-06-22,RVT-09,Rebite Estrutural de Convés,need-to-have,49,0,35,,0
175,2024-06-23,NAV-18,Módulo de Navegação Inercial,must-have,18,0,13,,0
175,2024-06-23,RVT-09,Rebite Estrutural de Convés,need-to-have,35,0,25,,0
176,2024-06-24,NAV-18,Módulo de Navegação Inercial,must-have,13,0,10,,0
176,2024-06-24,RVT-09,Rebite Estrutural de Convés,need-to-have,25,0,12,,0
177,2024-06-25,NAV-18,Módulo de Navegação Inercial,must-have,10,0,5,,0
177,2024-06-25,RVT-09,Rebite Estrutural de Convés,need-to-have,12,0,2,,0
178,2024-06-26,NAV-18,Módulo de Navegação Inercial,must-have,5,0,0,,0
178,2024-06-26,RVT-09,Rebite Estrutural de Convés,need-to-have,2,0,0,,0
179,2024-06-27,NAV-18,Módulo de Navegação Inercial,must-have,0,0,0,,0
179,2024-06-27,RVT-09,Rebite Estrutural de Convés,need-to-have,0,0,0,,0
180,2024-06-28,NAV-18,Módulo de Navegação Inercial,must-have,0,0,0,,0
180,2024-06-28,RVT-09,Rebite Estrutural de Convés,need-to-have,0,0,0,,0
181,2024-06-29,NAV-18,Módulo de Navegação Inercial,must-have,0,0,0,,0
181,2024-06-29,RVT-09,Rebite Estrutural de Convés,need-to-have,0,0,0,,0
182,2024-06-30,NAV-18,Módulo de Navegação Inercial,must-have,0,0,0,,0
182,2024-06-30,RVT-09,Rebite Estrutural de Convés,need-to-have,0,0,0,,0
183,2024-07-01,NAV-18,Módulo de Navegação Inercial,must-have,0,0,0,,0
183,2024-07-01,RVT-09,Rebite Estrutural de Convés,need-to-have,0,77,74,RVT-09-PO015,0
184,2024-07-02,NAV-18,Módulo de Navegação Inercial,must-have,0,0,0,,0
184,2024-07-02,RVT-09,Rebite Estrutural de Convés,need-to-have,74,0,63,,0
185,2024-07-03,NAV-18,Módulo de Navegação Inercial,must-have,0,0,0,,0
185,2024-07-03,RVT-09,Rebite Estrutural de Convés,need-to-have,63,0,55,,0
186,2024-07-04,NAV-18,Módulo de Navegação Inercial,must-have,0,0,0,,0
186,2024-07-04,RVT-09,Rebite Estrutural de Convés,need-to-have,55,0,49,,77
187,2024-07-05,NAV-18,Módulo de Navegação Inercial,must-have,0,0,0,,0
187,2024-07-05,RVT-09,Rebite Estrutural de Convés,need-to-have,49,0,37,,0
188,2024-07-06,NAV-18,Módulo de Navegação Inercial,must-have,0,0,0,,0
188,2024-07-06,RVT-09,Rebite Estrutural de Convés,need-to-have,37,0,29,,0
189,2024-07-07,NAV-18,Módulo de Navegação Inercial,must-have,0,54,49,NAV-18-PO012,0
189,2024-07-07,RVT-09,Rebite Estrutural de Convés,need-to-have,29,0,18,,0
190,2024-07-08,NAV-18,Módulo de Navegação Inercial,must-have,49,0,46,,0
190,2024-07-08,RVT-09,Rebite Estrutural de Convés,need-to-have,18,0,13,,0
191,2024-07-09,NAV-18,Módulo de Navegação Inercial,must-have,46,0,40,,0
191,2024-07-09,RVT-09,Rebite Estrutural de Convés,need-to-have,13,0,5,,0
192,2024-07-10,NAV-18,Módulo de Navegação Inercial,must-have,40,0,33,,48
192,2024-07-10,RVT-09,Rebite Estrutural de Convés,need-to-have,5,0,0,,0
193,2024-07-11,NAV-18,Módulo de Navegação Inercial,must-have,33,0,29,,0
193,2024-07-11,RVT-09,Rebite Estrutural de Convés,need-to-have,0,0,0,,0
194,2024-07-12,NAV-18,Módulo de Navegação Inercial,must-have,29,0,27,,0
194,2024-07-12,RVT-09,Rebite Estrutural de Convés,need-to-have,0,0,0,,0
195,2024-07-13,NAV-18,Módulo de Navegação Inercial,must-have,27,0,25,,0
195,2024-07-13,RVT-09,Rebite Estrutural de Convés,need-to-have,0,0,0,,0
196,2024-07-14,NAV-18,Módulo de Navegação Inercial,must-have,25,0,19,,0
196,2024-07-14,RVT-09,Rebite Estrutural de Convés,need-to-have,0,0,0,,0
197,2024-07-15,NAV-18,Módulo de Navegação Inercial,must-have,19,0,13,,0
197,2024-07-15,RVT-09,Rebite Estrutural de Convés,need-to-have,0,0,0,,0
198,2024-07-16,NAV-18,Módulo de Navegação Inercial,must-have,13,0,8,,0
198,2024-07-16,RVT-09,Rebite Estrutural de Convés,need-to-have,0,77,69,RVT-09-PO016,0
199,2024-07-17,NAV-18,Módulo de Navegação Inercial,must-have,8,0,2,,0
199,2024-07-17,RVT-09,Rebite Estrutural de Convés,need-to-have,69,0,55,,0
200,2024-07-18,NAV-18,Módulo de Navegação Inercial,must-have,2,0,0,,0
200,2024-07-18,RVT-09,Rebite Estrutural de Convés,need-to-have,55,0,45,,93
201,2024-07-19,NAV-18,Módulo de Navegação Inercial,must-have,0,0,0,,0
201,2024-07-19,RVT-09,Rebite Estrutural de Convés,need-to-have,45,0,42,,0
202,2024-07-20,NAV-18,Módulo de Navegação Inercial,must-have,0,0,0,,0
202,2024-07-20,RVT-09,Rebite Estrutural de Convés,need-to-have,42,0,28,,0
203,2024-07-21,NAV-18,Módulo de Navegação Inercial,must-have,0,0,0,,0
203,2024-07-21,RVT-09,Rebite Estrutural de Convés,need-to-have,28,0,19,,0
204,2024-07-22,NAV-18,Módulo de Navegação Inercial,must-have,0,0,0,,0
204,2024-07-22,RVT-09,Rebite Estrutural de Convés,need-to-have,19,0,9,,0
205,2024-07-23,NAV-18,Módulo de Navegação Inercial,must-have,0,48,46,NAV-18-PO013,0
205,2024-07-23,RVT-09,Rebite Estrutural de Convés,need-to-have,9,93,90,RVT-09-PO017,0
206,2024-07-24,NAV-18,Módulo de Navegação Inercial,must-have,46,0,42,,0
206,2024-07-24,RVT-09,Rebite Estrutural de Convés,need-to-have,90,0,82,,0
207,2024-07-25,NAV-18,Módulo de Navegação Inercial,must-have,42,0,38,,0
207,2024-07-25,RVT-09,Rebite Estrutural de Convés,need-to-have,82,0,71,,0
208,2024-07-26,NAV-18,Módulo de Navegação Inercial,must-have,38,0,32,,58
208,2024-07-26,RVT-09,Rebite Estrutural de Convés,need-to-have,71,0,63,,0
209,2024-07-27,NAV-18,Módulo de Navegação Inercial,must-have,32,0,27,,0
209,2024-07-27,RVT-09,Rebite Estrutural de Convés,need-to-have,63,0,54,,0
210,2024-07-28,NAV-18,Módulo de Navegação Inercial,must-have,27,0,25,,0
210,2024-07-28,RVT-09,Rebite Estrutural de Convés,need-to-have,54,0,46,,87
211,2024-07-29,NAV-18,Módulo de Navegação Inercial,must-have,25,0,21,,0
211,2024-07-29,RVT-09,Rebite Estrutural de Convés,need-to-have,46,0,43,,0
212,2024-07-30,NAV-18,Módulo de Navegação Inercial,must-have,21,0,18,,0
212,2024-07-30,RVT-09,Rebite Estrutural de Convés,need-to-have,43,0,34,,0
213,2024-07-31,NAV-18,Módulo de Navegação Inercial,must-have,18,0,15,,0
213,2024-07-31,RVT-09,Rebite Estrutural de Convés,need-to-have,34,0,29,,0
214,2024-08-01,NAV-18,Módulo de Navegação Inercial,must-have,15,0,11,,0
214,2024-08-01,RVT-09,Rebite Estrutural de Convés,need-to-have,29,0,25,,0
215,2024-08-02,NAV-18,Módulo de Navegação Inercial,must-have,11,0,7,,0
215,2024-08-02,RVT-09,Rebite Estrutural de Convés,need-to-have,25,0,17,,0
216,2024-08-03,NAV-18,Módulo de Navegação Inercial,must-have,7,0,2,,0
216,2024-08-03,RVT-09,Rebite Estrutural de Convés,need-to-have,17,0,5,,0
217,2024-08-04,NAV-18,Módulo de Navegação Inercial,must-have,2,0,1,,0
217,2024-08-04,RVT-09,Rebite Estrutural de Convés,need-to-have,5,0,0,,0
218,2024-08-05,NAV-18,Módulo de Navegação Inercial,must-have,1,0,0,,0
218,2024-08-05,RVT-09,Rebite Estrutural de Convés,need-to-have,0,0,0,,0
219,2024-08-06,NAV-18,Módulo de Navegação Inercial,must-have,0,0,0,,0
219,2024-08-06,RVT-09,Rebite Estrutural de Convés,need-to-have,0,0,0,,0
220,2024-08-07,NAV-18,Módulo de Navegação Inercial,must-have,0,0,0,,0
220,2024-08-07,RVT-09,Rebite Estrutural de Convés,need-to-have,0,0,0,,0
221,2024-08-08,NAV-18,Módulo de Navegação Inercial,must-have,0,58,53,NAV-18-PO014,0
221,2024-08-08,RVT-09,Rebite Estrutural de Convés,need-to-have,0,87,78,RVT-09-PO018,0
222,2024-08-09,NAV-18,Módulo de Navegação Inercial,must-have,53,0,48,,0
222,2024-08-09,RVT-09,Rebite Estrutural de Convés,need-to-have,78,0,73,,0
223,2024-08-10,NAV-18,Módulo de Navegação Inercial,must-have,48,0,45,,0
223,2024-08-10,RVT-09,Rebite Estrutural de Convés,need-to-have,73,0,61,,0
224,2024-08-11,NAV-18,Módulo de Navegação Inercial,must-have,45,0,40,,0
224,2024-08-11,RVT-09,Rebite Estrutural de Convés,need-to-have,61,0,52,,0
225,2024-08-12,NAV-18,Módulo de Navegação Inercial,must-have,40,0,36,,48
225,2024-08-12,RVT-09,Rebite Estrutural de Convés,need-to-have,52,0,44,,93
226,2024-08-13,NAV-18,Módulo de Navegação Inercial,must-have,36,0,31,,0
226,2024-08-13,RVT-09,Rebite Estrutural de Convés,need-to-have,44,0,34,,0
227,2024-08-14,NAV-18,Módulo de Navegação Inercial,must-have,31,0,26,,0
227,2024-08-14,RVT-09,Rebite Estrutural de Convés,need-to-have,34,0,27,,0
228,2024-08-15,NAV-18,Módulo de Navegação Inercial,must-have,26,0,19,,0
228,2024-08-15,RVT-09,Rebite Estrutural de Convés,need-to-have,27,0,19,,0
229,2024-08-16,NAV-18,Módulo de Navegação Inercial,must-have,19,0,10,,0
229,2024-08-16,RVT-09,Rebite Estrutural de Convés,need-to-have,19,0,10,,0
230,2024-08-17,NAV-18,Módulo de Navegação Inercial,must-have,10,0,8,,0
230,2024-08-17,RVT-09,Rebite Estrutural de Convés,need-to-have,10,0,0,,0
231,2024-08-18,NAV-18,Módulo de Navegação Inercial,must-have,8,0,0,,0
231,2024-08-18,RVT-09,Rebite Estrutural de Convés,need-to-have,0,0,0,,0
232,2024-08-19,NAV-18,Módulo de Navegação Inercial,must-have,0,0,0,,0
232,2024-08-19,RVT-09,Rebite Estrutural de Convés,need-to-have,0,0,0,,0
233,2024-08-20,NAV-18,Módulo de Navegação Inercial,must-have,0,0,0,,0
233,2024-08-20,RVT-09,Rebite Estrutural de Convés,need-to-have,0,0,0,,0
234,2024-08-21,NAV-18,Módulo de Navegação Inercial,must-have,0,48,43,NAV-18-PO015,0
234,2024-08-21,RVT-09,Rebite Estrutural de Convés,need-to-have,0,0,0,,0
235,2024-08-22,NAV-18,Módulo de Navegação Inercial,must-have,43,0,40,,0
235,2024-08-22,RVT-09,Rebite Estrutural de Convés,need-to-have,0,93,85,RVT-09-PO019,0
236,2024-08-23,NAV-18,Módulo de Navegação Inercial,must-have,40,0,36,,53
236,2024-08-23,RVT-09,Rebite Estrutural de Convés,need-to-have,85,0,81,,0
237,2024-08-24,NAV-18,Módulo de Navegação Inercial,must-have,36,0,30,,0
237,2024-08-24,RVT-09,Rebite Estrutural de Convés,need-to-have,81,0,71,,0
238,2024-08-25,NAV-18,Módulo de Navegação Inercial,must-have,30,0,24,,0
238,2024-08-25,RVT-09,Rebite Estrutural de Convés,need-to-have,71,0,66,,0
239,2024-08-26,NAV-18,Módulo de Navegação Inercial,must-have,24,0,19,,0
239,2024-08-26,RVT-09,Rebite Estrutural de Convés,need-to-have,66,0,53,,0
240,2024-08-27,NAV-18,Módulo de Navegação Inercial,must-have,19,0,16,,0
240,2024-08-27,RVT-09,Rebite Estrutural de Convés,need-to-have,53,0,42,,83
241,2024-08-28,NAV-18,Módulo de Navegação Inercial,must-have,16,0,9,,0
241,2024-08-28,RVT-09,Rebite Estrutural de Convés,need-to-have,42,0,33,,0
242,2024-08-29,NAV-18,Módulo de Navegação Inercial,must-have,9,0,2,,0
242,2024-08-29,RVT-09,Rebite Estrutural de Convés,need-to-have,33,0,22,,0
243,2024-08-30,NAV-18,Módulo de Navegação Inercial,must-have,2,0,0,,0
243,2024-08-30,RVT-09,Rebite Estrutural de Convés,need-to-have,22,0,14,,0
244,2024-08-31,NAV-18,Módulo de Navegação Inercial,must-have,0,0,0,,0
244,2024-08-31,RVT-09,Rebite Estrutural de Convés,need-to-have,14,0,2,,0
245,2024-09-01,NAV-18,Módulo de Navegação Inercial,must-have,0,0,0,,0
245,2024-09-01,RVT-09,Rebite Estrutural de Convés,need-to-have,2,0,0,,0
246,2024-09-02,NAV-18,Módulo de Navegação Inercial,must-have,0,0,0,,0
246,2024-09-02,RVT-09,Rebite Estrutural de Convés,need-to-have,0,0,0,,0
247,2024-09-03,NAV-18,Módulo de Navegação Inercial,must-have,0,0,0,,0
247,2024-09-03,RVT-09,Rebite Estrutural de Convés,need-to-have,0,0,0,,0
248,2024-09-04,NAV-18,Módulo de Navegação Inercial,must-have,0,53,49,NAV-18-PO016,0
248,2024-09-04,RVT-09,Rebite Estrutural de Convés,need-to-have,0,83,75,RVT-09-PO020,0
249,2024-09-05,NAV-18,Módulo de Navegação Inercial,must-have,49,0,46,,0
249,2024-09-05,RVT-09,Rebite Estrutural de Convés,need-to-have,75,0,66,,0
250,2024-09-06,NAV-18,Módulo de Navegação Inercial,must-have,46,0,40,,0
250,2024-09-06,RVT-09,Rebite Estrutural de Convés,need-to-have,66,0,61,,0
251,2024-09-07,NAV-18,Módulo de Navegação Inercial,must-have,40,0,36,,49
251,2024-09-07,RVT-09,Rebite Estrutural de Convés,need-to-have,61,0,49,,91
252,2024-09-08,NAV-18,Módulo de Navegação Inercial,must-have,36,0,31,,0
252,2024-09-08,RVT-09,Rebite Estrutural de Convés,need-to-have,49,0,39,,0
253,2024-09-09,NAV-18,Módulo de Navegação Inercial,must-have,31,0,29,,0
253,2024-09-09,RVT-09,Rebite Estrutural de Convés,need-to-have,39,0,30,,0
254,2024-09-10,NAV-18,Módulo de Navegação Inercial,must-have,29,0,24,,0
254,2024-09-10,RVT-09,Rebite Estrutural de Convés,need-to-have,30,0,21,,0
255,2024-09-11,NAV-18,Módulo de Navegação Inercial,must-have,24,0,21,,0
255,2024-09-11,RVT-09,Rebite Estrutural de Convés,need-to-have,21,0,7,,0
256,2024-09-12,NAV-18,Módulo de Navegação Inercial,must-have,21,0,15,,0
256,2024-09-12,RVT-09,Rebite Estrutural de Convés,need-to-have,7,0,0,,0
257,2024-09-13,NAV-18,Módulo de Navegação Inercial,must-have,15,0,11,,0
257,2024-09-13,RVT-09,Rebite Estrutural de Convés,need-to-have,0,0,0,,0
258,2024-09-14,NAV-18,Módulo de Navegação Inercial,must-have,11,0,9,,0
258,2024-09-14,RVT-09,Rebite Estrutural de Convés,need-to-have,0,0,0,,0
259,2024-09-15,NAV-18,Módulo de Navegação Inercial,must-have,9,0,6,,0
259,2024-09-15,RVT-09,Rebite Estrutural de Convés,need-to-have,0,0,0,,0
260,2024-09-16,NAV-18,Módulo de Navegação Inercial,must-have,6,0,3,,0
260,2024-09-16,RVT-09,Rebite Estrutural de Convés,need-to-have,0,91,85,RVT-09-PO021,0
261,2024-09-17,NAV-18,Módulo de Navegação Inercial,must-have,3,0,0,,0
261,2024-09-17,RVT-09,Rebite Estrutural de Convés,need-to-have,85,0,79,,0
262,2024-09-18,NAV-18,Módulo de Navegação Inercial,must-have,0,0,0,,0
262,2024-09-18,RVT-09,Rebite Estrutural de Convés,need-to-have,79,0,64,,0
263,2024-09-19,NAV-18,Módulo de Navegação Inercial,must-have,0,0,0,,0
263,2024-09-19,RVT-09,Rebite Estrutural de Convés,need-to-have,64,0,50,,94
264,2024-09-20,NAV-18,Módulo de Navegação Inercial,must-have,0,0,0,,0
264,2024-09-20,RVT-09,Rebite Estrutural de Convés,need-to-have,50,0,45,,0
265,2024-09-21,NAV-18,Módulo de Navegação Inercial,must-have,0,0,0,,0
265,2024-09-21,RVT-09,Rebite Estrutural de Convés,need-to-have,45,0,40,,0
266,2024-09-22,NAV-18,Módulo de Navegação Inercial,must-have,0,0,0,,0
266,2024-09-22,RVT-09,Rebite Estrutural de Convés,need-to-have,40,0,28,,0
267,2024-09-23,NAV-18,Módulo de Navegação Inercial,must-have,0,0,0,,0
267,2024-09-23,RVT-09,Rebite Estrutural de Convés,need-to-have,28,0,20,,0
268,2024-09-24,NAV-18,Módulo de Navegação Inercial,must-have,0,44,38,NAV-18-PO017,0
268,2024-09-24,RVT-09,Rebite Estrutural de Convés,need-to-have,20,0,11,,0
269,2024-09-25,NAV-18,Módulo de Navegação Inercial,must-have,38,0,33,,48
269,2024-09-25,RVT-09,Rebite Estrutural de Convés,need-to-have,11,0,3,,0
270,2024-09-26,NAV-18,Módulo de Navegação Inercial,must-have,33,0,31,,0
270,2024-09-26,RVT-09,Rebite Estrutural de Convés,need-to-have,3,0,0,,0
271,2024-09-27,NAV-18,Módulo de Navegação Inercial,must-have,31,0,27,,0
271,2024-09-27,RVT-09,Rebite Estrutural de Convés,need-to-have,0,0,0,,0
272,2024-09-28,NAV-18,Módulo de Navegação Inercial,must-have,27,0,23,,0
272,2024-09-28,RVT-09,Rebite Estrutural de Convés,need-to-have,0,0,0,,0
273,2024-09-29,NAV-18,Módulo de Navegação Inercial,must-have,23,0,19,,0
273,2024-09-29,RVT-09,Rebite Estrutural de Convés,need-to-have,0,0,0,,0
274,2024-09-30,NAV-18,Módulo de Navegação Inercial,must-have,19,0,14,,0
274,2024-09-30,RVT-09,Rebite Estrutural de Convés,need-to-have,0,0,0,,0
275,2024-10-01,NAV-18,Módulo de Navegação Inercial,must-have,14,0,13,,0
275,2024-10-01,RVT-09,Rebite Estrutural de Convés,need-to-have,0,85,74,RVT-09-PO022,0
276,2024-10-02,NAV-18,Módulo de Navegação Inercial,must-have,13,0,9,,0
276,2024-10-02,RVT-09,Rebite Estrutural de Convés,need-to-have,74,0,69,,0
277,2024-10-03,NAV-18,Módulo de Navegação Inercial,must-have,9,0,5,,0
277,2024-10-03,RVT-09,Rebite Estrutural de Convés,need-to-have,69,0,63,,0
278,2024-10-04,NAV-18,Módulo de Navegação Inercial,must-have,5,0,2,,0
278,2024-10-04,RVT-09,Rebite Estrutural de Convés,need-to-have,63,0,52,,0
279,2024-10-05,NAV-18,Módulo de Navegação Inercial,must-have,2,0,0,,0
279,2024-10-05,RVT-09,Rebite Estrutural de Convés,need-to-have,52,0,39,,91
280,2024-10-06,NAV-18,Módulo de Navegação Inercial,must-have,0,0,0,,0
280,2024-10-06,RVT-09,Rebite Estrutural de Convés,need-to-have,39,0,30,,0
281,2024-10-07,NAV-18,Módulo de Navegação Inercial,must-have,0,0,0,,0
281,2024-10-07,RVT-09,Rebite Estrutural de Convés,need-to-have,30,0,24,,0
282,2024-10-08,NAV-18,Módulo de Navegação Inercial,must-have,0,0,0,,0
282,2024-10-08,RVT-09,Rebite Estrutural de Convés,need-to-have,24,0,14,,0
283,2024-10-09,NAV-18,Módulo de Navegação Inercial,must-have,0,0,0,,0
283,2024-10-09,RVT-09,Rebite Estrutural de Convés,need-to-have,14,0,7,,0
284,2024-10-10,NAV-18,Módulo de Navegação Inercial,must-have,0,0,0,,0
284,2024-10-10,RVT-09,Rebite Estrutural de Convés,need-to-have,7,0,0,,0
285,2024-10-11,NAV-18,Módulo de Navegação Inercial,must-have,0,43,37,NAV-18-PO018,0
285,2024-10-11,RVT-09,Rebite Estrutural de Convés,need-to-have,0,0,0,,0
286,2024-10-12,NAV-18,Módulo de Navegação Inercial,must-have,37,0,33,,54
286,2024-10-12,RVT-09,Rebite Estrutural de Convés,need-to-have,0,0,0,,0
287,2024-10-13,NAV-18,Módulo de Navegação Inercial,must-have,33,0,28,,0
287,2024-10-13,RVT-09,Rebite Estrutural de Convés,need-to-have,0,0,0,,0
288,2024-10-14,NAV-18,Módulo de Navegação Inercial,must-have,28,0,23,,0
288,2024-10-14,RVT-09,Rebite Estrutural de Convés,need-to-have,0,0,0,,0
289,2024-10-15,NAV-18,Módulo de Navegação Inercial,must-have,23,0,20,,0
289,2024-10-15,RVT-09,Rebite Estrutural de Convés,need-to-have,0,91,86,RVT-09-PO023,0
290,2024-10-16,NAV-18,Módulo de Navegação Inercial,must-have,20,0,13,,0
290,2024-10-16,RVT-09,Rebite Estrutural de Convés,need-to-have,86,0,72,,0
291,2024-10-17,NAV-18,Módulo de Navegação Inercial,must-have,13,0,9,,0
291,2024-10-17,RVT-09,Rebite Estrutural de Convés,need-to-have,72,0,69,,0
292,2024-10-18,NAV-18,Módulo de Navegação Inercial,must-have,9,0,6,,0
292,2024-10-18,RVT-09,Rebite Estrutural de Convés,need-to-have,69,0,62,,0
293,2024-10-19,NAV-18,Módulo de Navegação Inercial,must-have,6,0,3,,0
293,2024-10-19,RVT-09,Rebite Estrutural de Convés,need-to-have,62,0,49,,84
294,2024-10-20,NAV-18,Módulo de Navegação Inercial,must-have,3,0,0,,0
294,2024-10-20,RVT-09,Rebite Estrutural de Convés,need-to-have,49,0,42,,0
295,2024-10-21,NAV-18,Módulo de Navegação Inercial,must-have,0,0,0,,0
295,2024-10-21,RVT-09,Rebite Estrutural de Convés,need-to-have,42,0,28,,0
296,2024-10-22,NAV-18,Módulo de Navegação Inercial,must-have,0,54,49,NAV-18-PO019,0
296,2024-10-22,RVT-09,Rebite Estrutural de Convés,need-to-have,28,0,15,,0
297,2024-10-23,NAV-18,Módulo de Navegação Inercial,must-have,49,0,46,,0
297,2024-10-23,RVT-09,Rebite Estrutural de Convés,need-to-have,15,0,5,,0
298,2024-10-24,NAV-18,Módulo de Navegação Inercial,must-have,46,0,46,,0
298,2024-10-24,RVT-09,Rebite Estrutural de Convés,need-to-have,5,0,0,,0
299,2024-10-25,NAV-18,Módulo de Navegação Inercial,must-have,46,0,41,,0
299,2024-10-25,RVT-09,Rebite Estrutural de Convés,need-to-have,0,84,72,RVT-09-PO024,0
300,2024-10-26,NAV-18,Módulo de Navegação Inercial,must-have,41,0,36,,48
300,2024-10-26,RVT-09,Rebite Estrutural de Convés,need-to-have,72,0,71,,0
301,2024-10-27,NAV-18,Módulo de Navegação Inercial,must-have,36,0,30,,0
301,2024-10-27,RVT-09,Rebite Estrutural de Convés,need-to-have,71,0,64,,0
302,2024-10-28,NAV-18,Módulo de Navegação Inercial,must-have,30,0,24,,0
302,2024-10-28,RVT-09,Rebite Estrutural de Convés,need-to-have,64,0,52,,0
303,2024-10-29,NAV-18,Módulo de Navegação Inercial,must-have,24,0,17,,0
303,2024-10-29,RVT-09,Rebite Estrutural de Convés,need-to-have,52,0,43,,86
304,2024-10-30,NAV-18,Módulo de Navegação Inercial,must-have,17,0,13,,0
304,2024-10-30,RVT-09,Rebite Estrutural de Convés,need-to-have,43,0,36,,0
305,2024-10-31,NAV-18,Módulo de Navegação Inercial,must-have,13,0,8,,0
305,2024-10-31,RVT-09,Rebite Estrutural de Convés,need-to-have,36,0,30,,0
306,2024-11-01,NAV-18,Módulo de Navegação Inercial,must-have,8,0,7,,0
306,2024-11-01,RVT-09,Rebite Estrutural de Convés,need-to-have,30,0,17,,0
307,2024-11-02,NAV-18,Módulo de Navegação Inercial,must-have,7,0,3,,0
307,2024-11-02,RVT-09,Rebite Estrutural de Convés,need-to-have,17,0,10,,0
308,2024-11-03,NAV-18,Módulo de Navegação Inercial,must-have,3,0,1,,0
308,2024-11-03,RVT-09,Rebite Estrutural de Convés,need-to-have,10,0,0,,0
309,2024-11-04,NAV-18,Módulo de Navegação Inercial,must-have,1,0,0,,0
309,2024-11-04,RVT-09,Rebite Estrutural de Convés,need-to-have,0,0,0,,0
310,2024-11-05,NAV-18,Módulo de Navegação Inercial,must-have,0,0,0,,0
310,2024-11-05,RVT-09,Rebite Estrutural de Convés,need-to-have,0,0,0,,0
311,2024-11-06,NAV-18,Módulo de Navegação Inercial,must-have,0,0,0,,0
311,2024-11-06,RVT-09,Rebite Estrutural de Convés,need-to-have,0,0,0,,0
312,2024-11-07,NAV-18,Módulo de Navegação Inercial,must-have,0,0,0,,0
312,2024-11-07,RVT-09,Rebite Estrutural de Convés,need-to-have,0,0,0,,0
313,2024-11-08,NAV-18,Módulo de Navegação Inercial,must-have,0,0,0,,0
313,2024-11-08,RVT-09,Rebite Estrutural de Convés,need-to-have,0,0,0,,0
314,2024-11-09,NAV-18,Módulo de Navegação Inercial,must-have,0,0,0,,0
314,2024-11-09,RVT-09,Rebite Estrutural de Convés,need-to-have,0,0,0,,0
315,2024-11-10,NAV-18,Módulo de Navegação Inercial,must-have,0,0,0,,0
315,2024-11-10,RVT-09,Rebite Estrutural de Convés,need-to-have,0,0,0,,0
316,2024-11-11,NAV-18,Módulo de Navegação Inercial,must-have,0,0,0,,0
316,2024-11-11,RVT-09,Rebite Estrutural de Convés,need-to-have,0,0,0,,0
317,2024-11-12,NAV-18,Módulo de Navegação Inercial,must-have,0,48,43,NAV-18-PO020,0
317,2024-11-12,RVT-09,Rebite Estrutural de Convés,need-to-have,0,0,0,,0
318,2024-11-13,NAV-18,Módulo de Navegação Inercial,must-have,43,0,40,,0
318,2024-11-13,RVT-09,Rebite Estrutural de Convés,need-to-have,0,0,0,,0
319,2024-11-14,NAV-18,Módulo de Navegação Inercial,must-have,40,0,35,,48
319,2024-11-14,RVT-09,Rebite Estrutural de Convés,need-to-have,0,0,0,,0
320,2024-11-15,NAV-18,Módulo de Navegação Inercial,must-have,35,0,32,,0
320,2024-11-15,RVT-09,Rebite Estrutural de Convés,need-to-have,0,0,0,,0
321,2024-11-16,NAV-18,Módulo de Navegação Inercial,must-have,32,0,27,,0
321,2024-11-16,RVT-09,Rebite Estrutural de Convés,need-to-have,0,0,0,,0
322,2024-11-17,NAV-18,Módulo de Navegação Inercial,must-have,27,0,22,,0
322,2024-11-17,RVT-09,Rebite Estrutural de Convés,need-to-have,0,86,78,RVT-09-PO025,0
323,2024-11-18,NAV-18,Módulo de Navegação Inercial,must-have,22,0,19,,0
323,2024-11-18,RVT-09,Rebite Estrutural de Convés,need-to-have,78,0,71,,0
324,2024-11-19,NAV-18,Módulo de Navegação Inercial,must-have,19,0,16,,0
324,2024-11-19,RVT-09,Rebite Estrutural de Convés,need-to-have,71,0,57,,0
325,2024-11-20,NAV-18,Módulo de Navegação Inercial,must-have,16,0,13,,0
325,2024-11-20,RVT-09,Rebite Estrutural de Convés,need-to-have,57,0,53,,0
326,2024-11-21,NAV-18,Módulo de Navegação Inercial,must-have,13,0,12,,0
326,2024-11-21,RVT-09,Rebite Estrutural de Convés,need-to-have,53,0,46,,82
327,2024-11-22,NAV-18,Módulo de Navegação Inercial,must-have,12,0,7,,0
327,2024-11-22,RVT-09,Rebite Estrutural de Convés,need-to-have,46,0,34,,0
328,2024-11-23,NAV-18,Módulo de Navegação Inercial,must-have,7,0,3,,0
328,2024-11-23,RVT-09,Rebite Estrutural de Convés,need-to-have,34,0,27,,0
329,2024-11-24,NAV-18,Módulo de Navegação Inercial,must-have,3,0,0,,0
329,2024-11-24,RVT-09,Rebite Estrutural de Convés,need-to-have,27,0,18,,0
330,2024-11-25,NAV-18,Módulo de Navegação Inercial,must-have,0,0,0,,0
330,2024-11-25,RVT-09,Rebite Estrutural de Convés,need-to-have,18,0,6,,0
331,2024-11-26,NAV-18,Módulo de Navegação Inercial,must-have,0,0,0,,0
331,2024-11-26,RVT-09,Rebite Estrutural de Convés,need-to-have,6,0,0,,0
332,2024-11-27,NAV-18,Módulo de Navegação Inercial,must-have,0,0,0,,0
332,2024-11-27,RVT-09,Rebite Estrutural de Convés,need-to-have,0,0,0,,0
333,2024-11-28,NAV-18,Módulo de Navegação Inercial,must-have,0,0,0,,0
333,2024-11-28,RVT-09,Rebite Estrutural de Convés,need-to-have,0,0,0,,0
334,2024-11-29,NAV-18,Módulo de Navegação Inercial,must-have,0,0,0,,0
334,2024-11-29,RVT-09,Rebite Estrutural de Convés,need-to-have,0,0,0,,0
335,2024-11-30,NAV-18,Módulo de Navegação Inercial,must-have,0,48,45,NAV-18-PO021,0
335,2024-11-30,RVT-09,Rebite Estrutural de Convés,need-to-have,0,0,0,,0
336,2024-12-01,NAV-18,Módulo de Navegação Inercial,must-have,45,0,37,,0
336,2024-12-01,RVT-09,Rebite Estrutural de Convés,need-to-have,0,0,0,,0
337,2024-12-02,NAV-18,Módulo de Navegação Inercial,must-have,37,0,31,,48
337,2024-12-02,RVT-09,Rebite Estrutural de Convés,need-to-have,0,0,0,,0
338,2024-12-03,NAV-18,Módulo de Navegação Inercial,must-have,31,0,24,,0
338,2024-12-03,RVT-09,Rebite Estrutural de Convés,need-to-have,0,82,78,RVT-09-PO026,0
339,2024-12-04,NAV-18,Módulo de Navegação Inercial,must-have,24,0,20,,0
339,2024-12-04,RVT-09,Rebite Estrutural de Convés,need-to-have,78,0,66,,0
340,2024-12-05,NAV-18,Módulo de Navegação Inercial,must-have,20,0,16,,0
340,2024-12-05,RVT-09,Rebite Estrutural de Convés,need-to-have,66,0,58,,0
341,2024-12-06,NAV-18,Módulo de Navegação Inercial,must-have,16,0,14,,0
341,2024-12-06,RVT-09,Rebite Estrutural de Convés,need-to-have,58,0,50,,90
342,2024-12-07,NAV-18,Módulo de Navegação Inercial,must-have,14,0,9,,0
342,2024-12-07,RVT-09,Rebite Estrutural de Convés,need-to-have,50,0,44,,0
343,2024-12-08,NAV-18,Módulo de Navegação Inercial,must-have,9,0,6,,0
343,2024-12-08,RVT-09,Rebite Estrutural de Convés,need-to-have,44,0,37,,0
344,2024-12-09,NAV-18,Módulo de Navegação Inercial,must-have,6,0,0,,0
344,2024-12-09,RVT-09,Rebite Estrutural de Convés,need-to-have,37,0,28,,0
345,2024-12-10,NAV-18,Módulo de Navegação Inercial,must-have,0,0,0,,0
345,2024-12-10,RVT-09,Rebite Estrutural de Convés,need-to-have,28,0,18,,0
346,2024-12-11,NAV-18,Módulo de Navegação Inercial,must-have,0,0,0,,0
346,2024-12-11,RVT-09,Rebite Estrutural de Convés,need-to-have,18,0,10,,0
347,2024-12-12,NAV-18,Módulo de Navegação Inercial,must-have,0,0,0,,0
347,2024-12-12,RVT-09,Rebite Estrutural de Convés,need-to-have,10,0,0,,0
348,2024-12-13,NAV-18,Módulo de Navegação Inercial,must-have,0,0,0,,0
348,2024-12-13,RVT-09,Rebite Estrutural de Convés,need-to-have,0,0,0,,0
349,2024-12-14,NAV-18,Módulo de Navegação Inercial,must-have,0,0,0,,0
349,2024-12-14,RVT-09,Rebite Estrutural de Convés,need-to-have,0,0,0,,0
350,2024-12-15,NAV-18,Módulo de Navegação Inercial,must-have,0,0,0,,0
350,2024-12-15,RVT-09,Rebite Estrutural de Convés,need-to-have,0,0,0,,0
351,2024-12-16,NAV-18,Módulo de Navegação Inercial,must-have,0,0,0,,0
351,2024-12-16,RVT-09,Rebite Estrutural de Convés,need-to-have,0,90,82,RVT-09-PO027,0
352,2024-12-17,NAV-18,Módulo de Navegação Inercial,must-have,0,0,0,,0
352,2024-12-17,RVT-09,Rebite Estrutural de Convés,need-to-have,82,0,68,,0
353,2024-12-18,NAV-18,Módulo de Navegação Inercial,must-have,0,0,0,,0
353,2024-12-18,RVT-09,Rebite Estrutural de Convés,need-to-have,68,0,63,,0
354,2024-12-19,NAV-18,Módulo de Navegação Inercial,must-have,0,0,0,,0
354,2024-12-19,RVT-09,Rebite Estrutural de Convés,need-to-have,63,0,48,,82
355,2024-12-20,NAV-18,Módulo de Navegação Inercial,must-have,0,0,0,,0
355,2024-12-20,RVT-09,Rebite Estrutural de Convés,need-to-have,48,0,39,,0
356,2024-12-21,NAV-18,Módulo de Navegação Inercial,must-have,0,0,0,,0
356,2024-12-21,RVT-09,Rebite Estrutural de Convés,need-to-have,39,0,30,,0
357,2024-12-22,NAV-18,Módulo de Navegação Inercial,must-have,0,0,0,,0
357,2024-12-22,RVT-09,Rebite Estrutural de Convés,need-to-have,30,0,22,,0
358,2024-12-23,NAV-18,Módulo de Navegação Inercial,must-have,0,48,44,NAV-18-PO022,0
358,2024-12-23,RVT-09,Rebite Estrutural de Convés,need-to-have,22,0,15,,0
359,2024-12-24,NAV-18,Módulo de Navegação Inercial,must-have,44,0,40,,0
359,2024-12-24,RVT-09,Rebite Estrutural de Convés,need-to-have,15,0,6,,0
360,2024-12-25,NAV-18,Módulo de Navegação Inercial,must-have,40,0,36,,55
360,2024-12-25,RVT-09,Rebite Estrutural de Convés,need-to-have,6,0,0,,0
361,2024-12-26,NAV-18,Módulo de Navegação Inercial,must-have,36,0,33,,0
361,2024-12-26,RVT-09,Rebite Estrutural de Convés,need-to-have,0,0,0,,0
362,2024-12-27,NAV-18,Módulo de Navegação Inercial,must-have,33,0,30,,0
362,2024-12-27,RVT-09,Rebite Estrutural de Convés,need-to-have,0,0,0,,0
363,2024-12-28,NAV-18,Módulo de Navegação Inercial,must-have,30,0,26,,0
363,2024-12-28,RVT-09,Rebite Estrutural de Convés,need-to-have,0,0,0,,0
364,2024-12-29,NAV-18,Módulo de Navegação Inercial,must-have,26,0,25,,0
364,2024-12-29,RVT-09,Rebite Estrutural de Convés,need-to-have,0,0,0,,0
365,2024-12-30,NAV-18,Módulo de Navegação Inercial,must-have,25,0,23,,0
365,2024-12-30,RVT-09,Rebite Estrutural de Convés,need-to-have,0,0,0,,0
366,2024-12-31,NAV-18,Módulo de Navegação Inercial,must-have,23,0,20,,0
366,2024-12-31,RVT-09,Rebite Estrutural de Convés,need-to-have,0,0,0,,0
367,2025-01-01,NAV-18,Módulo de Navegação Inercial,must-have,20,0,15,,0
367,2025-01-01,RVT-09,Rebite Estrutural de Convés,need-to-have,0,82,70,RVT-09-PO028,0
368,2025-01-02,NAV-18,Módulo de Navegação Inercial,must-have,15,0,12,,0
368,2025-01-02,RVT-09,Rebite Estrutural de Convés,need-to-have,70,0,61,,0
369,2025-01-03,NAV-18,Módulo de Navegação Inercial,must-have,12,0,8,,0
369,2025-01-03,RVT-09,Rebite Estrutural de Convés,need-to-have,61,0,55,,0
370,2025-01-04,NAV-18,Módulo de Navegação Inercial,must-have,8,0,6,,0
370,2025-01-04,RVT-09,Rebite Estrutural de Convés,need-to-have,55,0,38,,80
371,2025-01-05,NAV-18,Módulo de Navegação Inercial,must-have,6,0,4,,0
371,2025-01-05,RVT-09,Rebite Estrutural de Convés,need-to-have,38,0,32,,0
372,2025-01-06,NAV-18,Módulo de Navegação Inercial,must-have,4,0,0,,0
372,2025-01-06,RVT-09,Rebite Estrutural de Convés,need-to-have,32,0,25,,0
373,2025-01-07,NAV-18,Módulo de Navegação Inercial,must-have,0,0,0,,0
373,2025-01-07,RVT-09,Rebite Estrutural de Convés,need-to-have,25,0,15,,0
374,2025-01-08,NAV-18,Módulo de Navegação Inercial,must-have,0,0,0,,0
374,2025-01-08,RVT-09,Rebite Estrutural de Convés,need-to-have,15,0,10,,0
375,2025-01-09,NAV-18,Módulo de Navegação Inercial,must-have,0,0,0,,0
375,2025-01-09,RVT-09,Rebite Estrutural de Convés,need-to-have,10,0,3,,0
376,2025-01-10,NAV-18,Módulo de Navegação Inercial,must-have,0,55,50,NAV-18-PO023,0
376,2025-01-10,RVT-09,Rebite Estrutural de Convés,need-to-have,3,0,0,,0
377,2025-01-11,NAV-18,Módulo de Navegação Inercial,must-have,50,0,47,,0
377,2025-01-11,RVT-09,Rebite Estrutural de Convés,need-to-have,0,0,0,,0
378,2025-01-12,NAV-18,Módulo de Navegação Inercial,must-have,47,0,43,,0
378,2025-01-12,RVT-09,Rebite Estrutural de Convés,need-to-have,0,0,0,,0
379,2025-01-13,NAV-18,Módulo de Navegação Inercial,must-have,43,0,41,,0
379,2025-01-13,RVT-09,Rebite Estrutural de Convés,need-to-have,0,0,0,,0
380,2025-01-14,NAV-18,Módulo de Navegação Inercial,must-have,41,0,37,,0
380,2025-01-14,RVT-09,Rebite Estrutural de Convés,need-to-have,0,0,0,,0
381,2025-01-15,NAV-18,Módulo de Navegação Inercial,must-have,37,0,33,,57
381,2025-01-15,RVT-09,Rebite Estrutural de Convés,need-to-have,0,0,0,,0
382,2025-01-16,NAV-18,Módulo de Navegação Inercial,must-have,33,0,28,,0
382,2025-01-16,RVT-09,Rebite Estrutural de Convés,need-to-have,0,80,74,RVT-09-PO029,0
383,2025-01-17,NAV-18,Módulo de Navegação Inercial,must-have,28,0,24,,0
383,2025-01-17,RVT-09,Rebite Estrutural de Convés,need-to-have,74,0,63,,0
384,2025-01-18,NAV-18,Módulo de Navegação Inercial,must-have,24,0,23,,0
384,2025-01-18,RVT-09,Rebite Estrutural de Convés,need-to-have,63,0,58,,0
385,2025-01-19,NAV-18,Módulo de Navegação Inercial,must-have,23,0,22,,0
385,2025-01-19,RVT-09,Rebite Estrutural de Convés,need-to-have,58,0,45,,87
386,2025-01-20,NAV-18,Módulo de Navegação Inercial,must-have,22,0,17,,0
386,2025-01-20,RVT-09,Rebite Estrutural de Convés,need-to-have,45,0,37,,0
387,2025-01-21,NAV-18,Módulo de Navegação Inercial,must-have,17,0,12,,0
387,2025-01-21,RVT-09,Rebite Estrutural de Convés,need-to-have,37,0,27,,0
388,2025-01-22,NAV-18,Módulo de Navegação Inercial,must-have,12,0,7,,0
388,2025-01-22,RVT-09,Rebite Estrutural de Convés,need-to-have,27,0,17,,0
389,2025-01-23,NAV-18,Módulo de Navegação Inercial,must-have,7,0,3,,0
389,2025-01-23,RVT-09,Rebite Estrutural de Convés,need-to-have,17,0,9,,0
390,2025-01-24,NAV-18,Módulo de Navegação Inercial,must-have,3,0,0,,0
390,2025-01-24,RVT-09,Rebite Estrutural de Convés,need-to-have,9,0,0,,0
391,2025-01-25,NAV-18,Módulo de Navegação Inercial,must-have,0,0,0,,0
391,2025-01-25,RVT-09,Rebite Estrutural de Convés,need-to-have,0,0,0,,0
392,2025-01-26,NAV-18,Módulo de Navegação Inercial,must-have,0,0,0,,0
392,2025-01-26,RVT-09,Rebite Estrutural de Convés,need-to-have,0,0,0,,0
393,2025-01-27,NAV-18,Módulo de Navegação Inercial,must-have,0,0,0,,0
393,2025-01-27,RVT-09,Rebite Estrutural de Convés,need-to-have,0,87,84,RVT-09-PO030,0
394,2025-01-28,NAV-18,Módulo de Navegação Inercial,must-have,0,0,0,,0
394,2025-01-28,RVT-09,Rebite Estrutural de Convés,need-to-have,84,0,79,,0
395,2025-01-29,NAV-18,Módulo de Navegação Inercial,must-have,0,0,0,,0
395,2025-01-29,RVT-09,Rebite Estrutural de Convés,need-to-have,79,0,73,,0
396,2025-01-30,NAV-18,Módulo de Navegação Inercial,must-have,0,0,0,,0
396,2025-01-30,RVT-09,Rebite Estrutural de Convés,need-to-have,73,0,66,,0
397,2025-01-31,NAV-18,Módulo de Navegação Inercial,must-have,0,57,50,NAV-18-PO024,0
397,2025-01-31,RVT-09,Rebite Estrutural de Convés,need-to-have,66,0,58,,0
398,2025-02-01,NAV-18,Módulo de Navegação Inercial,must-have,50,0,44,,0
398,2025-02-01,RVT-09,Rebite Estrutural de Convés,need-to-have,58,0,45,,84
399,2025-02-02,NAV-18,Módulo de Navegação Inercial,must-have,44,0,40,,0
399,2025-02-02,RVT-09,Rebite Estrutural de Convés,need-to-have,45,0,36,,0
400,2025-02-03,NAV-18,Módulo de Navegação Inercial,must-have,40,0,34,,49
400,2025-02-03,RVT-09,Rebite Estrutural de Convés,need-to-have,36,0,21,,0
401,2025-02-04,NAV-18,Módulo de Navegação Inercial,must-have,34,0,30,,0
401,2025-02-04,RVT-09,Rebite Estrutural de Convés,need-to-have,21,0,16,,0
402,2025-02-05,NAV-18,Módulo de Navegação Inercial,must-have,30,0,25,,0
402,2025-02-05,RVT-09,Rebite Estrutural de Convés,need-to-have,16,0,10,,0
403,2025-02-06,NAV-18,Módulo de Navegação Inercial,must-have,25,0,19,,0
403,2025-02-06,RVT-09,Rebite Estrutural de Convés,need-to-have,10,0,0,,0
404,2025-02-07,NAV-18,Módulo de Navegação Inercial,must-have,19,0,15,,0
404,2025-02-07,RVT-09,Rebite Estrutural de Convés,need-to-have,0,0,0,,0
405,2025-02-08,NAV-18,Módulo de Navegação Inercial,must-have,15,0,10,,0
405,2025-02-08,RVT-09,Rebite Estrutural de Convés,need-to-have,0,0,0,,0
406,2025-02-09,NAV-18,Módulo de Navegação Inercial,must-have,10,0,6,,0
406,2025-02-09,RVT-09,Rebite Estrutural de Convés,need-to-have,0,0,0,,0
407,2025-02-10,NAV-18,Módulo de Navegação Inercial,must-have,6,0,1,,0
407,2025-02-10,RVT-09,Rebite Estrutural de Convés,need-to-have,0,0,0,,0
408,2025-02-11,NAV-18,Módulo de Navegação Inercial,must-have,1,0,0,,0
408,2025-02-11,RVT-09,Rebite Estrutural de Convés,need-to-have,0,67,54,RVT-09-PO031,0
409,2025-02-12,NAV-18,Módulo de Navegação Inercial,must-have,0,0,0,,0
409,2025-02-12,RVT-09,Rebite Estrutural de Convés,need-to-have,54,0,43,,89
410,2025-02-13,NAV-18,Módulo de Navegação Inercial,must-have,0,0,0,,0
410,2025-02-13,RVT-09,Rebite Estrutural de Convés,need-to-have,43,0,34,,0
411,2025-02-14,NAV-18,Módulo de Navegação Inercial,must-have,0,0,0,,0
411,2025-02-14,RVT-09,Rebite Estrutural de Convés,need-to-have,34,0,28,,0
412,2025-02-15,NAV-18,Módulo de Navegação Inercial,must-have,0,0,0,,0
412,2025-02-15,RVT-09,Rebite Estrutural de Convés,need-to-have,28,0,14,,0
413,2025-02-16,NAV-18,Módulo de Navegação Inercial,must-have,0,0,0,,0
413,2025-02-16,RVT-09,Rebite Estrutural de Convés,need-to-have,14,0,5,,0
414,2025-02-17,NAV-18,Módulo de Navegação Inercial,must-have,0,0,0,,0
414,2025-02-17,RVT-09,Rebite Estrutural de Convés,need-to-have,5,0,0,,0
415,2025-02-18,NAV-18,Módulo de Navegação Inercial,must-have,0,0,0,,0
415,2025-02-18,RVT-09,Rebite Estrutural de Convés,need-to-have,0,0,0,,0
416,2025-02-19,NAV-18,Módulo de Navegação Inercial,must-have,0,0,0,,0
416,2025-02-19,RVT-09,Rebite Estrutural de Convés,need-to-have,0,0,0,,0
417,2025-02-20,NAV-18,Módulo de Navegação Inercial,must-have,0,49,47,NAV-18-PO025,0
417,2025-02-20,RVT-09,Rebite Estrutural de Convés,need-to-have,0,0,0,,0
418,2025-02-21,NAV-18,Módulo de Navegação Inercial,must-have,47,0,42,,0
418,2025-02-21,RVT-09,Rebite Estrutural de Convés,need-to-have,0,0,0,,0
419,2025-02-22,NAV-18,Módulo de Navegação Inercial,must-have,42,0,38,,0
419,2025-02-22,RVT-09,Rebite Estrutural de Convés,need-to-have,0,0,0,,0
420,2025-02-23,NAV-18,Módulo de Navegação Inercial,must-have,38,0,33,,56
420,2025-02-23,RVT-09,Rebite Estrutural de Convés,need-to-have,0,89,80,RVT-09-PO032,0
421,2025-02-24,NAV-18,Módulo de Navegação Inercial,must-have,33,0,31,,0
421,2025-02-24,RVT-09,Rebite Estrutural de Convés,need-to-have,80,0,68,,0
422,2025-02-25,NAV-18,Módulo de Navegação Inercial,must-have,31,0,27,,0
422,2025-02-25,RVT-09,Rebite Estrutural de Convés,need-to-have,68,0,63,,0
423,2025-02-26,NAV-18,Módulo de Navegação Inercial,must-have,27,0,22,,0
423,2025-02-26,RVT-09,Rebite Estrutural de Convés,need-to-have,63,0,55,,0
424,2025-02-27,NAV-18,Módulo de Navegação Inercial,must-have,22,0,17,,0
424,2025-02-27,RVT-09,Rebite Estrutural de Convés,need-to-have,55,0,46,,88
425,2025-02-28,NAV-18,Módulo de Navegação Inercial,must-have,17,0,14,,0
425,2025-02-28,RVT-09,Rebite Estrutural de Convés,need-to-have,46,0,42,,0
426,2025-03-01,NAV-18,Módulo de Navegação Inercial,must-have,14,0,7,,0
426,2025-03-01,RVT-09,Rebite Estrutural de Convés,need-to-have,42,0,29,,0
427,2025-03-02,NAV-18,Módulo de Navegação Inercial,must-have,7,0,2,,0
427,2025-03-02,RVT-09,Rebite Estrutural de Convés,need-to-have,29,0,18,,0
428,2025-03-03,NAV-18,Módulo de Navegação Inercial,must-have,2,0,0,,0
428,2025-03-03,RVT-09,Rebite Estrutural de Convés,need-to-have,18,0,9,,0
429,2025-03-04,NAV-18,Módulo de Navegação Inercial,must-have,0,0,0,,0
429,2025-03-04,RVT-09,Rebite Estrutural de Convés,need-to-have,9,0,0,,0
430,2025-03-05,NAV-18,Módulo de Navegação Inercial,must-have,0,0,0,,0
430,2025-03-05,RVT-09,Rebite Estrutural de Convés,need-to-have,0,0,0,,0
431,2025-03-06,NAV-18,Módulo de Navegação Inercial,must-have,0,48,44,NAV-18-PO026,0
431,2025-03-06,RVT-09,Rebite Estrutural de Convés,need-to-have,0,0,0,,0
432,2025-03-07,NAV-18,Módulo de Navegação Inercial,must-have,44,0,41,,0
432,2025-03-07,RVT-09,Rebite Estrutural de Convés,need-to-have,0,0,0,,0
433,2025-03-08,NAV-18,Módulo de Navegação Inercial,must-have,41,0,35,,58
433,2025-03-08,RVT-09,Rebite Estrutural de Convés,need-to-have,0,88,79,RVT-09-PO033,0
434,2025-03-09,NAV-18,Módulo de Navegação Inercial,must-have,35,0,32,,0
434,2025-03-09,RVT-09,Rebite Estrutural de Convés,need-to-have,79,0,70,,0
435,2025-03-10,NAV-18,Módulo de Navegação Inercial,must-have,32,0,27,,0
435,2025-03-10,RVT-09,Rebite Estrutural de Convés,need-to-have,70,0,54,,0
436,2025-03-11,NAV-18,Módulo de Navegação Inercial,must-have,27,0,20,,0
436,2025-03-11,RVT-09,Rebite Estrutural de Convés,need-to-have,54,0,43,,88
437,2025-03-12,NAV-18,Módulo de Navegação Inercial,must-have,20,0,15,,0
437,2025-03-12,RVT-09,Rebite Estrutural de Convés,need-to-have,43,0,35,,0
438,2025-03-13,NAV-18,Módulo de Navegação Inercial,must-have,15,0,12,,0
438,2025-03-13,RVT-09,Rebite Estrutural de Convés,need-to-have,35,0,24,,0
439,2025-03-14,NAV-18,Módulo de Navegação Inercial,must-have,12,0,8,,0
439,2025-03-14,RVT-09,Rebite Estrutural de Convés,need-to-have,24,0,19,,0
440,2025-03-15,NAV-18,Módulo de Navegação Inercial,must-have,8,0,4,,0
440,2025-03-15,RVT-09,Rebite Estrutural de Convés,need-to-have,19,0,6,,0
441,2025-03-16,NAV-18,Módulo de Navegação Inercial,must-have,4,0,0,,0
441,2025-03-16,RVT-09,Rebite Estrutural de Convés,need-to-have,6,0,0,,0
442,2025-03-17,NAV-18,Módulo de Navegação Inercial,must-have,0,0,0,,0
442,2025-03-17,RVT-09,Rebite Estrutural de Convés,need-to-have,0,0,0,,0
443,2025-03-18,NAV-18,Módulo de Navegação Inercial,must-have,0,0,0,,0
443,2025-03-18,RVT-09,Rebite Estrutural de Convés,need-to-have,0,0,0,,0
444,2025-03-19,NAV-18,Módulo de Navegação Inercial,must-have,0,0,0,,0
444,2025-03-19,RVT-09,Rebite Estrutural de Convés,need-to-have,0,0,0,,0
445,2025-03-20,NAV-18,Módulo de Navegação Inercial,must-have,0,0,0,,0
445,2025-03-20,RVT-09,Rebite Estrutural de Convés,need-to-have,0,88,81,RVT-09-PO034,0
446,2025-03-21,NAV-18,Módulo de Navegação Inercial,must-have,0,0,0,,0
446,2025-03-21,RVT-09,Rebite Estrutural de Convés,need-to-have,81,0,67,,0
447,2025-03-22,NAV-18,Módulo de Navegação Inercial,must-have,0,0,0,,0
447,2025-03-22,RVT-09,Rebite Estrutural de Convés,need-to-have,67,0,61,,0
448,2025-03-23,NAV-18,Módulo de Navegação Inercial,must-have,0,58,51,NAV-18-PO027,0
448,2025-03-23,RVT-09,Rebite Estrutural de Convés,need-to-have,61,0,47,,83
449,2025-03-24,NAV-18,Módulo de Navegação Inercial,must-have,51,0,46,,0
449,2025-03-24,RVT-09,Rebite Estrutural de Convés,need-to-have,47,0,35,,0
450,2025-03-25,NAV-18,Módulo de Navegação Inercial,must-have,46,0,41,,0
450,2025-03-25,RVT-09,Rebite Estrutural de Convés,need-to-have,35,0,25,,0
451,2025-03-26,NAV-18,Módulo de Navegação Inercial,must-have,41,0,35,,49
451,2025-03-26,RVT-09,Rebite Estrutural de Convés,need-to-have,25,0,20,,0
452,2025-03-27,NAV-18,Módulo de Navegação Inercial,must-have,35,0,31,,0
452,2025-03-27,RVT-09,Rebite Estrutural de Convés,need-to-have,20,0,13,,0
453,2025-03-28,NAV-18,Módulo de Navegação Inercial,must-have,31,0,24,,0
453,2025-03-28,RVT-09,Rebite Estrutural de Convés,need-to-have,13,0,6,,0
454,2025-03-29,NAV-18,Módulo de Navegação Inercial,must-have,24,0,20,,0
454,2025-03-29,RVT-09,Rebite Estrutural de Convés,need-to-have,6,0,0,,0
455,2025-03-30,NAV-18,Módulo de Navegação Inercial,must-have,20,0,16,,0
455,2025-03-30,RVT-09,Rebite Estrutural de Convés,need-to-have,0,0,0,,0
456,2025-03-31,NAV-18,Módulo de Navegação Inercial,must-have,16,0,12,,0
456,2025-03-31,RVT-09,Rebite Estrutural de Convés,need-to-have,0,83,77,RVT-09-PO035,0
457,2025-04-01,NAV-18,Módulo de Navegação Inercial,must-have,12,0,6,,0
457,2025-04-01,RVT-09,Rebite Estrutural de Convés,need-to-have,77,0,71,,0
458,2025-04-02,NAV-18,Módulo de Navegação Inercial,must-have,6,0,2,,0
458,2025-04-02,RVT-09,Rebite Estrutural de Convés,need-to-have,71,0,68,,0
459,2025-04-03,NAV-18,Módulo de Navegação Inercial,must-have,2,0,0,,0
459,2025-04-03,RVT-09,Rebite Estrutural de Convés,need-to-have,68,0,61,,0
460,2025-04-04,NAV-18,Módulo de Navegação Inercial,must-have,0,0,0,,0
460,2025-04-04,RVT-09,Rebite Estrutural de Convés,need-to-have,61,0,49,,81
461,2025-04-05,NAV-18,Módulo de Navegação Inercial,must-have,0,0,0,,0
461,2025-04-05,RVT-09,Rebite Estrutural de Convés,need-to-have,49,0,39,,0
462,2025-04-06,NAV-18,Módulo de Navegação Inercial,must-have,0,0,0,,0
462,2025-04-06,RVT-09,Rebite Estrutural de Convés,need-to-have,39,0,31,,0
463,2025-04-07,NAV-18,Módulo de Navegação Inercial,must-have,0,0,0,,0
463,2025-04-07,RVT-09,Rebite Estrutural de Convés,need-to-have,31,0,23,,0
464,2025-04-08,NAV-18,Módulo de Navegação Inercial,must-have,0,0,0,,0
464,2025-04-08,RVT-09,Rebite Estrutural de Convés,need-to-have,23,81,91,RVT-09-PO036,0
465,2025-04-09,NAV-18,Módulo de Navegação Inercial,must-have,0,49,43,NAV-18-PO028,0
465,2025-04-09,RVT-09,Rebite Estrutural de Convés,need-to-have,91,0,82,,0
466,2025-04-10,NAV-18,Módulo de Navegação Inercial,must-have,43,0,38,,0
466,2025-04-10,RVT-09,Rebite Estrutural de Convés,need-to-have,82,0,73,,0
467,2025-04-11,NAV-18,Módulo de Navegação Inercial,must-have,38,0,33,,49
467,2025-04-11,RVT-09,Rebite Estrutural de Convés,need-to-have,73,0,67,,0
468,2025-04-12,NAV-18,Módulo de Navegação Inercial,must-have,33,0,30,,0
468,2025-04-12,RVT-09,Rebite Estrutural de Convés,need-to-have,67,0,55,,0
469,2025-04-13,NAV-18,Módulo de Navegação Inercial,must-have,30,0,29,,0
469,2025-04-13,RVT-09,Rebite Estrutural de Convés,need-to-have,55,0,45,,94
470,2025-04-14,NAV-18,Módulo de Navegação Inercial,must-have,29,0,25,,0
470,2025-04-14,RVT-09,Rebite Estrutural de Convés,need-to-have,45,0,37,,0
471,2025-04-15,NAV-18,Módulo de Navegação Inercial,must-have,25,0,19,,0
471,2025-04-15,RVT-09,Rebite Estrutural de Convés,need-to-have,37,0,26,,0
472,2025-04-16,NAV-18,Módulo de Navegação Inercial,must-have,19,0,17,,0
472,2025-04-16,RVT-09,Rebite Estrutural de Convés,need-to-have,26,0,17,,0
473,2025-04-17,NAV-18,Módulo de Navegação Inercial,must-have,17,0,11,,0
473,2025-04-17,RVT-09,Rebite Estrutural de Convés,need-to-have,17,0,10,,0
474,2025-04-18,NAV-18,Módulo de Navegação Inercial,must-have,11,0,6,,0
474,2025-04-18,RVT-09,Rebite Estrutural de Convés,need-to-have,10,0,0,,0
475,2025-04-19,NAV-18,Módulo de Navegação Inercial,must-have,6,0,4,,0
475,2025-04-19,RVT-09,Rebite Estrutural de Convés,need-to-have,0,0,0,,0
476,2025-04-20,NAV-18,Módulo de Navegação Inercial,must-have,4,0,1,,0
476,2025-04-20,RVT-09,Rebite Estrutural de Convés,need-to-have,0,0,0,,0
477,2025-04-21,NAV-18,Módulo de Navegação Inercial,must-have,1,0,0,,0
477,2025-04-21,RVT-09,Rebite Estrutural de Convés,need-to-have,0,94,86,RVT-09-PO037,0
478,2025-04-22,NAV-18,Módulo de Navegação Inercial,must-have,0,0,0,,0
478,2025-04-22,RVT-09,Rebite Estrutural de Convés,need-to-have,86,0,73,,0
479,2025-04-23,NAV-18,Módulo de Navegação Inercial,must-have,0,0,0,,0
479,2025-04-23,RVT-09,Rebite Estrutural de Convés,need-to-have,73,0,65,,0
480,2025-04-24,NAV-18,Módulo de Navegação Inercial,must-have,0,0,0,,0
480,2025-04-24,RVT-09,Rebite Estrutural de Convés,need-to-have,65,0,59,,0
481,2025-04-25,NAV-18,Módulo de Navegação Inercial,must-have,0,0,0,,0
481,2025-04-25,RVT-09,Rebite Estrutural de Convés,need-to-have,59,0,50,,78
482,2025-04-26,NAV-18,Módulo de Navegação Inercial,must-have,0,0,0,,0
482,2025-04-26,RVT-09,Rebite Estrutural de Convés,need-to-have,50,0,41,,0
483,2025-04-27,NAV-18,Módulo de Navegação Inercial,must-have,0,0,0,,0
483,2025-04-27,RVT-09,Rebite Estrutural de Convés,need-to-have,41,0,39,,0
484,2025-04-28,NAV-18,Módulo de Navegação Inercial,must-have,0,0,0,,0
484,2025-04-28,RVT-09,Rebite Estrutural de Convés,need-to-have,39,0,33,,0
485,2025-04-29,NAV-18,Módulo de Navegação Inercial,must-have,0,49,47,NAV-18-PO029,0
485,2025-04-29,RVT-09,Rebite Estrutural de Convés,need-to-have,33,0,19,,0
486,2025-04-30,NAV-18,Módulo de Navegação Inercial,must-have,47,0,44,,0
486,2025-04-30,RVT-09,Rebite Estrutural de Convés,need-to-have,19,78,87,RVT-09-PO038,0
487,2025-05-01,NAV-18,Módulo de Navegação Inercial,must-have,44,0,39,,0
487,2025-05-01,RVT-09,Rebite Estrutural de Convés,need-to-have,87,0,74,,0
488,2025-05-02,NAV-18,Módulo de Navegação Inercial,must-have,39,0,34,,53
488,2025-05-02,RVT-09,Rebite Estrutural de Convés,need-to-have,74,0,59,,0
489,2025-05-03,NAV-18,Módulo de Navegação Inercial,must-have,34,0,30,,0
489,2025-05-03,RVT-09,Rebite Estrutural de Convés,need-to-have,59,0,50,,85
490,2025-05-04,NAV-18,Módulo de Navegação Inercial,must-have,30,0,24,,0
490,2025-05-04,RVT-09,Rebite Estrutural de Convés,need-to-have,50,0,40,,0
491,2025-05-05,NAV-18,Módulo de Navegação Inercial,must-have,24,0,20,,0
491,2025-05-05,RVT-09,Rebite Estrutural de Convés,need-to-have,40,0,32,,0
492,2025-05-06,NAV-18,Módulo de Navegação Inercial,must-have,20,0,16,,0
492,2025-05-06,RVT-09,Rebite Estrutural de Convés,need-to-have,32,0,27,,0
493,2025-05-07,NAV-18,Módulo de Navegação Inercial,must-have,16,0,10,,0
493,2025-05-07,RVT-09,Rebite Estrutural de Convés,need-to-have,27,0,16,,0
494,2025-05-08,NAV-18,Módulo de Navegação Inercial,must-have,10,0,5,,0
494,2025-05-08,RVT-09,Rebite Estrutural de Convés,need-to-have,16,0,6,,0
495,2025-05-09,NAV-18,Módulo de Navegação Inercial,must-have,5,0,0,,0
495,2025-05-09,RVT-09,Rebite Estrutural de Convés,need-to-have,6,85,80,RVT-09-PO039,0
496,2025-05-10,NAV-18,Módulo de Navegação Inercial,must-have,0,0,0,,0
496,2025-05-10,RVT-09,Rebite Estrutural de Convés,need-to-have,80,0,72,,0
497,2025-05-11,NAV-18,Módulo de Navegação Inercial,must-have,0,0,0,,0
497,2025-05-11,RVT-09,Rebite Estrutural de Convés,need-to-have,72,0,64,,0
498,2025-05-12,NAV-18,Módulo de Navegação Inercial,must-have,0,53,52,NAV-18-PO030,0
498,2025-05-12,RVT-09,Rebite Estrutural de Convés,need-to-have,64,0,51,,0
499,2025-05-13,NAV-18,Módulo de Navegação Inercial,must-have,52,0,48,,0
499,2025-05-13,RVT-09,Rebite Estrutural de Convés,need-to-have,51,0,47,,94
500,2025-05-14,NAV-18,Módulo de Navegação Inercial,must-have,48,0,44,,0
500,2025-05-14,RVT-09,Rebite Estrutural de Convés,need-to-have,47,0,44,,0
501,2025-05-15,NAV-18,Módulo de Navegação Inercial,must-have,44,0,41,,0
501,2025-05-15,RVT-09,Rebite Estrutural de Convés,need-to-have,44,0,35,,0
502,2025-05-16,NAV-18,Módulo de Navegação Inercial,must-have,41,0,35,,50
502,2025-05-16,RVT-09,Rebite Estrutural de Convés,need-to-have,35,0,29,,0
503,2025-05-17,NAV-18,Módulo de Navegação Inercial,must-have,35,0,30,,0
503,2025-05-17,RVT-09,Rebite Estrutural de Convés,need-to-have,29,0,22,,0
504,2025-05-18,NAV-18,Módulo de Navegação Inercial,must-have,30,0,25,,0
504,2025-05-18,RVT-09,Rebite Estrutural de Convés,need-to-have,22,0,8,,0
505,2025-05-19,NAV-18,Módulo de Navegação Inercial,must-have,25,0,22,,0
505,2025-05-19,RVT-09,Rebite Estrutural de Convés,need-to-have,8,0,0,,0
506,2025-05-20,NAV-18,Módulo de Navegação Inercial,must-have,22,0,18,,0
506,2025-05-20,RVT-09,Rebite Estrutural de Convés,need-to-have,0,0,0,,0
507,2025-05-21,NAV-18,Módulo de Navegação Inercial,must-have,18,0,14,,0
507,2025-05-21,RVT-09,Rebite Estrutural de Convés,need-to-have,0,0,0,,0
508,2025-05-22,NAV-18,Módulo de Navegação Inercial,must-have,14,0,11,,0
508,2025-05-22,RVT-09,Rebite Estrutural de Convés,need-to-have,0,0,0,,0
509,2025-05-23,NAV-18,Módulo de Navegação Inercial,must-have,11,0,7,,0
509,2025-05-23,RVT-09,Rebite Estrutural de Convés,need-to-have,0,0,0,,0
510,2025-05-24,NAV-18,Módulo de Navegação Inercial,must-have,7,0,4,,0
510,2025-05-24,RVT-09,Rebite Estrutural de Convés,need-to-have,0,0,0,,0
511,2025-05-25,NAV-18,Módulo de Navegação Inercial,must-have,4,0,1,,0
511,2025-05-25,RVT-09,Rebite Estrutural de Convés,need-to-have,0,0,0,,0
512,2025-05-26,NAV-18,Módulo de Navegação Inercial,must-have,1,0,0,,0
512,2025-05-26,RVT-09,Rebite Estrutural de Convés,need-to-have,0,80,72,RVT-09-PO040,0
513,2025-05-27,NAV-18,Módulo de Navegação Inercial,must-have,0,0,0,,0
513,2025-05-27,RVT-09,Rebite Estrutural de Convés,need-to-have,72,0,67,,0
514,2025-05-28,NAV-18,Módulo de Navegação Inercial,must-have,0,0,0,,0
514,2025-05-28,RVT-09,Rebite Estrutural de Convés,need-to-have,67,0,54,,0
515,2025-05-29,NAV-18,Módulo de Navegação Inercial,must-have,0,0,0,,0
515,2025-05-29,RVT-09,Rebite Estrutural de Convés,need-to-have,54,0,43,,79
516,2025-05-30,NAV-18,Módulo de Navegação Inercial,must-have,0,0,0,,0
516,2025-05-30,RVT-09,Rebite Estrutural de Convés,need-to-have,43,0,35,,0
517,2025-05-31,NAV-18,Módulo de Navegação Inercial,must-have,0,0,0,,0
517,2025-05-31,RVT-09,Rebite Estrutural de Convés,need-to-have,35,0,20,,0
518,2025-06-01,NAV-18,Módulo de Navegação Inercial,must-have,0,50,45,NAV-18-PO031,0
518,2025-06-01,RVT-09,Rebite Estrutural de Convés,need-to-have,20,0,2,,0
519,2025-06-02,NAV-18,Módulo de Navegação Inercial,must-have,45,0,39,,0
519,2025-06-02,RVT-09,Rebite Estrutural de Convés,need-to-have,2,0,0,,0
520,2025-06-03,NAV-18,Módulo de Navegação Inercial,must-have,39,0,34,,58
520,2025-06-03,RVT-09,Rebite Estrutural de Convés,need-to-have,0,0,0,,0
521,2025-06-04,NAV-18,Módulo de Navegação Inercial,must-have,34,0,29,,0
521,2025-06-04,RVT-09,Rebite Estrutural de Convés,need-to-have,0,0,0,,0
522,2025-06-05,NAV-18,Módulo de Navegação Inercial,must-have,29,0,26,,0
522,2025-06-05,RVT-09,Rebite Estrutural de Convés,need-to-have,0,0,0,,0
523,2025-06-06,NAV-18,Módulo de Navegação Inercial,must-have,26,0,20,,0
523,2025-06-06,RVT-09,Rebite Estrutural de Convés,need-to-have,0,0,0,,0
524,2025-06-07,NAV-18,Módulo de Navegação Inercial,must-have,20,0,16,,0
524,2025-06-07,RVT-09,Rebite Estrutural de Convés,need-to-have,0,0,0,,0
525,2025-06-08,NAV-18,Módulo de Navegação Inercial,must-have,16,0,11,,0
525,2025-06-08,RVT-09,Rebite Estrutural de Convés,need-to-have,0,0,0,,0
526,2025-06-09,NAV-18,Módulo de Navegação Inercial,must-have,11,0,8,,0
526,2025-06-09,RVT-09,Rebite Estrutural de Convés,need-to-have,0,0,0,,0
527,2025-06-10,NAV-18,Módulo de Navegação Inercial,must-have,8,0,7,,0
527,2025-06-10,RVT-09,Rebite Estrutural de Convés,need-to-have,0,0,0,,0
528,2025-06-11,NAV-18,Módulo de Navegação Inercial,must-have,7,0,2,,0
528,2025-06-11,RVT-09,Rebite Estrutural de Convés,need-to-have,0,0,0,,0
529,2025-06-12,NAV-18,Módulo de Navegação Inercial,must-have,2,0,0,,0
529,2025-06-12,RVT-09,Rebite Estrutural de Convés,need-to-have,0,71,63,RVT-09-PO041,0
530,2025-06-13,NAV-18,Módulo de Navegação Inercial,must-have,0,0,0,,0
530,2025-06-13,RVT-09,Rebite Estrutural de Convés,need-to-have,63,0,56,,0
531,2025-06-14,NAV-18,Módulo de Navegação Inercial,must-have,0,0,0,,0
531,2025-06-14,RVT-09,Rebite Estrutural de Convés,need-to-have,56,0,49,,91
532,2025-06-15,NAV-18,Módulo de Navegação Inercial,must-have,0,0,0,,0
532,2025-06-15,RVT-09,Rebite Estrutural de Convés,need-to-have,49,0,39,,0
533,2025-06-16,NAV-18,Módulo de Navegação Inercial,must-have,0,0,0,,0
533,2025-06-16,RVT-09,Rebite Estrutural de Convés,need-to-have,39,0,25,,0
534,2025-06-17,NAV-18,Módulo de Navegação Inercial,must-have,0,0,0,,0
534,2025-06-17,RVT-09,Rebite Estrutural de Convés,need-to-have,25,0,19,,0
535,2025-06-18,NAV-18,Módulo de Navegação Inercial,must-have,0,0,0,,0
535,2025-06-18,RVT-09,Rebite Estrutural de Convés,need-to-have,19,0,12,,0
536,2025-06-19,NAV-18,Módulo de Navegação Inercial,must-have,0,0,0,,0
536,2025-06-19,RVT-09,Rebite Estrutural de Convés,need-to-have,12,0,2,,0
537,2025-06-20,NAV-18,Módulo de Navegação Inercial,must-have,0,58,53,NAV-18-PO032,0
537,2025-06-20,RVT-09,Rebite Estrutural de Convés,need-to-have,2,0,0,,0
538,2025-06-21,NAV-18,Módulo de Navegação Inercial,must-have,53,0,48,,0
538,2025-06-21,RVT-09,Rebite Estrutural de Convés,need-to-have,0,0,0,,0
539,2025-06-22,NAV-18,Módulo de Navegação Inercial,must-have,48,0,43,,0
539,2025-06-22,RVT-09,Rebite Estrutural de Convés,need-to-have,0,91,84,RVT-09-PO042,0
540,2025-06-23,NAV-18,Módulo de Navegação Inercial,must-have,43,0,39,,0
540,2025-06-23,RVT-09,Rebite Estrutural de Convés,need-to-have,84,0,73,,0
541,2025-06-24,NAV-18,Módulo de Navegação Inercial,must-have,39,0,33,,58
541,2025-06-24,RVT-09,Rebite Estrutural de Convés,need-to-have,73,0,63,,0
542,2025-06-25,NAV-18,Módulo de Navegação Inercial,must-have,33,0,27,,0
542,2025-06-25,RVT-09,Rebite Estrutural de Convés,need-to-have,63,0,55,,0
543,2025-06-26,NAV-18,Módulo de Navegação Inercial,must-have,27,0,18,,0
543,2025-06-26,RVT-09,Rebite Estrutural de Convés,need-to-have,55,0,52,,0
544,2025-06-27,NAV-18,Módulo de Navegação Inercial,must-have,18,0,16,,0
544,2025-06-27,RVT-09,Rebite Estrutural de Convés,need-to-have,52,0,45,,91
545,2025-06-28,NAV-18,Módulo de Navegação Inercial,must-have,16,0,13,,0
545,2025-06-28,RVT-09,Rebite Estrutural de Convés,need-to-have,45,0,39,,0
546,2025-06-29,NAV-18,Módulo de Navegação Inercial,must-have,13,0,7,,0
546,2025-06-29,RVT-09,Rebite Estrutural de Convés,need-to-have,39,0,30,,0
547,2025-06-30,NAV-18,Módulo de Navegação Inercial,must-have,7,0,1,,0
547,2025-06-30,RVT-09,Rebite Estrutural de Convés,need-to-have,30,0,12,,0
548,2025-07-01,NAV-18,Módulo de Navegação Inercial,must-have,1,0,0,,0
548,2025-07-01,RVT-09,Rebite Estrutural de Convés,need-to-have,12,0,3,,0
549,2025-07-02,NAV-18,Módulo de Navegação Inercial,must-have,0,0,0,,0
549,2025-07-02,RVT-09,Rebite Estrutural de Convés,need-to-have,3,0,0,,0
550,2025-07-03,NAV-18,Módulo de Navegação Inercial,must-have,0,0,0,,0
550,2025-07-03,RVT-09,Rebite Estrutural de Convés,need-to-have,0,0,0,,0
551,2025-07-04,NAV-18,Módulo de Navegação Inercial,must-have,0,0,0,,0
551,2025-07-04,RVT-09,Rebite Estrutural de Convés,need-to-have,0,0,0,,0
552,2025-07-05,NAV-18,Módulo de Navegação Inercial,must-have,0,0,0,,0
552,2025-07-05,RVT-09,Rebite Estrutural de Convés,need-to-have,0,0,0,,0
553,2025-07-06,NAV-18,Módulo de Navegação Inercial,must-have,0,0,0,,0
553,2025-07-06,RVT-09,Rebite Estrutural de Convés,need-to-have,0,0,0,,0
554,2025-07-07,NAV-18,Módulo de Navegação Inercial,must-have,0,0,0,,0
554,2025-07-07,RVT-09,Rebite Estrutural de Convés,need-to-have,0,0,0,,0
555,2025-07-08,NAV-18,Módulo de Navegação Inercial,must-have,0,0,0,,0
555,2025-07-08,RVT-09,Rebite Estrutural de Convés,need-to-have,0,0,0,,0
556,2025-07-09,NAV-18,Módulo de Navegação Inercial,must-have,0,0,0,,0
556,2025-07-09,RVT-09,Rebite Estrutural de Convés,need-to-have,0,0,0,,0
557,2025-07-10,NAV-18,Módulo de Navegação Inercial,must-have,0,0,0,,0
557,2025-07-10,RVT-09,Rebite Estrutural de Convés,need-to-have,0,0,0,,0
558,2025-07-11,NAV-18,Módulo de Navegação Inercial,must-have,0,58,52,NAV-18-PO033,0
558,2025-07-11,RVT-09,Rebite Estrutural de Convés,need-to-have,0,86,74,RVT-09-PO043,0
559,2025-07-12,NAV-18,Módulo de Navegação Inercial,must-have,52,0,46,,0
559,2025-07-12,RVT-09,Rebite Estrutural de Convés,need-to-have,74,0,65,,0
560,2025-07-13,NAV-18,Módulo de Navegação Inercial,must-have,46,0,41,,0
560,2025-07-13,RVT-09,Rebite Estrutural de Convés,need-to-have,65,0,59,,0
561,2025-07-14,NAV-18,Módulo de Navegação Inercial,must-have,41,0,35,,56
561,2025-07-14,RVT-09,Rebite Estrutural de Convés,need-to-have,59,0,55,,0
562,2025-07-15,NAV-18,Módulo de Navegação Inercial,must-have,35,0,30,,0
562,2025-07-15,RVT-09,Rebite Estrutural de Convés,need-to-have,55,0,48,,85
563,2025-07-16,NAV-18,Módulo de Navegação Inercial,must-have,30,0,24,,0
563,2025-07-16,RVT-09,Rebite Estrutural de Convés,need-to-have,48,0,39,,0
564,2025-07-17,NAV-18,Módulo de Navegação Inercial,must-have,24,0,19,,0
564,2025-07-17,RVT-09,Rebite Estrutural de Convés,need-to-have,39,0,33,,0
565,2025-07-18,NAV-18,Módulo de Navegação Inercial,must-have,19,0,12,,0
565,2025-07-18,RVT-09,Rebite Estrutural de Convés,need-to-have,33,0,20,,0
566,2025-07-19,NAV-18,Módulo de Navegação Inercial,must-have,12,0,7,,0
566,2025-07-19,RVT-09,Rebite Estrutural de Convés,need-to-have,20,0,14,,0
567,2025-07-20,NAV-18,Módulo de Navegação Inercial,must-have,7,0,3,,0
567,2025-07-20,RVT-09,Rebite Estrutural de Convés,need-to-have,14,0,2,,0
568,2025-07-21,NAV-18,Módulo de Navegação Inercial,must-have,3,0,0,,0
568,2025-07-21,RVT-09,Rebite Estrutural de Convés,need-to-have,2,85,83,RVT-09-PO044,0
569,2025-07-22,NAV-18,Módulo de Navegação Inercial,must-have,0,0,0,,0
569,2025-07-22,RVT-09,Rebite Estrutural de Convés,need-to-have,83,0,70,,0
570,2025-07-23,NAV-18,Módulo de Navegação Inercial,must-have,0,0,0,,0
570,2025-07-23,RVT-09,Rebite Estrutural de Convés,need-to-have,70,0,56,,0
571,2025-07-24,NAV-18,Módulo de Navegação Inercial,must-have,0,0,0,,0
571,2025-07-24,RVT-09,Rebite Estrutural de Convés,need-to-have,56,0,49,,84
572,2025-07-25,NAV-18,Módulo de Navegação Inercial,must-have,0,0,0,,0
572,2025-07-25,RVT-09,Rebite Estrutural de Convés,need-to-have,49,0,38,,0
573,2025-07-26,NAV-18,Módulo de Navegação Inercial,must-have,0,0,0,,0
573,2025-07-26,RVT-09,Rebite Estrutural de Convés,need-to-have,38,0,28,,0
574,2025-07-27,NAV-18,Módulo de Navegação Inercial,must-have,0,0,0,,0
574,2025-07-27,RVT-09,Rebite Estrutural de Convés,need-to-have,28,0,19,,0
575,2025-07-28,NAV-18,Módulo de Navegação Inercial,must-have,0,0,0,,0
575,2025-07-28,RVT-09,Rebite Estrutural de Convés,need-to-have,19,0,7,,0
576,2025-07-29,NAV-18,Módulo de Navegação Inercial,must-have,0,0,0,,0
576,2025-07-29,RVT-09,Rebite Estrutural de Convés,need-to-have,7,0,0,,0
577,2025-07-30,NAV-18,Módulo de Navegação Inercial,must-have,0,0,0,,0
577,2025-07-30,RVT-09,Rebite Estrutural de Convés,need-to-have,0,0,0,,0
578,2025-07-31,NAV-18,Módulo de Navegação Inercial,must-have,0,0,0,,0
578,2025-07-31,RVT-09,Rebite Estrutural de Convés,need-to-have,0,0,0,,0
579,2025-08-01,NAV-18,Módulo de Navegação Inercial,must-have,0,0,0,,0
579,2025-08-01,RVT-09,Rebite Estrutural de Convés,need-to-have,0,0,0,,0
580,2025-08-02,NAV-18,Módulo de Navegação Inercial,must-have,0,0,0,,0
580,2025-08-02,RVT-09,Rebite Estrutural de Convés,need-to-have,0,0,0,,0
581,2025-08-03,NAV-18,Módulo de Navegação Inercial,must-have,0,0,0,,0
581,2025-08-03,RVT-09,Rebite Estrutural de Convés,need-to-have,0,0,0,,0
582,2025-08-04,NAV-18,Módulo de Navegação Inercial,must-have,0,0,0,,0
582,2025-08-04,RVT-09,Rebite Estrutural de Convés,need-to-have,0,84,74,RVT-09-PO045,0
583,2025-08-05,NAV-18,Módulo de Navegação Inercial,must-have,0,56,51,NAV-18-PO034,0
583,2025-08-05,RVT-09,Rebite Estrutural de Convés,need-to-have,74,0,61,,0
584,2025-08-06,NAV-18,Módulo de Navegação Inercial,must-have,51,0,46,,0
584,2025-08-06,RVT-09,Rebite Estrutural de Convés,need-to-have,61,0,57,,0
585,2025-08-07,NAV-18,Módulo de Navegação Inercial,must-have,46,0,42,,0
585,2025-08-07,RVT-09,Rebite Estrutural de Convés,need-to-have,57,0,48,,85
586,2025-08-08,NAV-18,Módulo de Navegação Inercial,must-have,42,0,35,,53
586,2025-08-08,RVT-09,Rebite Estrutural de Convés,need-to-have,48,0,42,,0
587,2025-08-09,NAV-18,Módulo de Navegação Inercial,must-have,35,0,29,,0
587,2025-08-09,RVT-09,Rebite Estrutural de Convés,need-to-have,42,0,33,,0
588,2025-08-10,NAV-18,Módulo de Navegação Inercial,must-have,29,0,29,,0
588,2025-08-10,RVT-09,Rebite Estrutural de Convés,need-to-have,33,0,20,,0
589,2025-08-11,NAV-18,Módulo de Navegação Inercial,must-have,29,0,25,,0
589,2025-08-11,RVT-09,Rebite Estrutural de Convés,need-to-have,20,0,12,,0
590,2025-08-12,NAV-18,Módulo de Navegação Inercial,must-have,25,0,20,,0
590,2025-08-12,RVT-09,Rebite Estrutural de Convés,need-to-have,12,0,0,,0
591,2025-08-13,NAV-18,Módulo de Navegação Inercial,must-have,20,0,16,,0
591,2025-08-13,RVT-09,Rebite Estrutural de Convés,need-to-have,0,0,0,,0
592,2025-08-14,NAV-18,Módulo de Navegação Inercial,must-have,16,0,9,,0
592,2025-08-14,RVT-09,Rebite Estrutural de Convés,need-to-have,0,85,74,RVT-09-PO046,0
593,2025-08-15,NAV-18,Módulo de Navegação Inercial,must-have,9,0,6,,0
593,2025-08-15,RVT-09,Rebite Estrutural de Convés,need-to-have,74,0,60,,0
594,2025-08-16,NAV-18,Módulo de Navegação Inercial,must-have,6,0,3,,0
594,2025-08-16,RVT-09,Rebite Estrutural de Convés,need-to-have,60,0,54,,0
595,2025-08-17,NAV-18,Módulo de Navegação Inercial,must-have,3,0,0,,0
595,2025-08-17,RVT-09,Rebite Estrutural de Convés,need-to-have,54,0,42,,82
596,2025-08-18,NAV-18,Módulo de Navegação Inercial,must-have,0,0,0,,0
596,2025-08-18,RVT-09,Rebite Estrutural de Convés,need-to-have,42,0,35,,0
597,2025-08-19,NAV-18,Módulo de Navegação Inercial,must-have,0,0,0,,0
597,2025-08-19,RVT-09,Rebite Estrutural de Convés,need-to-have,35,0,25,,0
598,2025-08-20,NAV-18,Módulo de Navegação Inercial,must-have,0,0,0,,0
598,2025-08-20,RVT-09,Rebite Estrutural de Convés,need-to-have,25,0,19,,0
599,2025-08-21,NAV-18,Módulo de Navegação Inercial,must-have,0,0,0,,0
599,2025-08-21,RVT-09,Rebite Estrutural de Convés,need-to-have,19,0,16,,0
600,2025-08-22,NAV-18,Módulo de Navegação Inercial,must-have,0,50,47,NAV-18-PO035,0
600,2025-08-22,RVT-09,Rebite Estrutural de Convés,need-to-have,16,82,97,RVT-09-PO047,0
601,2025-08-23,NAV-18,Módulo de Navegação Inercial,must-have,47,0,44,,0
601,2025-08-23,RVT-09,Rebite Estrutural de Convés,need-to-have,97,0,88,,0
602,2025-08-24,NAV-18,Módulo de Navegação Inercial,must-have,44,0,39,,0
602,2025-08-24,RVT-09,Rebite Estrutural de Convés,need-to-have,88,0,79,,0
603,2025-08-25,NAV-18,Módulo de Navegação Inercial,must-have,39,0,37,,0
603,2025-08-25,RVT-09,Rebite Estrutural de Convés,need-to-have,79,0,67,,0
604,2025-08-26,NAV-18,Módulo de Navegação Inercial,must-have,37,0,32,,57
604,2025-08-26,RVT-09,Rebite Estrutural de Convés,need-to-have,67,0,60,,0
605,2025-08-27,NAV-18,Módulo de Navegação Inercial,must-have,32,0,28,,0
605,2025-08-27,RVT-09,Rebite Estrutural de Convés,need-to-have,60,0,54,,0
606,2025-08-28,NAV-18,Módulo de Navegação Inercial,must-have,28,0,21,,0
606,2025-08-28,RVT-09,Rebite Estrutural de Convés,need-to-have,54,0,49,,94
607,2025-08-29,NAV-18,Módulo de Navegação Inercial,must-have,21,0,19,,0
607,2025-08-29,RVT-09,Rebite Estrutural de Convés,need-to-have,49,0,42,,0
608,2025-08-30,NAV-18,Módulo de Navegação Inercial,must-have,19,0,13,,0
608,2025-08-30,RVT-09,Rebite Estrutural de Convés,need-to-have,42,0,32,,0
609,2025-08-31,NAV-18,Módulo de Navegação Inercial,must-have,13,0,9,,0
609,2025-08-31,RVT-09,Rebite Estrutural de Convés,need-to-have,32,0,25,,0
610,2025-09-01,NAV-18,Módulo de Navegação Inercial,must-have,9,0,5,,0
610,2025-09-01,RVT-09,Rebite Estrutural de Convés,need-to-have,25,0,19,,0
611,2025-09-02,NAV-18,Módulo de Navegação Inercial,must-have,5,0,1,,0
611,2025-09-02,RVT-09,Rebite Estrutural de Convés,need-to-have,19,0,9,,0
612,2025-09-03,NAV-18,Módulo de Navegação Inercial,must-have,1,0,0,,0
612,2025-09-03,RVT-09,Rebite Estrutural de Convés,need-to-have,9,0,2,,0
613,2025-09-04,NAV-18,Módulo de Navegação Inercial,must-have,0,0,0,,0
613,2025-09-04,RVT-09,Rebite Estrutural de Convés,need-to-have,2,0,0,,0
614,2025-09-05,NAV-18,Módulo de Navegação Inercial,must-have,0,0,0,,0
614,2025-09-05,RVT-09,Rebite Estrutural de Convés,need-to-have,0,0,0,,0
615,2025-09-06,NAV-18,Módulo de Navegação Inercial,must-have,0,0,0,,0
615,2025-09-06,RVT-09,Rebite Estrutural de Convés,need-to-have,0,0,0,,0
616,2025-09-07,NAV-18,Módulo de Navegação Inercial,must-have,0,57,53,NAV-18-PO036,0
616,2025-09-07,RVT-09,Rebite Estrutural de Convés,need-to-have,0,94,80,RVT-09-PO048,0
617,2025-09-08,NAV-18,Módulo de Navegação Inercial,must-have,53,0,50,,0
617,2025-09-08,RVT-09,Rebite Estrutural de Convés,need-to-have,80,0,71,,0
618,2025-09-09,NAV-18,Módulo de Navegação Inercial,must-have,50,0,44,,0
618,2025-09-09,RVT-09,Rebite Estrutural de Convés,need-to-have,71,0,66,,0
619,2025-09-10,NAV-18,Módulo de Navegação Inercial,must-have,44,0,42,,0
619,2025-09-10,RVT-09,Rebite Estrutural de Convés,need-to-have,66,0,59,,0
620,2025-09-11,NAV-18,Módulo de Navegação Inercial,must-have,42,0,37,,0
620,2025-09-11,RVT-09,Rebite Estrutural de Convés,need-to-have,59,0,52,,0
621,2025-09-12,NAV-18,Módulo de Navegação Inercial,must-have,37,0,31,,50
621,2025-09-12,RVT-09,Rebite Estrutural de Convés,need-to-have,52,0,38,,85
622,2025-09-13,NAV-18,Módulo de Navegação Inercial,must-have,31,0,26,,0
622,2025-09-13,RVT-09,Rebite Estrutural de Convés,need-to-have,38,0,31,,0
623,2025-09-14,NAV-18,Módulo de Navegação Inercial,must-have,26,0,21,,0
623,2025-09-14,RVT-09,Rebite Estrutural de Convés,need-to-have,31,0,19,,0
624,2025-09-15,NAV-18,Módulo de Navegação Inercial,must-have,21,0,16,,0
624,2025-09-15,RVT-09,Rebite Estrutural de Convés,need-to-have,19,0,13,,0
625,2025-09-16,NAV-18,Módulo de Navegação Inercial,must-have,16,0,13,,0
625,2025-09-16,RVT-09,Rebite Estrutural de Convés,need-to-have,13,0,8,,0
626,2025-09-17,NAV-18,Módulo de Navegação Inercial,must-have,13,0,7,,0
626,2025-09-17,RVT-09,Rebite Estrutural de Convés,need-to-have,8,0,0,,0
627,2025-09-18,NAV-18,Módulo de Navegação Inercial,must-have,7,0,4,,0
627,2025-09-18,RVT-09,Rebite Estrutural de Convés,need-to-have,0,0,0,,0
628,2025-09-19,NAV-18,Módulo de Navegação Inercial,must-have,4,0,0,,0
628,2025-09-19,RVT-09,Rebite Estrutural de Convés,need-to-have,0,0,0,,0
629,2025-09-20,NAV-18,Módulo de Navegação Inercial,must-have,0,0,0,,0
629,2025-09-20,RVT-09,Rebite Estrutural de Convés,need-to-have,0,0,0,,0
630,2025-09-21,NAV-18,Módulo de Navegação Inercial,must-have,0,0,0,,0
630,2025-09-21,RVT-09,Rebite Estrutural de Convés,need-to-have,0,0,0,,0
631,2025-09-22,NAV-18,Módulo de Navegação Inercial,must-have,0,0,0,,0
631,2025-09-22,RVT-09,Rebite Estrutural de Convés,need-to-have,0,85,75,RVT-09-PO049,0
632,2025-09-23,NAV-18,Módulo de Navegação Inercial,must-have,0,0,0,,0
632,2025-09-23,RVT-09,Rebite Estrutural de Convés,need-to-have,75,0,63,,0
633,2025-09-24,NAV-18,Módulo de Navegação Inercial,must-have,0,0,0,,0
633,2025-09-24,RVT-09,Rebite Estrutural de Convés,need-to-have,63,0,55,,0
634,2025-09-25,NAV-18,Módulo de Navegação Inercial,must-have,0,0,0,,0
634,2025-09-25,RVT-09,Rebite Estrutural de Convés,need-to-have,55,0,44,,90
635,2025-09-26,NAV-18,Módulo de Navegação Inercial,must-have,0,0,0,,0
635,2025-09-26,RVT-09,Rebite Estrutural de Convés,need-to-have,44,0,38,,0
636,2025-09-27,NAV-18,Módulo de Navegação Inercial,must-have,0,50,46,NAV-18-PO037,0
636,2025-09-27,RVT-09,Rebite Estrutural de Convés,need-to-have,38,0,23,,0
637,2025-09-28,NAV-18,Módulo de Navegação Inercial,must-have,46,0,43,,0
637,2025-09-28,RVT-09,Rebite Estrutural de Convés,need-to-have,23,0,13,,0
638,2025-09-29,NAV-18,Módulo de Navegação Inercial,must-have,43,0,37,,0
638,2025-09-29,RVT-09,Rebite Estrutural de Convés,need-to-have,13,0,8,,0
639,2025-09-30,NAV-18,Módulo de Navegação Inercial,must-have,37,0,34,,57
639,2025-09-30,RVT-09,Rebite Estrutural de Convés,need-to-have,8,0,0,,0
640,2025-10-01,NAV-18,Módulo de Navegação Inercial,must-have,34,0,28,,0
640,2025-10-01,RVT-09,Rebite Estrutural de Convés,need-to-have,0,0,0,,0
641,2025-10-02,NAV-18,Módulo de Navegação Inercial,must-have,28,0,22,,0
641,2025-10-02,RVT-09,Rebite Estrutural de Convés,need-to-have,0,0,0,,0
642,2025-10-03,NAV-18,Módulo de Navegação Inercial,must-have,22,0,20,,0
642,2025-10-03,RVT-09,Rebite Estrutural de Convés,need-to-have,0,90,81,RVT-09-PO050,0
643,2025-10-04,NAV-18,Módulo de Navegação Inercial,must-have,20,0,13,,0
643,2025-10-04,RVT-09,Rebite Estrutural de Convés,need-to-have,81,0,72,,0
644,2025-10-05,NAV-18,Módulo de Navegação Inercial,must-have,13,0,7,,0
644,2025-10-05,RVT-09,Rebite Estrutural de Convés,need-to-have,72,0,59,,0
645,2025-10-06,NAV-18,Módulo de Navegação Inercial,must-have,7,0,3,,0
645,2025-10-06,RVT-09,Rebite Estrutural de Convés,need-to-have,59,0,51,,0
646,2025-10-07,NAV-18,Módulo de Navegação Inercial,must-have,3,0,0,,0
646,2025-10-07,RVT-09,Rebite Estrutural de Convés,need-to-have,51,0,47,,92
647,2025-10-08,NAV-18,Módulo de Navegação Inercial,must-have,0,0,0,,0
647,2025-10-08,RVT-09,Rebite Estrutural de Convés,need-to-have,47,0,41,,0
648,2025-10-09,NAV-18,Módulo de Navegação Inercial,must-have,0,0,0,,0
648,2025-10-09,RVT-09,Rebite Estrutural de Convés,need-to-have,41,0,30,,0
649,2025-10-10,NAV-18,Módulo de Navegação Inercial,must-have,0,0,0,,0
649,2025-10-10,RVT-09,Rebite Estrutural de Convés,need-to-have,30,0,20,,0
650,2025-10-11,NAV-18,Módulo de Navegação Inercial,must-have,0,0,0,,0
650,2025-10-11,RVT-09,Rebite Estrutural de Convés,need-to-have,20,0,12,,0
651,2025-10-12,NAV-18,Módulo de Navegação Inercial,must-have,0,0,0,,0
651,2025-10-12,RVT-09,Rebite Estrutural de Convés,need-to-have,12,0,2,,0
652,2025-10-13,NAV-18,Módulo de Navegação Inercial,must-have,0,0,0,,0
652,2025-10-13,RVT-09,Rebite Estrutural de Convés,need-to-have,2,0,0,,0
653,2025-10-14,NAV-18,Módulo de Navegação Inercial,must-have,0,0,0,,0
653,2025-10-14,RVT-09,Rebite Estrutural de Convés,need-to-have,0,0,0,,0
654,2025-10-15,NAV-18,Módulo de Navegação Inercial,must-have,0,0,0,,0
654,2025-10-15,RVT-09,Rebite Estrutural de Convés,need-to-have,0,0,0,,0
655,2025-10-16,NAV-18,Módulo de Navegação Inercial,must-have,0,0,0,,0
655,2025-10-16,RVT-09,Rebite Estrutural de Convés,need-to-have,0,0,0,,0
656,2025-10-17,NAV-18,Módulo de Navegação Inercial,must-have,0,0,0,,0
656,2025-10-17,RVT-09,Rebite Estrutural de Convés,need-to-have,0,0,0,,0
657,2025-10-18,NAV-18,Módulo de Navegação Inercial,must-have,0,57,54,NAV-18-PO038,0
657,2025-10-18,RVT-09,Rebite Estrutural de Convés,need-to-have,0,0,0,,0
658,2025-10-19,NAV-18,Módulo de Navegação Inercial,must-have,54,0,50,,0
658,2025-10-19,RVT-09,Rebite Estrutural de Convés,need-to-have,0,0,0,,0
659,2025-10-20,NAV-18,Módulo de Navegação Inercial,must-have,50,0,45,,0
659,2025-10-20,RVT-09,Rebite Estrutural de Convés,need-to-have,0,0,0,,0
660,2025-10-21,NAV-18,Módulo de Navegação Inercial,must-have,45,0,40,,0
660,2025-10-21,RVT-09,Rebite Estrutural de Convés,need-to-have,0,92,81,RVT-09-PO051,0
661,2025-10-22,NAV-18,Módulo de Navegação Inercial,must-have,40,0,34,,55
661,2025-10-22,RVT-09,Rebite Estrutural de Convés,need-to-have,81,0,75,,0
662,2025-10-23,NAV-18,Módulo de Navegação Inercial,must-have,34,0,32,,0
662,2025-10-23,RVT-09,Rebite Estrutural de Convés,need-to-have,75,0,63,,0
663,2025-10-24,NAV-18,Módulo de Navegação Inercial,must-have,32,0,29,,0
663,2025-10-24,RVT-09,Rebite Estrutural de Convés,need-to-have,63,0,57,,0
664,2025-10-25,NAV-18,Módulo de Navegação Inercial,must-have,29,0,23,,0
664,2025-10-25,RVT-09,Rebite Estrutural de Convés,need-to-have,57,0,44,,87
665,2025-10-26,NAV-18,Módulo de Navegação Inercial,must-have,23,0,19,,0
665,2025-10-26,RVT-09,Rebite Estrutural de Convés,need-to-have,44,0,34,,0
666,2025-10-27,NAV-18,Módulo de Navegação Inercial,must-have,19,0,14,,0
666,2025-10-27,RVT-09,Rebite Estrutural de Convés,need-to-have,34,0,26,,0
667,2025-10-28,NAV-18,Módulo de Navegação Inercial,must-have,14,0,10,,0
667,2025-10-28,RVT-09,Rebite Estrutural de Convés,need-to-have,26,0,15,,0
668,2025-10-29,NAV-18,Módulo de Navegação Inercial,must-have,10,0,6,,0
668,2025-10-29,RVT-09,Rebite Estrutural de Convés,need-to-have,15,0,6,,0
669,2025-10-30,NAV-18,Módulo de Navegação Inercial,must-have,6,55,57,NAV-18-PO039,0
669,2025-10-30,RVT-09,Rebite Estrutural de Convés,need-to-have,6,0,0,,0
670,2025-10-31,NAV-18,Módulo de Navegação Inercial,must-have,57,0,53,,0
670,2025-10-31,RVT-09,Rebite Estrutural de Convés,need-to-have,0,0,0,,0
671,2025-11-01,NAV-18,Módulo de Navegação Inercial,must-have,53,0,46,,0
671,2025-11-01,RVT-09,Rebite Estrutural de Convés,need-to-have,0,0,0,,0
672,2025-11-02,NAV-18,Módulo de Navegação Inercial,must-have,46,0,39,,0
672,2025-11-02,RVT-09,Rebite Estrutural de Convés,need-to-have,0,0,0,,0
673,2025-11-03,NAV-18,Módulo de Navegação Inercial,must-have,39,0,34,,50
673,2025-11-03,RVT-09,Rebite Estrutural de Convés,need-to-have,0,0,0,,0
674,2025-11-04,NAV-18,Módulo de Navegação Inercial,must-have,34,0,33,,0
674,2025-11-04,RVT-09,Rebite Estrutural de Convés,need-to-have,0,0,0,,0
675,2025-11-05,NAV-18,Módulo de Navegação Inercial,must-have,33,0,32,,0
675,2025-11-05,RVT-09,Rebite Estrutural de Convés,need-to-have,0,87,82,RVT-09-PO052,0
676,2025-11-06,NAV-18,Módulo de Navegação Inercial,must-have,32,0,27,,0
676,2025-11-06,RVT-09,Rebite Estrutural de Convés,need-to-have,82,0,66,,0
677,2025-11-07,NAV-18,Módulo de Navegação Inercial,must-have,27,0,25,,0
677,2025-11-07,RVT-09,Rebite Estrutural de Convés,need-to-have,66,0,55,,0
678,2025-11-08,NAV-18,Módulo de Navegação Inercial,must-have,25,0,21,,0
678,2025-11-08,RVT-09,Rebite Estrutural de Convés,need-to-have,55,0,43,,82
679,2025-11-09,NAV-18,Módulo de Navegação Inercial,must-have,21,0,17,,0
679,2025-11-09,RVT-09,Rebite Estrutural de Convés,need-to-have,43,0,27,,0
680,2025-11-10,NAV-18,Módulo de Navegação Inercial,must-have,17,0,13,,0
680,2025-11-10,RVT-09,Rebite Estrutural de Convés,need-to-have,27,0,18,,0
681,2025-11-11,NAV-18,Módulo de Navegação Inercial,must-have,13,0,9,,0
681,2025-11-11,RVT-09,Rebite Estrutural de Convés,need-to-have,18,0,7,,0
682,2025-11-12,NAV-18,Módulo de Navegação Inercial,must-have,9,0,4,,0
682,2025-11-12,RVT-09,Rebite Estrutural de Convés,need-to-have,7,0,4,,0
683,2025-11-13,NAV-18,Módulo de Navegação Inercial,must-have,4,0,0,,0
683,2025-11-13,RVT-09,Rebite Estrutural de Convés,need-to-have,4,0,0,,0
684,2025-11-14,NAV-18,Módulo de Navegação Inercial,must-have,0,0,0,,0
684,2025-11-14,RVT-09,Rebite Estrutural de Convés,need-to-have,0,0,0,,0
685,2025-11-15,NAV-18,Módulo de Navegação Inercial,must-have,0,0,0,,0
685,2025-11-15,RVT-09,Rebite Estrutural de Convés,need-to-have,0,0,0,,0
686,2025-11-16,NAV-18,Módulo de Navegação Inercial,must-have,0,0,0,,0
686,2025-11-16,RVT-09,Rebite Estrutural de Convés,need-to-have,0,82,71,RVT-09-PO053,0
687,2025-11-17,NAV-18,Módulo de Navegação Inercial,must-have,0,0,0,,0
687,2025-11-17,RVT-09,Rebite Estrutural de Convés,need-to-have,71,0,58,,0
688,2025-11-18,NAV-18,Módulo de Navegação Inercial,must-have,0,50,43,NAV-18-PO040,0
688,2025-11-18,RVT-09,Rebite Estrutural de Convés,need-to-have,58,0,54,,0
689,2025-11-19,NAV-18,Módulo de Navegação Inercial,must-have,43,0,39,,0
689,2025-11-19,RVT-09,Rebite Estrutural de Convés,need-to-have,54,0,39,,89
690,2025-11-20,NAV-18,Módulo de Navegação Inercial,must-have,39,0,33,,56
690,2025-11-20,RVT-09,Rebite Estrutural de Convés,need-to-have,39,0,27,,0
691,2025-11-21,NAV-18,Módulo de Navegação Inercial,must-have,33,0,27,,0
691,2025-11-21,RVT-09,Rebite Estrutural de Convés,need-to-have,27,0,15,,0
692,2025-11-22,NAV-18,Módulo de Navegação Inercial,must-have,27,0,23,,0
692,2025-11-22,RVT-09,Rebite Estrutural de Convés,need-to-have,15,0,6,,0
693,2025-11-23,NAV-18,Módulo de Navegação Inercial,must-have,23,0,18,,0
693,2025-11-23,RVT-09,Rebite Estrutural de Convés,need-to-have,6,0,0,,0
694,2025-11-24,NAV-18,Módulo de Navegação Inercial,must-have,18,0,15,,0
694,2025-11-24,RVT-09,Rebite Estrutural de Convés,need-to-have,0,0,0,,0
695,2025-11-25,NAV-18,Módulo de Navegação Inercial,must-have,15,0,9,,0
695,2025-11-25,RVT-09,Rebite Estrutural de Convés,need-to-have,0,0,0,,0
696,2025-11-26,NAV-18,Módulo de Navegação Inercial,must-have,9,0,5,,0
696,2025-11-26,RVT-09,Rebite Estrutural de Convés,need-to-have,0,0,0,,0
697,2025-11-27,NAV-18,Módulo de Navegação Inercial,must-have,5,0,1,,0
697,2025-11-27,RVT-09,Rebite Estrutural de Convés,need-to-have,0,0,0,,0
698,2025-11-28,NAV-18,Módulo de Navegação Inercial,must-have,1,0,0,,0
698,2025-11-28,RVT-09,Rebite Estrutural de Convés,need-to-have,0,0,0,,0
699,2025-11-29,NAV-18,Módulo de Navegação Inercial,must-have,0,0,0,,0
699,2025-11-29,RVT-09,Rebite Estrutural de Convés,need-to-have,0,0,0,,0
700,2025-11-30,NAV-18,Módulo de Navegação Inercial,must-have,0,0,0,,0
700,2025-11-30,RVT-09,Rebite Estrutural de Convés,need-to-have,0,89,73,RVT-09-PO054,0
