day,date,sku,item_name,criticality,opening_stock,receipts_qty,closing_stock,po_ids_received,order_placed_qty
1,2024-01-01,CRT-44,Cartucho de Purga Criogênica,must-have,54,0,50,,0
1,2024-01-01,SEL-03,Selante para Compartimento Úmido,need-to-have,50,0,43,,0
2,2024-01-02,CRT-44,Cartucho de Purga Criogênica,must-have,50,0,40,,63
2,2024-01-02,SEL-03,Selante para Compartimento Úmido,need-to-have,43,0,40,,0
3,2024-01-03,CRT-44,Cartucho de Purga Criogênica,must-have,40,0,34,,0
3,2024-01-03,SEL-03,Selante para Compartimento Úmido,need-to-have,40,0,35,,61
4,2024-01-04,CRT-44,Cartucho de Purga Criogênica,must-have,34,0,30,,0
4,2024-01-04,SEL-03,Selante para Compartimento Úmido,need-to-have,35,0,28,,0
5,2024-01-05,CRT-44,Cartucho de Purga Criogênica,must-have,30,0,27,,0
5,2024-01-05,SEL-03,Selante para Compartimento Úmido,need-to-have,28,0,23,,0
6,2024-01-06,CRT-44,Cartucho de Purga Criogênica,must-have,27,63,83,CRT-44-PO001,0
6,2024-01-06,SEL-03,Selante para Compartimento Úmido,need-to-have,23,0,18,,0
7,2024-01-07,CRT-44,Cartucho de Purga Criogênica,must-have,83,0,80,,0
7,2024-01-07,SEL-03,Selante para Compartimento Úmido,need-to-have,18,0,13,,0
8,2024-01-08,CRT-44,Cartucho de Purga Criogênica,must-have,80,0,74,,0
8,2024-01-08,SEL-03,Selante para Compartimento Úmido,need-to-have,13,0,6,,0
9,2024-01-09,CRT-44,Cartucho de Purga Criogênica,must-have,74,0,68,,0
9,2024-01-09,SEL-03,Selante para Compartimento Úmido,need-to-have,6,61,67,SEL-03-PO001,0
10,2024-01-10,CRT-44,Cartucho de Purga Criogênica,must-have,68,0,64,,0
10,2024-01-10,SEL-03,Selante para Compartimento Úmido,need-to-have,67,0,63,,0
11,2024-01-11,CRT-44,Cartucho de Purga Criogênica,must-have,64,0,59,,0
11,2024-01-11,SEL-03,Selante para Compartimento Úmido,need-to-have,63,0,56,,0
12,2024-01-12,CRT-44,Cartucho de Purga Criogênica,must-have,59,0,53,,0
12,2024-01-12,SEL-03,Selante para Compartimento Úmido,need-to-have,56,0,52,,0
13,2024-01-13,CRT-44,Cartucho de Purga Criogênica,must-have,53,0,48,,0
13,2024-01-13,SEL-03,Selante para Compartimento Úmido,need-to-have,52,0,47,,0
14,2024-01-14,CRT-44,Cartucho de Purga Criogênica,must-have,48,0,43,,0
14,2024-01-14,SEL-03,Selante para Compartimento Úmido,need-to-have,47,0,41,,0
15,2024-01-15,CRT-44,Cartucho de Purga Criogênica,must-have,43,0,34,,72
15,2024-01-15,SEL-03,Selante para Compartimento Úmido,need-to-have,41,0,35,,57
16,2024-01-16,CRT-44,Cartucho de Purga Criogênica,must-have,34,0,28,,0
16,2024-01-16,SEL-03,Selante para Compartimento Úmido,need-to-have,35,0,31,,0
17,2024-01-17,CRT-44,Cartucho de Purga Criogênica,must-have,28,0,27,,0
17,2024-01-17,SEL-03,Selante para Compartimento Úmido,need-to-have,31,0,23,,0
18,2024-01-18,CRT-44,Cartucho de Purga Criogênica,must-have,27,0,19,,0
18,2024-01-18,SEL-03,Selante para Compartimento Úmido,need-to-have,23,0,19,,0
19,2024-01-19,CRT-44,Cartucho de Purga Criogênica,must-have,19,0,13,,0
19,2024-01-19,SEL-03,Selante para Compartimento Úmido,need-to-have,19,0,15,,0
20,2024-01-20,CRT-44,Cartucho de Purga Criogênica,must-have,13,0,3,,0
20,2024-01-20,SEL-03,Selante para Compartimento Úmido,need-to-have,15,0,8,,0
21,2024-01-21,CRT-44,Cartucho de Purga Criogênica,must-have,3,0,0,,0
21,2024-01-21,SEL-03,Selante para Compartimento Úmido,need-to-have,8,0,3,,0
22,2024-01-22,CRT-44,Cartucho de Purga Criogênica,must-have,0,0,0,,0
22,2024-01-22,SEL-03,Selante para Compartimento Úmido,need-to-have,3,0,0,,0
23,2024-01-23,CRT-44,Cartucho de Purga Criogênica,must-have,0,0,0,,0
23,2024-01-23,SEL-03,Selante para Compartimento Úmido,need-to-have,0,57,52,SEL-03-PO002,0
24,2024-01-24,CRT-44,Cartucho de Purga Criogênica,must-have,0,72,63,CRT-44-PO002,0
24,2024-01-24,SEL-03,Selante para Compartimento Úmido,need-to-have,52,0,49,,0
25,2024-01-25,CRT-44,Cartucho de Purga Criogênica,must-have,63,0,55,,0
25,2024-01-25,SEL-03,Selante para Compartimento Úmido,need-to-have,49,0,40,,0
26,2024-01-26,CRT-44,Cartucho de Purga Criogênica,must-have,55,0,43,,0
26,2024-01-26,SEL-03,Selante para Compartimento Úmido,need-to-have,40,0,36,,55
27,2024-01-27,CRT-44,Cartucho de Purga Criogênica,must-have,43,0,38,,73
27,2024-01-27,SEL-03,Selante para Compartimento Úmido,need-to-have,36,0,28,,0
28,2024-01-28,CRT-44,Cartucho de Purga Criogênica,must-have,38,0,34,,0
28,2024-01-28,SEL-03,Selante para Compartimento Úmido,need-to-have,28,0,22,,0
29,2024-01-29,CRT-44,Cartucho de Purga Criogênica,must-have,34,0,31,,0
29,2024-01-29,SEL-03,Selante para Compartimento Úmido,need-to-have,22,0,14,,0
30,2024-01-30,CRT-44,Cartucho de Purga Criogênica,must-have,31,0,23,,0
30,2024-01-30,SEL-03,Selante para Compartimento Úmido,need-to-have,14,0,7,,0
31,2024-01-31,CRT-44,Cartucho de Purga Criogênica,must-have,23,0,17,,0
31,2024-01-31,SEL-03,Selante para Compartimento Úmido,need-to-have,7,0,1,,0
32,2024-02-01,CRT-44,Cartucho de Purga Criogênica,must-have,17,0,14,,0
32,2024-02-01,SEL-03,Selante para Compartimento Úmido,need-to-have,1,0,0,,0
33,2024-02-02,CRT-44,Cartucho de Purga Criogênica,must-have,14,0,7,,0
33,2024-02-02,SEL-03,Selante para Compartimento Úmido,need-to-have,0,0,0,,0
34,2024-02-03,CRT-44,Cartucho de Purga Criogênica,must-have,7,0,0,,0
34,2024-02-03,SEL-03,Selante para Compartimento Úmido,need-to-have,0,0,0,,0
35,2024-02-04,CRT-44,Cartucho de Purga Criogênica,must-have,0,0,0,,0
35,2024-02-04,SEL-03,Selante para Compartimento Úmido,need-to-have,0,0,0,,0
36,2024-02-05,CRT-44,Cartucho de Purga Criogênica,must-have,0,0,0,,0
36,2024-02-05,SEL-03,Selante para Compartimento Úmido,need-to-have,0,0,0,,0
37,2024-02-06,CRT-44,Cartucho de Purga Criogênica,must-have,0,0,0,,0
37,2024-02-06,SEL-03,Selante para Compartimento Úmido,need-to-have,0,55,52,SEL-03-PO003,0
38,2024-02-07,CRT-44,Cartucho de Purga Criogênica,must-have,0,0,0,,0
38,2024-02-07,SEL-03,Selante para Compartimento Úmido,need-to-have,52,0,46,,0
39,2024-02-08,CRT-44,Cartucho de Purga Criogênica,must-have,0,66,61,CRT-44-PO003,0
39,2024-02-08,SEL-03,Selante para Compartimento Úmido,need-to-have,46,0,42,,0
40,2024-02-09,CRT-44,Cartucho de Purga Criogênica,must-have,61,0,54,,0
40,2024-02-09,SEL-03,Selante para Compartimento Úmido,need-to-have,42,0,38,,61
41,2024-02-10,CRT-44,Cartucho de Purga Criogênica,must-have,54,0,46,,0
41,2024-02-10,SEL-03,Selante para Compartimento Úmido,need-to-have,38,0,31,,0
42,2024-02-11,CRT-44,Cartucho de Purga Criogênica,must-have,46,0,42,,0
42,2024-02-11,SEL-03,Selante para Compartimento Úmido,need-to-have,31,0,26,,0
43,2024-02-12,CRT-44,Cartucho de Purga Criogênica,must-have,42,0,36,,68
43,2024-02-12,SEL-03,Selante para Compartimento Úmido,need-to-have,26,0,24,,0
44,2024-02-13,CRT-44,Cartucho de Purga Criogênica,must-have,36,0,26,,0
44,2024-02-13,SEL-03,Selante para Compartimento Úmido,need-to-have,24,0,21,,0
45,2024-02-14,CRT-44,Cartucho de Purga Criogênica,must-have,26,0,21,,0
45,2024-02-14,SEL-03,Selante para Compartimento Úmido,need-to-have,21,0,12,,0
46,2024-02-15,CRT-44,Cartucho de Purga Criogênica,must-have,21,0,17,,0
46,2024-02-15,SEL-03,Selante para Compartimento Úmido,need-to-have,12,0,5,,0
47,2024-02-16,CRT-44,Cartucho de Purga Criogênica,must-have,17,0,8,,0
47,2024-02-16,SEL-03,Selante para Compartimento Úmido,need-to-have,5,0,0,,0
48,2024-02-17,CRT-44,Cartucho de Purga Criogênica,must-have,8,0,0,,0
48,2024-02-17,SEL-03,Selante para Compartimento Úmido,need-to-have,0,0,0,,0
49,2024-02-18,CRT-44,Cartucho de Purga Criogênica,must-have,0,0,0,,0
49,2024-02-18,SEL-03,Selante para Compartimento Úmido,need-to-have,0,0,0,,0
50,2024-02-19,CRT-44,Cartucho de Purga Criogênica,must-have,0,0,0,,0
50,2024-02-19,SEL-03,Selante para Compartimento Úmido,need-to-have,0,0,0,,0
51,2024-02-20,CRT-44,Cartucho de Purga Criogênica,must-have,0,0,0,,0
51,2024-02-20,SEL-03,Selante para Compartimento Úmido,need-to-have,0,0,0,,0
52,2024-02-21,CRT-44,Cartucho de Purga Criogênica,must-have,0,68,63,CRT-44-PO004,0
52,2024-02-21,SEL-03,Selante para Compartimento Úmido,need-to-have,0,0,0,,0
53,2024-02-22,CRT-44,Cartucho de Purga Criogênica,must-have,63,0,54,,0
53,2024-02-22,SEL-03,Selante para Compartimento Úmido,need-to-have,0,0,0,,0
54,2024-02-23,CRT-44,Cartucho de Purga Criogênica,must-have,54,0,45,,0
54,2024-02-23,SEL-03,Selante para Compartimento Úmido,need-to-have,0,0,0,,0
55,2024-02-24,CRT-44,Cartucho de Purga Criogênica,must-have,45,0,41,,60
55,2024-02-24,SEL-03,Selante para Compartimento Úmido,need-to-have,0,0,0,,0
56,2024-02-25,CRT-44,Cartucho de Purga Criogênica,must-have,41,0,31,,0
56,2024-02-25,SEL-03,Selante para Compartimento Úmido,need-to-have,0,0,0,,0
57,2024-02-26,CRT-44,Cartucho de Purga Criogênica,must-have,31,0,20,,0
57,2024-02-26,SEL-03,Selante para Compartimento Úmido,need-to-have,0,0,0,,0
58,2024-02-27,CRT-44,Cartucho de Purga Criogênica,must-have,20,0,13,,0
58,2024-02-27,SEL-03,Selante para Compartimento Úmido,need-to-have,0,0,0,,0
59,2024-02-28,CRT-44,Cartucho de Purga Criogênica,must-have,13,0,4,,0
59,2024-02-28,SEL-03,Selante para Compartimento Úmido,need-to-have,0,0,0,,0
60,2024-02-29,CRT-44,Cartucho de Purga Criogênica,must-have,4,0,0,,0
60,2024-02-29,SEL-03,Selante para Compartimento Úmido,need-to-have,0,61,56,SEL-03-PO004,0
61,2024-03-01,CRT-44,Cartucho de Purga Criogênica,must-have,0,60,50,CRT-44-PO005,0
61,2024-03-01,SEL-03,Selante para Compartimento Úmido,need-to-have,56,0,46,,0
62,2024-03-02,CRT-44,Cartucho de Purga Criogênica,must-have,50,0,43,,0
62,2024-03-02,SEL-03,Selante para Compartimento Úmido,need-to-have,46,0,40,,0
63,2024-03-03,CRT-44,Cartucho de Purga Criogênica,must-have,43,0,31,,61
63,2024-03-03,SEL-03,Selante para Compartimento Úmido,need-to-have,40,0,37,,56
64,2024-03-04,CRT-44,Cartucho de Purga Criogênica,must-have,31,0,18,,0
64,2024-03-04,SEL-03,Selante para Compartimento Úmido,need-to-have,37,0,31,,0
65,2024-03-05,CRT-44,Cartucho de Purga Criogênica,must-have,18,0,13,,0
65,2024-03-05,SEL-03,Selante para Compartimento Úmido,need-to-have,31,0,24,,0
66,2024-03-06,CRT-44,Cartucho de Purga Criogênica,must-have,13,0,9,,0
66,2024-03-06,SEL-03,Selante para Compartimento Úmido,need-to-have,24,0,19,,0
67,2024-03-07,CRT-44,Cartucho de Purga Criogênica,must-have,9,0,4,,0
67,2024-03-07,SEL-03,Selante para Compartimento Úmido,need-to-have,19,0,12,,0
68,2024-03-08,CRT-44,Cartucho de Purga Criogênica,must-have,4,0,0,,0
68,2024-03-08,SEL-03,Selante para Compartimento Úmido,need-to-have,12,0,7,,0
69,2024-03-09,CRT-44,Cartucho de Purga Criogênica,must-have,0,61,53,CRT-44-PO006,0
69,2024-03-09,SEL-03,Selante para Compartimento Úmido,need-to-have,7,0,4,,0
70,2024-03-10,CRT-44,Cartucho de Purga Criogênica,must-have,53,0,46,,0
70,2024-03-10,SEL-03,Selante para Compartimento Úmido,need-to-have,4,0,0,,0
71,2024-03-11,CRT-44,Cartucho de Purga Criogênica,must-have,46,0,40,,60
71,2024-03-11,SEL-03,Selante para Compartimento Úmido,need-to-have,0,0,0,,0
72,2024-03-12,CRT-44,Cartucho de Purga Criogênica,must-have,40,0,33,,0
72,2024-03-12,SEL-03,Selante para Compartimento Úmido,need-to-have,0,0,0,,0
73,2024-03-13,CRT-44,Cartucho de Purga Criogênica,must-have,33,0,25,,0
73,2024-03-13,SEL-03,Selante para Compartimento Úmido,need-to-have,0,56,50,SEL-03-PO005,0
74,2024-03-14,CRT-44,Cartucho de Purga Criogênica,must-have,25,0,19,,0
74,2024-03-14,SEL-03,Selante para Compartimento Úmido,need-to-have,50,0,43,,0
75,2024-03-15,CRT-44,Cartucho de Purga Criogênica,must-have,19,0,11,,0
75,2024-03-15,SEL-03,Selante para Compartimento Úmido,need-to-have,43,0,37,,57
76,2024-03-16,CRT-44,Cartucho de Purga Criogênica,must-have,11,0,1,,0
76,2024-03-16,SEL-03,Selante para Compartimento Úmido,need-to-have,37,0,31,,0
77,2024-03-17,CRT-44,Cartucho de Purga Criogênica,must-have,1,0,0,,0
77,2024-03-17,SEL-03,Selante para Compartimento Úmido,need-to-have,31,0,22,,0
78,2024-03-18,CRT-44,Cartucho de Purga Criogênica,must-have,0,0,0,,0
78,2024-03-18,SEL-03,Selante para Compartimento Úmido,need-to-have,22,0,16,,0
79,2024-03-19,CRT-44,Cartucho de Purga Criogênica,must-have,0,0,0,,0
79,2024-03-19,SEL-03,Selante para Compartimento Úmido,need-to-have,16,0,10,,0
80,2024-03-20,CRT-44,Cartucho de Purga Criogênica,must-have,0,0,0,,0
80,2024-03-20,SEL-03,Selante para Compartimento Úmido,need-to-have,10,0,2,,0
81,2024-03-21,CRT-44,Cartucho de Purga Criogênica,must-have,0,0,0,,0
81,2024-03-21,SEL-03,Selante para Compartimento Úmido,need-to-have,2,0,0,,0
82,2024-03-22,CRT-44,Cartucho de Purga Criogênica,must-have,0,54,44,CRT-44-PO007,0
82,2024-03-22,SEL-03,Selante para Compartimento Úmido,need-to-have,0,0,0,,0
83,2024-03-23,CRT-44,Cartucho de Purga Criogênica,must-have,44,0,34,,67
83,2024-03-23,SEL-03,Selante para Compartimento Úmido,need-to-have,0,0,0,,0
84,2024-03-24,CRT-44,Cartucho de Purga Criogênica,must-have,34,0,28,,0
84,2024-03-24,SEL-03,Selante para Compartimento Úmido,need-to-have,0,0,0,,0
85,2024-03-25,CRT-44,Cartucho de Purga Criogênica,must-have,28,0,18,,0
85,2024-03-25,SEL-03,Selante para Compartimento Úmido,need-to-have,0,0,0,,0
86,2024-03-26,CRT-44,Cartucho de Purga Criogênica,must-have,18,0,11,,0
86,2024-03-26,SEL-03,Selante para Compartimento Úmido,need-to-have,0,0,0,,0
87,2024-03-27,CRT-44,Cartucho de Purga Criogênica,must-have,11,0,4,,0
87,2024-03-27,SEL-03,Selante para Compartimento Úmido,need-to-have,0,57,53,SEL-03-PO006,0
88,2024-03-28,CRT-44,Cartucho de Purga Criogênica,must-have,4,0,0,,0
88,2024-03-28,SEL-03,Selante para Compartimento Úmido,need-to-have,53,0,47,,0
89,2024-03-29,CRT-44,Cartucho de Purga Criogênica,must-have,0,0,0,,0
89,2024-03-29,SEL-03,Selante para Compartimento Úmido,need-to-have,47,0,38,,67
90,2024-03-30,CRT-44,Cartucho de Purga Criogênica,must-have,0,0,0,,0
90,2024-03-30,SEL-03,Selante para Compartimento Úmido,need-to-have,38,0,33,,0
91,2024-03-31,CRT-44,Cartucho de Purga Criogênica,must-have,0,0,0,,0
91,2024-03-31,SEL-03,Selante para Compartimento Úmido,need-to-have,33,0,29,,0
92,2024-04-01,CRT-44,Cartucho de Purga Criogênica,must-have,0,0,0,,0
92,2024-04-01,SEL-03,Selante para Compartimento Úmido,need-to-have,29,0,24,,0
93,2024-04-02,CRT-44,Cartucho de Purga Criogênica,must-have,0,0,0,,0
93,2024-04-02,SEL-03,Selante para Compartimento Úmido,need-to-have,24,0,18,,0
94,2024-04-03,CRT-44,Cartucho de Purga Criogênica,must-have,0,0,0,,0
94,2024-04-03,SEL-03,Selante para Compartimento Úmido,need-to-have,18,0,13,,0
95,2024-04-04,CRT-44,Cartucho de Purga Criogênica,must-have,0,0,0,,0
95,2024-04-04,SEL-03,Selante para Compartimento Úmido,need-to-have,13,0,7,,0
96,2024-04-05,CRT-44,Cartucho de Purga Criogênica,must-have,0,0,0,,0
96,2024-04-05,SEL-03,Selante para Compartimento Úmido,need-to-have,7,0,0,,0
97,2024-04-06,CRT-44,Cartucho de Purga Criogênica,must-have,0,67,59,CRT-44-PO008,0
97,2024-04-06,SEL-03,Selante para Compartimento Úmido,need-to-have,0,0,0,,0
98,2024-04-07,CRT-44,Cartucho de Purga Criogênica,must-have,59,0,49,,0
98,2024-04-07,SEL-03,Selante para Compartimento Úmido,need-to-have,0,0,0,,0
99,2024-04-08,CRT-44,Cartucho de Purga Criogênica,must-have,49,0,45,,0
99,2024-04-08,SEL-03,Selante para Compartimento Úmido,need-to-have,0,0,0,,0
100,2024-04-09,CRT-44,Cartucho de Purga Criogênica,must-have,45,0,39,,71
100,2024-04-09,SEL-03,Selante para Compartimento Úmido,need-to-have,0,0,0,,0
101,2024-04-10,CRT-44,Cartucho de Purga Criogênica,must-have,39,0,31,,0
101,2024-04-10,SEL-03,Selante para Compartimento Úmido,need-to-have,0,0,0,,0
102,2024-04-11,CRT-44,Cartucho de Purga Criogênica,must-have,31,0,26,,0
102,2024-04-11,SEL-03,Selante para Compartimento Úmido,need-to-have,0,0,0,,0
103,2024-04-12,CRT-44,Cartucho de Purga Criogênica,must-have,26,0,20,,0
103,2024-04-12,SEL-03,Selante para Compartimento Úmido,need-to-have,0,0,0,,0
104,2024-04-13,CRT-44,Cartucho de Purga Criogênica,must-have,20,0,12,,0
104,2024-04-13,SEL-03,Selante para Compartimento Úmido,need-to-have,0,67,60,SEL-03-PO007,0
105,2024-04-14,CRT-44,Cartucho de Purga Criogênica,must-have,12,0,5,,0
105,2024-04-14,SEL-03,Selante para Compartimento Úmido,need-to-have,60,0,57,,0
106,2024-04-15,CRT-44,Cartucho de Purga Criogênica,must-have,5,0,3,,0
106,2024-04-15,SEL-03,Selante para Compartimento Úmido,need-to-have,57,0,53,,0
107,2024-04-16,CRT-44,Cartucho de Purga Criogênica,must-have,3,0,0,,0
107,2024-04-16,SEL-03,Selante para Compartimento Úmido,need-to-have,53,0,48,,0
108,2024-04-17,CRT-44,Cartucho de Purga Criogênica,must-have,0,0,0,,0
108,2024-04-17,SEL-03,Selante para Compartimento Úmido,need-to-have,48,0,40,,0
109,2024-04-18,CRT-44,Cartucho de Purga Criogênica,must-have,0,0,0,,0
109,2024-04-18,SEL-03,Selante para Compartimento Úmido,need-to-have,40,0,30,,62
110,2024-04-19,CRT-44,Cartucho de Purga Criogênica,must-have,0,0,0,,0
110,2024-04-19,SEL-03,Selante para Compartimento Úmido,need-to-have,30,0,25,,0
111,2024-04-20,CRT-44,Cartucho de Purga Criogênica,must-have,0,71,66,CRT-44-PO009,0
111,2024-04-20,SEL-03,Selante para Compartimento Úmido,need-to-have,25,0,22,,0
112,2024-04-21,CRT-44,Cartucho de Purga Criogênica,must-have,66,0,57,,0
112,2024-04-21,SEL-03,Selante para Compartimento Úmido,need-to-have,22,0,17,,0
113,2024-04-22,CRT-44,Cartucho de Purga Criogênica,must-have,57,0,44,,0
113,2024-04-22,SEL-03,Selante para Compartimento Úmido,need-to-have,17,0,13,,0
114,2024-04-23,CRT-44,Cartucho de Purga Criogênica,must-have,44,0,36,,69
114,2024-04-23,SEL-03,Selante para Compartimento Úmido,need-to-have,13,0,8,,0
115,2024-04-24,CRT-44,Cartucho de Purga Criogênica,must-have,36,0,29,,0
115,2024-04-24,SEL-03,Selante para Compartimento Úmido,need-to-have,8,0,4,,0
116,2024-04-25,CRT-44,Cartucho de Purga Criogênica,must-have,29,0,18,,0
116,2024-04-25,SEL-03,Selante para Compartimento Úmido,need-to-have,4,0,0,,0
117,2024-04-26,CRT-44,Cartucho de Purga Criogênica,must-have,18,0,7,,0
117,2024-04-26,SEL-03,Selante para Compartimento Úmido,need-to-have,0,62,55,SEL-03-PO008,0
118,2024-04-27,CRT-44,Cartucho de Purga Criogênica,must-have,7,0,1,,0
118,2024-04-27,SEL-03,Selante para Compartimento Úmido,need-to-have,55,0,50,,0
119,2024-04-28,CRT-44,Cartucho de Purga Criogênica,must-have,1,0,0,,0
119,2024-04-28,SEL-03,Selante para Compartimento Úmido,need-to-have,50,0,45,,0
120,2024-04-29,CRT-44,Cartucho de Purga Criogênica,must-have,0,0,0,,0
120,2024-04-29,SEL-03,Selante para Compartimento Úmido,need-to-have,45,0,40,,0
121,2024-04-30,CRT-44,Cartucho de Purga Criogênica,must-have,0,0,0,,0
121,2024-04-30,SEL-03,Selante para Compartimento Úmido,need-to-have,40,0,33,,68
122,2024-05-01,CRT-44,Cartucho de Purga Criogênica,must-have,0,0,0,,0
122,2024-05-01,SEL-03,Selante para Compartimento Úmido,need-to-have,33,0,26,,0
123,2024-05-02,CRT-44,Cartucho de Purga Criogênica,must-have,0,0,0,,0
123,2024-05-02,SEL-03,Selante para Compartimento Úmido,need-to-have,26,0,22,,0
124,2024-05-03,CRT-44,Cartucho de Purga Criogênica,must-have,0,0,0,,0
124,2024-05-03,SEL-03,Selante para Compartimento Úmido,need-to-have,22,0,15,,0
125,2024-05-04,CRT-44,Cartucho de Purga Criogênica,must-have,0,0,0,,0
125,2024-05-04,SEL-03,Selante para Compartimento Úmido,need-to-have,15,0,8,,0
126,2024-05-05,CRT-44,Cartucho de Purga Criogênica,must-have,0,0,0,,0
126,2024-05-05,SEL-03,Selante para Compartimento Úmido,need-to-have,8,0,4,,0
127,2024-05-06,CRT-44,Cartucho de Purga Criogênica,must-have,0,69,62,CRT-44-PO010,0
127,2024-05-06,SEL-03,Selante para Compartimento Úmido,need-to-have,4,0,0,,0
128,2024-05-07,CRT-44,Cartucho de Purga Criogênica,must-have,62,0,57,,0
128,2024-05-07,SEL-03,Selante para Compartimento Úmido,need-to-have,0,0,0,,0
129,2024-05-08,CRT-44,Cartucho de Purga Criogênica,must-have,57,0,46,,0
129,2024-05-08,SEL-03,Selante para Compartimento Úmido,need-to-have,0,0,0,,0
130,2024-05-09,CRT-44,Cartucho de Purga Criogênica,must-have,46,0,40,,73
130,2024-05-09,SEL-03,Selante para Compartimento Úmido,need-to-have,0,68,61,SEL-03-PO009,0
131,2024-05-10,CRT-44,Cartucho de Purga Criogênica,must-have,40,0,34,,0
131,2024-05-10,SEL-03,Selante para Compartimento Úmido,need-to-have,61,0,54,,0
132,2024-05-11,CRT-44,Cartucho de Purga Criogênica,must-have,34,0,27,,0
132,2024-05-11,SEL-03,Selante para Compartimento Úmido,need-to-have,54,0,48,,0
133,2024-05-12,CRT-44,Cartucho de Purga Criogênica,must-have,27,0,20,,0
133,2024-05-12,SEL-03,Selante para Compartimento Úmido,need-to-have,48,0,40,,0
134,2024-05-13,CRT-44,Cartucho de Purga Criogênica,must-have,20,0,10,,0
134,2024-05-13,SEL-03,Selante para Compartimento Úmido,need-to-have,40,0,34,,65
135,2024-05-14,CRT-44,Cartucho de Purga Criogênica,must-have,10,0,1,,0
135,2024-05-14,SEL-03,Selante para Compartimento Úmido,need-to-have,34,0,29,,0
136,2024-05-15,CRT-44,Cartucho de Purga Criogênica,must-have,1,73,65,CRT-44-PO011,0
136,2024-05-15,SEL-03,Selante para Compartimento Úmido,need-to-have,29,0,26,,0
137,2024-05-16,CRT-44,Cartucho de Purga Criogênica,must-have,65,0,60,,0
137,2024-05-16,SEL-03,Selante para Compartimento Úmido,need-to-have,26,0,19,,0
138,2024-05-17,CRT-44,Cartucho de Purga Criogênica,must-have,60,0,51,,0
138,2024-05-17,SEL-03,Selante para Compartimento Úmido,need-to-have,19,0,14,,0
139,2024-05-18,CRT-44,Cartucho de Purga Criogênica,must-have,51,0,42,,0
139,2024-05-18,SEL-03,Selante para Compartimento Úmido,need-to-have,14,0,9,,0
140,2024-05-19,CRT-44,Cartucho de Purga Criogênica,must-have,42,0,39,,67
140,2024-05-19,SEL-03,Selante para Compartimento Úmido,need-to-have,9,0,5,,0
141,2024-05-20,CRT-44,Cartucho de Purga Criogênica,must-have,39,0,35,,0
141,2024-05-20,SEL-03,Selante para Compartimento Úmido,need-to-have,5,0,0,,0
142,2024-05-21,CRT-44,Cartucho de Purga Criogênica,must-have,35,0,29,,0
142,2024-05-21,SEL-03,Selante para Compartimento Úmido,need-to-have,0,0,0,,0
143,2024-05-22,CRT-44,Cartucho de Purga Criogênica,must-have,29,0,23,,0
143,2024-05-22,SEL-03,Selante para Compartimento Úmido,need-to-have,0,65,61,SEL-03-PO010,0
144,2024-05-23,CRT-44,Cartucho de Purga Criogênica,must-have,23,0,16,,0
144,2024-05-23,SEL-03,Selante para Compartimento Úmido,need-to-have,61,0,55,,0
145,2024-05-24,CRT-44,Cartucho de Purga Criogênica,must-have,16,0,10,,0
145,2024-05-24,SEL-03,Selante para Compartimento Úmido,need-to-have,55,0,49,,0
146,2024-05-25,CRT-44,Cartucho de Purga Criogênica,must-have,10,0,1,,0
146,2024-05-25,SEL-03,Selante para Compartimento Úmido,need-to-have,49,0,42,,0
147,2024-05-26,CRT-44,Cartucho de Purga Criogênica,must-have,1,0,0,,0
147,2024-05-26,SEL-03,Selante para Compartimento Úmido,need-to-have,42,0,36,,56
148,2024-05-27,CRT-44,Cartucho de Purga Criogênica,must-have,0,0,0,,0
148,2024-05-27,SEL-03,Selante para Compartimento Úmido,need-to-have,36,0,26,,0
149,2024-05-28,CRT-44,Cartucho de Purga Criogênica,must-have,0,67,57,CRT-44-PO012,0
149,2024-05-28,SEL-03,Selante para Compartimento Úmido,need-to-have,26,0,22,,0
150,2024-05-29,CRT-44,Cartucho de Purga Criogênica,must-have,57,0,51,,0
150,2024-05-29,SEL-03,Selante para Compartimento Úmido,need-to-have,22,0,19,,0
151,2024-05-30,CRT-44,Cartucho de Purga Criogênica,must-have,51,0,46,,0
151,2024-05-30,SEL-03,Selante para Compartimento Úmido,need-to-have,19,0,12,,0
152,2024-05-31,CRT-44,Cartucho de Purga Criogênica,must-have,46,0,32,,69
152,2024-05-31,SEL-03,Selante para Compartimento Úmido,need-to-have,12,0,7,,0
153,2024-06-01,CRT-44,Cartucho de Purga Criogênica,must-have,32,0,30,,0
153,2024-06-01,SEL-03,Selante para Compartimento Úmido,need-to-have,7,0,0,,0
154,2024-06-02,CRT-44,Cartucho de Purga Criogênica,must-have,30,0,23,,0
154,2024-06-02,SEL-03,Selante para Compartimento Úmido,need-to-have,0,0,0,,0
155,2024-06-03,CRT-44,Cartucho de Purga Criogênica,must-have,23,0,13,,0
155,2024-06-03,SEL-03,Selante para Compartimento Úmido,need-to-have,0,0,0,,0
156,2024-06-04,CRT-44,Cartucho de Purga Criogênica,must-have,13,69,77,CRT-44-PO013,0
156,2024-06-04,SEL-03,Selante para Compartimento Úmido,need-to-have,0,0,0,,0
157,2024-06-05,CRT-44,Cartucho de Purga Criogênica,must-have,77,0,68,,0
157,2024-06-05,SEL-03,Selante para Compartimento Úmido,need-to-have,0,56,53,SEL-03-PO011,0
158,2024-06-06,CRT-44,Cartucho de Purga Criogênica,must-have,68,0,60,,0
158,2024-06-06,SEL-03,Selante para Compartimento Úmido,need-to-have,53,0,50,,0
159,2024-06-07,CRT-44,Cartucho de Purga Criogênica,must-have,60,0,54,,0
159,2024-06-07,SEL-03,Selante para Compartimento Úmido,need-to-have,50,0,43,,0
160,2024-06-08,CRT-44,Cartucho de Purga Criogênica,must-have,54,0,49,,0
160,2024-06-08,SEL-03,Selante para Compartimento Úmido,need-to-have,43,0,36,,60
161,2024-06-09,CRT-44,Cartucho de Purga Criogênica,must-have,49,0,41,,62
161,2024-06-09,SEL-03,Selante para Compartimento Úmido,need-to-have,36,0,32,,0
162,2024-06-10,CRT-44,Cartucho de Purga Criogênica,must-have,41,0,33,,0
162,2024-06-10,SEL-03,Selante para Compartimento Úmido,need-to-have,32,0,25,,0
163,2024-06-11,CRT-44,Cartucho de Purga Criogênica,must-have,33,0,21,,0
163,2024-06-11,SEL-03,Selante para Compartimento Úmido,need-to-have,25,0,22,,0
164,2024-06-12,CRT-44,Cartucho de Purga Criogênica,must-have,21,0,12,,0
164,2024-06-12,SEL-03,Selante para Compartimento Úmido,need-to-have,22,0,15,,0
165,2024-06-13,CRT-44,Cartucho de Purga Criogênica,must-have,12,0,3,,0
165,2024-06-13,SEL-03,Selante para Compartimento Úmido,need-to-have,15,0,12,,0
166,2024-06-14,CRT-44,Cartucho de Purga Criogênica,must-have,3,0,0,,0
166,2024-06-14,SEL-03,Selante para Compartimento Úmido,need-to-have,12,0,7,,0
167,2024-06-15,CRT-44,Cartucho de Purga Criogênica,must-have,0,0,0,,0
167,2024-06-15,SEL-03,Selante para Compartimento Úmido,need-to-have,7,0,2,,0
168,2024-06-16,CRT-44,Cartucho de Purga Criogênica,must-have,0,0,0,,0
168,2024-06-16,SEL-03,Selante para Compartimento Úmido,need-to-have,2,0,0,,0
169,2024-06-17,CRT-44,Cartucho de Purga Criogênica,must-have,0,0,0,,0
169,2024-06-17,SEL-03,Selante para Compartimento Úmido,need-to-have,0,0,0,,0
170,2024-06-18,CRT-44,Cartucho de Purga Criogênica,must-have,0,0,0,,0
170,2024-06-18,SEL-03,Selante para Compartimento Úmido,need-to-have,0,0,0,,0
171,2024-06-19,CRT-44,Cartucho de Purga Criogênica,must-have,0,0,0,,0
171,2024-06-19,SEL-03,Selante para Compartimento Úmido,need-to-have,0,0,0,,0
172,2024-06-20,CRT-44,Cartucho de Purga Criogênica,must-have,0,0,0,,0
172,2024-06-20,SEL-03,Selante para Compartimento Úmido,need-to-have,0,0,0,,0
173,2024-06-21,CRT-44,Cartucho de Purga Criogênica,must-have,0,0,0,,0
173,2024-06-21,SEL-03,Selante para Compartimento Úmido,need-to-have,0,48,42,SEL-03-PO012,0
174,2024-06-22,CRT-44,Cartucho de Purga Criogênica,must-have,0,0,0,,0
174,2024-06-22,SEL-03,Selante para Compartimento Úmido,need-to-have,42,0,35,,63
175,2024-06-23,CRT-44,Cartucho de Purga Criogênica,must-have,0,62,56,CRT-44-PO014,0
175,2024-06-23,SEL-03,Selante para Compartimento Úmido,need-to-have,35,0,30,,0
176,2024-06-24,CRT-44,Cartucho de Purga Criogênica,must-have,56,0,52,,0
176,2024-06-24,SEL-03,Selante para Compartimento Úmido,need-to-have,30,0,26,,0
177,2024-06-25,CRT-44,Cartucho de Purga Criogênica,must-have,52,0,41,,67
177,2024-06-25,SEL-03,Selante para Compartimento Úmido,need-to-have,26,0,23,,0
178,2024-06-26,CRT-44,Cartucho de Purga Criogênica,must-have,41,0,33,,0
178,2024-06-26,SEL-03,Selante para Compartimento Úmido,need-to-have,23,0,17,,0
179,2024-06-27,CRT-44,Cartucho de Purga Criogênica,must-have,33,0,29,,0
179,2024-06-27,SEL-03,Selante para Compartimento Úmido,need-to-have,17,0,17,,0
180,2024-06-28,CRT-44,Cartucho de Purga Criogênica,must-have,29,0,25,,0
180,2024-06-28,SEL-03,Selante para Compartimento Úmido,need-to-have,17,0,15,,0
181,2024-06-29,CRT-44,Cartucho de Purga Criogênica,must-have,25,0,19,,0
181,2024-06-29,SEL-03,Selante para Compartimento Úmido,need-to-have,15,0,10,,0
182,2024-06-30,CRT-44,Cartucho de Purga Criogênica,must-have,19,0,15,,0
182,2024-06-30,SEL-03,Selante para Compartimento Úmido,need-to-have,10,0,2,,0
183,2024-07-01,CRT-44,Cartucho de Purga Criogênica,must-have,15,0,11,,0
183,2024-07-01,SEL-03,Selante para Compartimento Úmido,need-to-have,2,0,0,,0
184,2024-07-02,CRT-44,Cartucho de Purga Criogênica,must-have,11,0,4,,0
184,2024-07-02,SEL-03,Selante para Compartimento Úmido,need-to-have,0,0,0,,0
185,2024-07-03,CRT-44,Cartucho de Purga Criogênica,must-have,4,0,0,,0
185,2024-07-03,SEL-03,Selante para Compartimento Úmido,need-to-have,0,0,0,,0
186,2024-07-04,CRT-44,Cartucho de Purga Criogênica,must-have,0,0,0,,0
186,2024-07-04,SEL-03,Selante para Compartimento Úmido,need-to-have,0,0,0,,0
187,2024-07-05,CRT-44,Cartucho de Purga Criogênica,must-have,0,0,0,,0
187,2024-07-05,SEL-03,Selante para Compartimento Úmido,need-to-have,0,0,0,,0
188,2024-07-06,CRT-44,Cartucho de Purga Criogênica,must-have,0,0,0,,0
188,2024-07-06,SEL-03,Selante para Compartimento Úmido,need-to-have,0,0,0,,0
189,2024-07-07,CRT-44,Cartucho de Purga Criogênica,must-have,0,0,0,,0
189,2024-07-07,SEL-03,Selante para Compartimento Úmido,need-to-have,0,0,0,,0
190,2024-07-08,CRT-44,Cartucho de Purga Criogênica,must-have,0,0,0,,0
190,2024-07-08,SEL-03,Selante para Compartimento Úmido,need-to-have,0,0,0,,0
191,2024-07-09,CRT-44,Cartucho de Purga Criogênica,must-have,0,0,0,,0
191,2024-07-09,SEL-03,Selante para Compartimento Úmido,need-to-have,0,63,57,SEL-03-PO013,0
192,2024-07-10,CRT-44,Cartucho de Purga Criogênica,must-have,0,67,53,CRT-44-PO015,0
192,2024-07-10,SEL-03,Selante para Compartimento Úmido,need-to-have,57,0,49,,0
193,2024-07-11,CRT-44,Cartucho de Purga Criogênica,must-have,53,0,48,,0
193,2024-07-11,SEL-03,Selante para Compartimento Úmido,need-to-have,49,0,44,,0
194,2024-07-12,CRT-44,Cartucho de Purga Criogênica,must-have,48,0,42,,0
194,2024-07-12,SEL-03,Selante para Compartimento Úmido,need-to-have,44,0,39,,57
195,2024-07-13,CRT-44,Cartucho de Purga Criogênica,must-have,42,0,37,,71
195,2024-07-13,SEL-03,Selante para Compartimento Úmido,need-to-have,39,0,36,,0
196,2024-07-14,CRT-44,Cartucho de Purga Criogênica,must-have,37,0,33,,0
196,2024-07-14,SEL-03,Selante para Compartimento Úmido,need-to-have,36,0,28,,0
197,2024-07-15,CRT-44,Cartucho de Purga Criogênica,must-have,33,0,26,,0
197,2024-07-15,SEL-03,Selante para Compartimento Úmido,need-to-have,28,0,22,,0
198,2024-07-16,CRT-44,Cartucho de Purga Criogênica,must-have,26,0,19,,0
198,2024-07-16,SEL-03,Selante para Compartimento Úmido,need-to-have,22,0,16,,0
199,2024-07-17,CRT-44,Cartucho de Purga Criogênica,must-have,19,0,15,,0
199,2024-07-17,SEL-03,Selante para Compartimento Úmido,need-to-have,16,0,10,,0
200,2024-07-18,CRT-44,Cartucho de Purga Criogênica,must-have,15,0,8,,0
200,2024-07-18,SEL-03,Selante para Compartimento Úmido,need-to-have,10,0,3,,0
201,2024-07-19,CRT-44,Cartucho de Purga Criogênica,must-have,8,0,3,,0
201,2024-07-19,SEL-03,Selante para Compartimento Úmido,need-to-have,3,0,0,,0
202,2024-07-20,CRT-44,Cartucho de Purga Criogênica,must-have,3,0,0,,0
202,2024-07-20,SEL-03,Selante para Compartimento Úmido,need-to-have,0,0,0,,0
203,2024-07-21,CRT-44,Cartucho de Purga Criogênica,must-have,0,0,0,,0
203,2024-07-21,SEL-03,Selante para Compartimento Úmido,need-to-have,0,0,0,,0
204,2024-07-22,CRT-44,Cartucho de Purga Criogênica,must-have,0,0,0,,0
204,2024-07-22,SEL-03,Selante para Compartimento Úmido,need-to-have,0,0,0,,0
205,2024-07-23,CRT-44,Cartucho de Purga Criogênica,must-have,0,0,0,,0
205,2024-07-23,SEL-03,Selante para Compartimento Úmido,need-to-have,0,0,0,,0
206,2024-07-24,CRT-44,Cartucho de Purga Criogênica,must-have,0,0,0,,0
206,2024-07-24,SEL-03,Selante para Compartimento Úmido,need-to-have,0,0,0,,0
207,2024-07-25,CRT-44,Cartucho de Purga Criogênica,must-have,0,0,0,,0
207,2024-07-25,SEL-03,Selante para Compartimento Úmido,need-to-have,0,57,53,SEL-03-PO014,0
208,2024-07-26,CRT-44,Cartucho de Purga Criogênica,must-have,0,0,0,,0
208,2024-07-26,SEL-03,Selante para Compartimento Úmido,need-to-have,53,0,50,,0
209,2024-07-27,CRT-44,Cartucho de Purga Criogênica,must-have,0,71,63,CRT-44-PO016,0
209,2024-07-27,SEL-03,Selante para Compartimento Úmido,need-to-have,50,0,45,,0
210,2024-07-28,CRT-44,Cartucho de Purga Criogênica,must-have,63,0,52,,0
210,2024-07-28,SEL-03,Selante para Compartimento Úmido,need-to-have,45,0,41,,0
211,2024-07-29,CRT-44,Cartucho de Purga Criogênica,must-have,52,0,42,,0
211,2024-07-29,SEL-03,Selante para Compartimento Úmido,need-to-have,41,0,36,,60
212,2024-07-30,CRT-44,Cartucho de Purga Criogênica,must-have,42,0,35,,62
212,2024-07-30,SEL-03,Selante para Compartimento Úmido,need-to-have,36,0,29,,0
213,2024-07-31,CRT-44,Cartucho de Purga Criogênica,must-have,35,0,29,,0
213,2024-07-31,SEL-03,Selante para Compartimento Úmido,need-to-have,29,0,24,,0
214,2024-08-01,CRT-44,Cartucho de Purga Criogênica,must-have,29,0,24,,0
214,2024-08-01,SEL-03,Selante para Compartimento Úmido,need-to-have,24,0,18,,0
215,2024-08-02,CRT-44,Cartucho de Purga Criogênica,must-have,24,0,18,,0
215,2024-08-02,SEL-03,Selante para Compartimento Úmido,need-to-have,18,0,11,,0
216,2024-08-03,CRT-44,Cartucho de Purga Criogênica,must-have,18,0,12,,0
216,2024-08-03,SEL-03,Selante para Compartimento Úmido,need-to-have,11,0,2,,0
217,2024-08-04,CRT-44,Cartucho de Purga Criogênica,must-have,12,0,0,,0
217,2024-08-04,SEL-03,Selante para Compartimento Úmido,need-to-have,2,0,0,,0
218,2024-08-05,CRT-44,Cartucho de Purga Criogênica,must-have,0,0,0,,0
218,2024-08-05,SEL-03,Selante para Compartimento Úmido,need-to-have,0,0,0,,0
219,2024-08-06,CRT-44,Cartucho de Purga Criogênica,must-have,0,62,54,CRT-44-PO017,0
219,2024-08-06,SEL-03,Selante para Compartimento Úmido,need-to-have,0,0,0,,0
220,2024-08-07,CRT-44,Cartucho de Purga Criogênica,must-have,54,0,49,,0
220,2024-08-07,SEL-03,Selante para Compartimento Úmido,need-to-have,0,0,0,,0
221,2024-08-08,CRT-44,Cartucho de Purga Criogênica,must-have,49,0,45,,0
221,2024-08-08,SEL-03,Selante para Compartimento Úmido,need-to-have,0,51,46,SEL-03-PO015,0
222,2024-08-09,CRT-44,Cartucho de Purga Criogênica,must-have,45,0,37,,70
222,2024-08-09,SEL-03,Selante para Compartimento Úmido,need-to-have,46,0,40,,0
223,2024-08-10,CRT-44,Cartucho de Purga Criogênica,must-have,37,0,29,,0
223,2024-08-10,SEL-03,Selante para Compartimento Úmido,need-to-have,40,0,32,,58
224,2024-08-11,CRT-44,Cartucho de Purga Criogênica,must-have,29,0,21,,0
224,2024-08-11,SEL-03,Selante para Compartimento Úmido,need-to-have,32,0,28,,0
225,2024-08-12,CRT-44,Cartucho de Purga Criogênica,must-have,21,0,12,,0
225,2024-08-12,SEL-03,Selante para Compartimento Úmido,need-to-have,28,0,23,,0
226,2024-08-13,CRT-44,Cartucho de Purga Criogênica,must-have,12,70,72,CRT-44-PO018,0
226,2024-08-13,SEL-03,Selante para Compartimento Úmido,need-to-have,23,0,17,,0
227,2024-08-14,CRT-44,Cartucho de Purga Criogênica,must-have,72,0,64,,0
227,2024-08-14,SEL-03,Selante para Compartimento Úmido,need-to-have,17,0,11,,0
228,2024-08-15,CRT-44,Cartucho de Purga Criogênica,must-have,64,0,55,,0
228,2024-08-15,SEL-03,Selante para Compartimento Úmido,need-to-have,11,0,4,,0
229,2024-08-16,CRT-44,Cartucho de Purga Criogênica,must-have,55,0,44,,0
229,2024-08-16,SEL-03,Selante para Compartimento Úmido,need-to-have,4,0,0,,0
230,2024-08-17,CRT-44,Cartucho de Purga Criogênica,must-have,44,0,38,,69
230,2024-08-17,SEL-03,Selante para Compartimento Úmido,need-to-have,0,0,0,,0
231,2024-08-18,CRT-44,Cartucho de Purga Criogênica,must-have,38,0,31,,0
231,2024-08-18,SEL-03,Selante para Compartimento Úmido,need-to-have,0,0,0,,0
232,2024-08-19,CRT-44,Cartucho de Purga Criogênica,must-have,31,0,22,,0
232,2024-08-19,SEL-03,Selante para Compartimento Úmido,need-to-have,0,0,0,,0
233,2024-08-20,CRT-44,Cartucho de Purga Criogênica,must-have,22,0,16,,0
233,2024-08-20,SEL-03,Selante para Compartimento Úmido,need-to-have,0,0,0,,0
234,2024-08-21,CRT-44,Cartucho de Purga Criogênica,must-have,16,0,4,,0
234,2024-08-21,SEL-03,Selante para Compartimento Úmido,need-to-have,0,0,0,,0
235,2024-08-22,CRT-44,Cartucho de Purga Criogênica,must-have,4,0,0,,0
235,2024-08-22,SEL-03,Selante para Compartimento Úmido,need-to-have,0,46,41,SEL-03-PO016,0
236,2024-08-23,CRT-44,Cartucho de Purga Criogênica,must-have,0,0,0,,0
236,2024-08-23,SEL-03,Selante para Compartimento Úmido,need-to-have,41,0,33,,67
237,2024-08-24,CRT-44,Cartucho de Purga Criogênica,must-have,0,0,0,,0
237,2024-08-24,SEL-03,Selante para Compartimento Úmido,need-to-have,33,0,28,,0
238,2024-08-25,CRT-44,Cartucho de Purga Criogênica,must-have,0,0,0,,0
238,2024-08-25,SEL-03,Selante para Compartimento Úmido,need-to-have,28,0,21,,0
239,2024-08-26,CRT-44,Cartucho de Purga Criogênica,must-have,0,69,61,CRT-44-PO019,0
239,2024-08-26,SEL-03,Selante para Compartimento Úmido,need-to-have,21,0,11,,0
240,2024-08-27,CRT-44,Cartucho de Purga Criogênica,must-have,61,0,54,,0
240,2024-08-27,SEL-03,Selante para Compartimento Úmido,need-to-have,11,0,7,,0
241,2024-08-28,CRT-44,Cartucho de Purga Criogênica,must-have,54,0,43,,0
241,2024-08-28,SEL-03,Selante para Compartimento Úmido,need-to-have,7,0,0,,0
242,2024-08-29,CRT-44,Cartucho de Purga Criogênica,must-have,43,0,36,,69
242,2024-08-29,SEL-03,Selante para Compartimento Úmido,need-to-have,0,0,0,,0
243,2024-08-30,CRT-44,Cartucho de Purga Criogênica,must-have,36,0,32,,0
243,2024-08-30,SEL-03,Selante para Compartimento Úmido,need-to-have,0,0,0,,0
244,2024-08-31,CRT-44,Cartucho de Purga Criogênica,must-have,32,0,24,,0
244,2024-08-31,SEL-03,Selante para Compartimento Úmido,need-to-have,0,67,61,SEL-03-PO017,0
245,2024-09-01,CRT-44,Cartucho de Purga Criogênica,must-have,24,0,19,,0
245,2024-09-01,SEL-03,Selante para Compartimento Úmido,need-to-have,61,0,54,,0
246,2024-09-02,CRT-44,Cartucho de Purga Criogênica,must-have,19,0,9,,0
246,2024-09-02,SEL-03,Selante para Compartimento Úmido,need-to-have,54,0,49,,0
247,2024-09-03,CRT-44,Cartucho de Purga Criogênica,must-have,9,0,4,,0
247,2024-09-03,SEL-03,Selante para Compartimento Úmido,need-to-have,49,0,40,,0
248,2024-09-04,CRT-44,Cartucho de Purga Criogênica,must-have,4,0,0,,0
248,2024-09-04,SEL-03,Selante para Compartimento Úmido,need-to-have,40,0,36,,64
249,2024-09-05,CRT-44,Cartucho de Purga Criogênica,must-have,0,0,0,,0
249,2024-09-05,SEL-03,Selante para Compartimento Úmido,need-to-have,36,0,29,,0
250,2024-09-06,CRT-44,Cartucho de Purga Criogênica,must-have,0,0,0,,0
250,2024-09-06,SEL-03,Selante para Compartimento Úmido,need-to-have,29,0,21,,0
251,2024-09-07,CRT-44,Cartucho de Purga Criogênica,must-have,0,0,0,,0
251,2024-09-07,SEL-03,Selante para Compartimento Úmido,need-to-have,21,0,14,,0
252,2024-09-08,CRT-44,Cartucho de Purga Criogênica,must-have,0,0,0,,0
252,2024-09-08,SEL-03,Selante para Compartimento Úmido,need-to-have,14,0,9,,0
253,2024-09-09,CRT-44,Cartucho de Purga Criogênica,must-have,0,69,60,CRT-44-PO020,0
253,2024-09-09,SEL-03,Selante para Compartimento Úmido,need-to-have,9,0,1,,0
254,2024-09-10,CRT-44,Cartucho de Purga Criogênica,must-have,60,0,53,,0
254,2024-09-10,SEL-03,Selante para Compartimento Úmido,need-to-have,1,0,0,,0
255,2024-09-11,CRT-44,Cartucho de Purga Criogênica,must-have,53,0,47,,0
255,2024-09-11,SEL-03,Selante para Compartimento Úmido,need-to-have,0,0,0,,0
256,2024-09-12,CRT-44,Cartucho de Purga Criogênica,must-have,47,0,42,,0
256,2024-09-12,SEL-03,Selante para Compartimento Úmido,need-to-have,0,0,0,,0
257,2024-09-13,CRT-44,Cartucho de Purga Criogênica,must-have,42,0,36,,65
257,2024-09-13,SEL-03,Selante para Compartimento Úmido,need-to-have,0,0,0,,0
258,2024-09-14,CRT-44,Cartucho de Purga Criogênica,must-have,36,0,27,,0
258,2024-09-14,SEL-03,Selante para Compartimento Úmido,need-to-have,0,58,54,SEL-03-PO018,0
259,2024-09-15,CRT-44,Cartucho de Purga Criogênica,must-have,27,0,22,,0
259,2024-09-15,SEL-03,Selante para Compartimento Úmido,need-to-have,54,0,48,,0
260,2024-09-16,CRT-44,Cartucho de Purga Criogênica,must-have,22,0,16,,0
260,2024-09-16,SEL-03,Selante para Compartimento Úmido,need-to-have,48,0,45,,0
261,2024-09-17,CRT-44,Cartucho de Purga Criogênica,must-have,16,0,9,,0
261,2024-09-17,SEL-03,Selante para Compartimento Úmido,need-to-have,45,0,36,,59
262,2024-09-18,CRT-44,Cartucho de Purga Criogênica,must-have,9,0,0,,0
262,2024-09-18,SEL-03,Selante para Compartimento Úmido,need-to-have,36,0,28,,0
263,2024-09-19,CRT-44,Cartucho de Purga Criogênica,must-have,0,0,0,,0
263,2024-09-19,SEL-03,Selante para Compartimento Úmido,need-to-have,28,0,21,,0
264,2024-09-20,CRT-44,Cartucho de Purga Criogênica,must-have,0,0,0,,0
264,2024-09-20,SEL-03,Selante para Compartimento Úmido,need-to-have,21,0,19,,0
265,2024-09-21,CRT-44,Cartucho de Purga Criogênica,must-have,0,65,60,CRT-44-PO021,0
265,2024-09-21,SEL-03,Selante para Compartimento Úmido,need-to-have,19,0,13,,0
266,2024-09-22,CRT-44,Cartucho de Purga Criogênica,must-have,60,0,56,,0
266,2024-09-22,SEL-03,Selante para Compartimento Úmido,need-to-have,13,0,8,,0
267,2024-09-23,CRT-44,Cartucho de Purga Criogênica,must-have,56,0,47,,0
267,2024-09-23,SEL-03,Selante para Compartimento Úmido,need-to-have,8,0,6,,0
268,2024-09-24,CRT-44,Cartucho de Purga Criogênica,must-have,47,0,41,,68
268,2024-09-24,SEL-03,Selante para Compartimento Úmido,need-to-have,6,0,0,,0
269,2024-09-25,CRT-44,Cartucho de Purga Criogênica,must-have,41,0,32,,0
269,2024-09-25,SEL-03,Selante para Compartimento Úmido,need-to-have,0,0,0,,0
270,2024-09-26,CRT-44,Cartucho de Purga Criogênica,must-have,32,0,26,,0
270,2024-09-26,SEL-03,Selante para Compartimento Úmido,need-to-have,0,0,0,,0
271,2024-09-27,CRT-44,Cartucho de Purga Criogênica,must-have,26,0,18,,0
271,2024-09-27,SEL-03,Selante para Compartimento Úmido,need-to-have,0,0,0,,0
272,2024-09-28,CRT-44,Cartucho de Purga Criogênica,must-have,18,0,10,,0
272,2024-09-28,SEL-03,Selante para Compartimento Úmido,need-to-have,0,0,0,,0
273,2024-09-29,CRT-44,Cartucho de Purga Criogênica,must-have,10,0,3,,0
273,2024-09-29,SEL-03,Selante para Compartimento Úmido,need-to-have,0,0,0,,0
274,2024-09-30,CRT-44,Cartucho de Purga Criogênica,must-have,3,0,0,,0
274,2024-09-30,SEL-03,Selante para Compartimento Úmido,need-to-have,0,0,0,,0
275,2024-10-01,CRT-44,Cartucho de Purga Criogênica,must-have,0,0,0,,0
275,2024-10-01,SEL-03,Selante para Compartimento Úmido,need-to-have,0,56,50,SEL-03-PO019,0
276,2024-10-02,CRT-44,Cartucho de Purga Criogênica,must-have,0,0,0,,0
276,2024-10-02,SEL-03,Selante para Compartimento Úmido,need-to-have,50,0,47,,0
277,2024-10-03,CRT-44,Cartucho de Purga Criogênica,must-have,0,0,0,,0
277,2024-10-03,SEL-03,Selante para Compartimento Úmido,need-to-have,47,0,44,,0
278,2024-10-04,CRT-44,Cartucho de Purga Criogênica,must-have,0,0,0,,0
278,2024-10-04,SEL-03,Selante para Compartimento Úmido,need-to-have,44,0,38,,56
279,2024-10-05,CRT-44,Cartucho de Purga Criogênica,must-have,0,0,0,,0
279,2024-10-05,SEL-03,Selante para Compartimento Úmido,need-to-have,38,0,33,,0
280,2024-10-06,CRT-44,Cartucho de Purga Criogênica,must-have,0,0,0,,0
280,2024-10-06,SEL-03,Selante para Compartimento Úmido,need-to-have,33,0,30,,0
281,2024-10-07,CRT-44,Cartucho de Purga Criogênica,must-have,0,0,0,,0
281,2024-10-07,SEL-03,Selante para Compartimento Úmido,need-to-have,30,0,23,,0
282,2024-10-08,CRT-44,Cartucho de Purga Criogênica,must-have,0,68,61,CRT-44-PO022,0
282,2024-10-08,SEL-03,Selante para Compartimento Úmido,need-to-have,23,0,16,,0
283,2024-10-09,CRT-44,Cartucho de Purga Criogênica,must-have,61,0,57,,0
283,2024-10-09,SEL-03,Selante para Compartimento Úmido,need-to-have,16,0,13,,0
284,2024-10-10,CRT-44,Cartucho de Purga Criogênica,must-have,57,0,49,,0
284,2024-10-10,SEL-03,Selante para Compartimento Úmido,need-to-have,13,0,6,,0
285,2024-10-11,CRT-44,Cartucho de Purga Criogênica,must-have,49,0,40,,66
285,2024-10-11,SEL-03,Selante para Compartimento Úmido,need-to-have,6,0,5,,0
286,2024-10-12,CRT-44,Cartucho de Purga Criogênica,must-have,40,0,30,,0
286,2024-10-12,SEL-03,Selante para Compartimento Úmido,need-to-have,5,56,51,SEL-03-PO020,0
287,2024-10-13,CRT-44,Cartucho de Purga Criogênica,must-have,30,0,24,,0
287,2024-10-13,SEL-03,Selante para Compartimento Úmido,need-to-have,51,0,44,,0
288,2024-10-14,CRT-44,Cartucho de Purga Criogênica,must-have,24,0,14,,0
288,2024-10-14,SEL-03,Selante para Compartimento Úmido,need-to-have,44,0,41,,0
289,2024-10-15,CRT-44,Cartucho de Purga Criogênica,must-have,14,0,7,,0
289,2024-10-15,SEL-03,Selante para Compartimento Úmido,need-to-have,41,0,34,,62
290,2024-10-16,CRT-44,Cartucho de Purga Criogênica,must-have,7,0,0,,0
290,2024-10-16,SEL-03,Selante para Compartimento Úmido,need-to-have,34,0,29,,0
291,2024-10-17,CRT-44,Cartucho de Purga Criogênica,must-have,0,0,0,,0
291,2024-10-17,SEL-03,Selante para Compartimento Úmido,need-to-have,29,0,24,,0
292,2024-10-18,CRT-44,Cartucho de Purga Criogênica,must-have,0,0,0,,0
292,2024-10-18,SEL-03,Selante para Compartimento Úmido,need-to-have,24,0,17,,0
293,2024-10-19,CRT-44,Cartucho de Purga Criogênica,must-have,0,0,0,,0
293,2024-10-19,SEL-03,Selante para Compartimento Úmido,need-to-have,17,0,10,,0
294,2024-10-20,CRT-44,Cartucho de Purga Criogênica,must-have,0,0,0,,0
294,2024-10-20,SEL-03,Selante para Compartimento Úmido,need-to-have,10,0,7,,0
295,2024-10-21,CRT-44,Cartucho de Purga Criogênica,must-have,0,0,0,,0
295,2024-10-21,SEL-03,Selante para Compartimento Úmido,need-to-have,7,0,2,,0
296,2024-10-22,CRT-44,Cartucho de Purga Criogênica,must-have,0,66,59,CRT-44-PO023,0
296,2024-10-22,SEL-03,Selante para Compartimento Úmido,need-to-have,2,0,0,,0
297,2024-10-23,CRT-44,Cartucho de Purga Criogênica,must-have,59,0,53,,0
297,2024-10-23,SEL-03,Selante para Compartimento Úmido,need-to-have,0,0,0,,0
298,2024-10-24,CRT-44,Cartucho de Purga Criogênica,must-have,53,0,48,,0
298,2024-10-24,SEL-03,Selante para Compartimento Úmido,need-to-have,0,0,0,,0
299,2024-10-25,CRT-44,Cartucho de Purga Criogênica,must-have,48,0,41,,71
299,2024-10-25,SEL-03,Selante para Compartimento Úmido,need-to-have,0,56,53,SEL-03-PO021,0
300,2024-10-26,CRT-44,Cartucho de Purga Criogênica,must-have,41,0,33,,0
300,2024-10-26,SEL-03,Selante para Compartimento Úmido,need-to-have,53,0,49,,0
301,2024-10-27,CRT-44,Cartucho de Purga Criogênica,must-have,33,0,28,,0
301,2024-10-27,SEL-03,Selante para Compartimento Úmido,need-to-have,49,0,47,,0
302,2024-10-28,CRT-44,Cartucho de Purga Criogênica,must-have,28,0,20,,0
302,2024-10-28,SEL-03,Selante para Compartimento Úmido,need-to-have,47,0,45,,0
303,2024-10-29,CRT-44,Cartucho de Purga Criogênica,must-have,20,0,13,,0
303,2024-10-29,SEL-03,Selante para Compartimento Úmido,need-to-have,45,0,40,,0
304,2024-10-30,CRT-44,Cartucho de Purga Criogênica,must-have,13,0,4,,0
304,2024-10-30,SEL-03,Selante para Compartimento Úmido,need-to-have,40,0,36,,59
305,2024-10-31,CRT-44,Cartucho de Purga Criogênica,must-have,4,0,0,,0
305,2024-10-31,SEL-03,Selante para Compartimento Úmido,need-to-have,36,0,32,,0
306,2024-11-01,CRT-44,Cartucho de Purga Criogênica,must-have,0,0,0,,0
306,2024-11-01,SEL-03,Selante para Compartimento Úmido,need-to-have,32,0,24,,0
307,2024-11-02,CRT-44,Cartucho de Purga Criogênica,must-have,0,0,0,,0
307,2024-11-02,SEL-03,Selante para Compartimento Úmido,need-to-have,24,0,23,,0
308,2024-11-03,CRT-44,Cartucho de Purga Criogênica,must-have,0,0,0,,0
308,2024-11-03,SEL-03,Selante para Compartimento Úmido,need-to-have,23,0,18,,0
309,2024-11-04,CRT-44,Cartucho de Purga Criogênica,must-have,0,0,0,,0
309,2024-11-04,SEL-03,Selante para Compartimento Úmido,need-to-have,18,0,14,,0
310,2024-11-05,CRT-44,Cartucho de Purga Criogênica,must-have,0,0,0,,0
310,2024-11-05,SEL-03,Selante para Compartimento Úmido,need-to-have,14,0,11,,0
311,2024-11-06,CRT-44,Cartucho de Purga Criogênica,must-have,0,0,0,,0
311,2024-11-06,SEL-03,Selante para Compartimento Úmido,need-to-have,11,0,4,,0
312,2024-11-07,CRT-44,Cartucho de Purga Criogênica,must-have,0,0,0,,0
312,2024-11-07,SEL-03,Selante para Compartimento Úmido,need-to-have,4,59,60,SEL-03-PO022,0
313,2024-11-08,CRT-44,Cartucho de Purga Criogênica,must-have,0,0,0,,0
313,2024-11-08,SEL-03,Selante para Compartimento Úmido,need-to-have,60,0,58,,0
314,2024-11-09,CRT-44,Cartucho de Purga Criogênica,must-have,0,71,66,CRT-44-PO024,0
314,2024-11-09,SEL-03,Selante para Compartimento Úmido,need-to-have,58,0,52,,0
315,2024-11-10,CRT-44,Cartucho de Purga Criogênica,must-have,66,0,64,,0
315,2024-11-10,SEL-03,Selante para Compartimento Úmido,need-to-have,52,0,48,,0
316,2024-11-11,CRT-44,Cartucho de Purga Criogênica,must-have,64,0,61,,0
316,2024-11-11,SEL-03,Selante para Compartimento Úmido,need-to-have,48,0,42,,0
317,2024-11-12,CRT-44,Cartucho de Purga Criogênica,must-have,61,0,53,,0
317,2024-11-12,SEL-03,Selante para Compartimento Úmido,need-to-have,42,0,36,,60
318,2024-11-13,CRT-44,Cartucho de Purga Criogênica,must-have,53,0,44,,0
318,2024-11-13,SEL-03,Selante para Compartimento Úmido,need-to-have,36,0,32,,0
319,2024-11-14,CRT-44,Cartucho de Purga Criogênica,must-have,44,0,35,,64
319,2024-11-14,SEL-03,Selante para Compartimento Úmido,need-to-have,32,0,26,,0
320,2024-11-15,CRT-44,Cartucho de Purga Criogênica,must-have,35,0,25,,0
320,2024-11-15,SEL-03,Selante para Compartimento Úmido,need-to-have,26,0,20,,0
321,2024-11-16,CRT-44,Cartucho de Purga Criogênica,must-have,25,0,19,,0
321,2024-11-16,SEL-03,Selante para Compartimento Úmido,need-to-have,20,0,16,,0
322,2024-11-17,CRT-44,Cartucho de Purga Criogênica,must-have,19,0,16,,0
322,2024-11-17,SEL-03,Selante para Compartimento Úmido,need-to-have,16,0,7,,0
323,2024-11-18,CRT-44,Cartucho de Purga Criogênica,must-have,16,0,7,,0
323,2024-11-18,SEL-03,Selante para Compartimento Úmido,need-to-have,7,0,2,,0
324,2024-11-19,CRT-44,Cartucho de Purga Criogênica,must-have,7,0,2,,0
324,2024-11-19,SEL-03,Selante para Compartimento Úmido,need-to-have,2,0,0,,0
325,2024-11-20,CRT-44,Cartucho de Purga Criogênica,must-have,2,0,0,,0
325,2024-11-20,SEL-03,Selante para Compartimento Úmido,need-to-have,0,0,0,,0
326,2024-11-21,CRT-44,Cartucho de Purga Criogênica,must-have,0,64,56,CRT-44-PO025,0
326,2024-11-21,SEL-03,Selante para Compartimento Úmido,need-to-have,0,0,0,,0
327,2024-11-22,CRT-44,Cartucho de Purga Criogênica,must-have,56,0,49,,0
327,2024-11-22,SEL-03,Selante para Compartimento Úmido,need-to-have,0,0,0,,0
328,2024-11-23,CRT-44,Cartucho de Purga Criogênica,must-have,49,0,39,,60
328,2024-11-23,SEL-03,Selante para Compartimento Úmido,need-to-have,0,57,52,SEL-03-PO023,0
329,2024-11-24,CRT-44,Cartucho de Purga Criogênica,must-have,39,0,32,,0
329,2024-11-24,SEL-03,Selante para Compartimento Úmido,need-to-have,52,0,48,,0
330,2024-11-25,CRT-44,Cartucho de Purga Criogênica,must-have,32,0,30,,0
330,2024-11-25,SEL-03,Selante para Compartimento Úmido,need-to-have,48,0,42,,0
331,2024-11-26,CRT-44,Cartucho de Purga Criogênica,must-have,30,0,22,,0
331,2024-11-26,SEL-03,Selante para Compartimento Úmido,need-to-have,42,0,36,,56
332,2024-11-27,CRT-44,Cartucho de Purga Criogênica,must-have,22,0,14,,0
332,2024-11-27,SEL-03,Selante para Compartimento Úmido,need-to-have,36,0,34,,0
333,2024-11-28,CRT-44,Cartucho de Purga Criogênica,must-have,14,0,10,,0
333,2024-11-28,SEL-03,Selante para Compartimento Úmido,need-to-have,34,0,34,,0
334,2024-11-29,CRT-44,Cartucho de Purga Criogênica,must-have,10,60,63,CRT-44-PO026,0
334,2024-11-29,SEL-03,Selante para Compartimento Úmido,need-to-have,34,0,31,,0
335,2024-11-30,CRT-44,Cartucho de Purga Criogênica,must-have,63,0,56,,0
335,2024-11-30,SEL-03,Selante para Compartimento Úmido,need-to-have,31,0,28,,0
336,2024-12-01,CRT-44,Cartucho de Purga Criogênica,must-have,56,0,52,,0
336,2024-12-01,SEL-03,Selante para Compartimento Úmido,need-to-have,28,0,22,,0
337,2024-12-02,CRT-44,Cartucho de Purga Criogênica,must-have,52,0,44,,0
337,2024-12-02,SEL-03,Selante para Compartimento Úmido,need-to-have,22,0,18,,0
338,2024-12-03,CRT-44,Cartucho de Purga Criogênica,must-have,44,0,33,,62
338,2024-12-03,SEL-03,Selante para Compartimento Úmido,need-to-have,18,0,11,,0
339,2024-12-04,CRT-44,Cartucho de Purga Criogênica,must-have,33,0,28,,0
339,2024-12-04,SEL-03,Selante para Compartimento Úmido,need-to-have,11,0,7,,0
340,2024-12-05,CRT-44,Cartucho de Purga Criogênica,must-have,28,0,20,,0
340,2024-12-05,SEL-03,Selante para Compartimento Úmido,need-to-have,7,0,3,,0
341,2024-12-06,CRT-44,Cartucho de Purga Criogênica,must-have,20,0,14,,0
341,2024-12-06,SEL-03,Selante para Compartimento Úmido,need-to-have,3,0,0,,0
342,2024-12-07,CRT-44,Cartucho de Purga Criogênica,must-have,14,0,6,,0
342,2024-12-07,SEL-03,Selante para Compartimento Úmido,need-to-have,0,0,0,,0
343,2024-12-08,CRT-44,Cartucho de Purga Criogênica,must-have,6,0,1,,0
343,2024-12-08,SEL-03,Selante para Compartimento Úmido,need-to-have,0,0,0,,0
344,2024-12-09,CRT-44,Cartucho de Purga Criogênica,must-have,1,0,0,,0
344,2024-12-09,SEL-03,Selante para Compartimento Úmido,need-to-have,0,0,0,,0
345,2024-12-10,CRT-44,Cartucho de Purga Criogênica,must-have,0,0,0,,0
345,2024-12-10,SEL-03,Selante para Compartimento Úmido,need-to-have,0,0,0,,0
346,2024-12-11,CRT-44,Cartucho de Purga Criogênica,must-have,0,0,0,,0
346,2024-12-11,SEL-03,Selante para Compartimento Úmido,need-to-have,0,0,0,,0
347,2024-12-12,CRT-44,Cartucho de Purga Criogênica,must-have,0,0,0,,0
347,2024-12-12,SEL-03,Selante para Compartimento Úmido,need-to-have,0,56,52,SEL-03-PO024,0
348,2024-12-13,CRT-44,Cartucho de Purga Criogênica,must-have,0,0,0,,0
348,2024-12-13,SEL-03,Selante para Compartimento Úmido,need-to-have,52,0,48,,0
349,2024-12-14,CRT-44,Cartucho de Purga Criogênica,must-have,0,62,56,CRT-44-PO027,0
349,2024-12-14,SEL-03,Selante para Compartimento Úmido,need-to-have,48,0,41,,0
350,2024-12-15,CRT-44,Cartucho de Purga Criogênica,must-have,56,0,47,,0
350,2024-12-15,SEL-03,Selante para Compartimento Úmido,need-to-have,41,0,36,,59
351,2024-12-16,CRT-44,Cartucho de Purga Criogênica,must-have,47,0,45,,0
351,2024-12-16,SEL-03,Selante para Compartimento Úmido,need-to-have,36,0,31,,0
352,2024-12-17,CRT-44,Cartucho de Purga Criogênica,must-have,45,0,38,,68
352,2024-12-17,SEL-03,Selante para Compartimento Úmido,need-to-have,31,0,27,,0
353,2024-12-18,CRT-44,Cartucho de Purga Criogênica,must-have,38,0,30,,0
353,2024-12-18,SEL-03,Selante para Compartimento Úmido,need-to-have,27,0,21,,0
354,2024-12-19,CRT-44,Cartucho de Purga Criogênica,must-have,30,0,28,,0
354,2024-12-19,SEL-03,Selante para Compartimento Úmido,need-to-have,21,0,13,,0
355,2024-12-20,CRT-44,Cartucho de Purga Criogênica,must-have,28,0,20,,0
355,2024-12-20,SEL-03,Selante para Compartimento Úmido,need-to-have,13,0,6,,0
356,2024-12-21,CRT-44,Cartucho de Purga Criogênica,must-have,20,0,13,,0
356,2024-12-21,SEL-03,Selante para Compartimento Úmido,need-to-have,6,0,0,,0
357,2024-12-22,CRT-44,Cartucho de Purga Criogênica,must-have,13,0,9,,0
357,2024-12-22,SEL-03,Selante para Compartimento Úmido,need-to-have,0,0,0,,0
358,2024-12-23,CRT-44,Cartucho de Purga Criogênica,must-have,9,0,0,,0
358,2024-12-23,SEL-03,Selante para Compartimento Úmido,need-to-have,0,59,54,SEL-03-PO025,0
359,2024-12-24,CRT-44,Cartucho de Purga Criogênica,must-have,0,0,0,,0
359,2024-12-24,SEL-03,Selante para Compartimento Úmido,need-to-have,54,0,48,,0
360,2024-12-25,CRT-44,Cartucho de Purga Criogênica,must-have,0,0,0,,0
360,2024-12-25,SEL-03,Selante para Compartimento Úmido,need-to-have,48,0,42,,0
361,2024-12-26,CRT-44,Cartucho de Purga Criogênica,must-have,0,0,0,,0
361,2024-12-26,SEL-03,Selante para Compartimento Úmido,need-to-have,42,0,38,,63
362,2024-12-27,CRT-44,Cartucho de Purga Criogênica,must-have,0,0,0,,0
362,2024-12-27,SEL-03,Selante para Compartimento Úmido,need-to-have,38,0,34,,0
363,2024-12-28,CRT-44,Cartucho de Purga Criogênica,must-have,0,0,0,,0
363,2024-12-28,SEL-03,Selante para Compartimento Úmido,need-to-have,34,0,26,,0
364,2024-12-29,CRT-44,Cartucho de Purga Criogênica,must-have,0,68,58,CRT-44-PO028,0
364,2024-12-29,SEL-03,Selante para Compartimento Úmido,need-to-have,26,0,22,,0
365,2024-12-30,CRT-44,Cartucho de Purga Criogênica,must-have,58,0,50,,0
365,2024-12-30,SEL-03,Selante para Compartimento Úmido,need-to-have,22,0,17,,0
366,2024-12-31,CRT-44,Cartucho de Purga Criogênica,must-have,50,0,44,,0
366,2024-12-31,SEL-03,Selante para Compartimento Úmido,need-to-have,17,0,13,,0
367,2025-01-01,CRT-44,Cartucho de Purga Criogênica,must-have,44,0,38,,63
367,2025-01-01,SEL-03,Selante para Compartimento Úmido,need-to-have,13,0,7,,0
368,2025-01-02,CRT-44,Cartucho de Purga Criogênica,must-have,38,0,29,,0
368,2025-01-02,SEL-03,Selante para Compartimento Úmido,need-to-have,7,0,2,,0
369,2025-01-03,CRT-44,Cartucho de Purga Criogênica,must-have,29,0,24,,0
369,2025-01-03,SEL-03,Selante para Compartimento Úmido,need-to-have,2,0,0,,0
370,2025-01-04,CRT-44,Cartucho de Purga Criogênica,must-have,24,0,18,,0
370,2025-01-04,SEL-03,Selante para Compartimento Úmido,need-to-have,0,63,59,SEL-03-PO026,0
371,2025-01-05,CRT-44,Cartucho de Purga Criogênica,must-have,18,0,14,,0
371,2025-01-05,SEL-03,Selante para Compartimento Úmido,need-to-have,59,0,57,,0
372,2025-01-06,CRT-44,Cartucho de Purga Criogênica,must-have,14,63,66,CRT-44-PO029,0
372,2025-01-06,SEL-03,Selante para Compartimento Úmido,need-to-have,57,0,54,,0
373,2025-01-07,CRT-44,Cartucho de Purga Criogênica,must-have,66,0,62,,0
373,2025-01-07,SEL-03,Selante para Compartimento Úmido,need-to-have,54,0,48,,0
374,2025-01-08,CRT-44,Cartucho de Purga Criogênica,must-have,62,0,62,,0
374,2025-01-08,SEL-03,Selante para Compartimento Úmido,need-to-have,48,0,44,,0
375,2025-01-09,CRT-44,Cartucho de Purga Criogênica,must-have,62,0,57,,0
375,2025-01-09,SEL-03,Selante para Compartimento Úmido,need-to-have,44,0,37,,62
376,2025-01-10,CRT-44,Cartucho de Purga Criogênica,must-have,57,0,48,,0
376,2025-01-10,SEL-03,Selante para Compartimento Úmido,need-to-have,37,0,31,,0
377,2025-01-11,CRT-44,Cartucho de Purga Criogênica,must-have,48,0,44,,0
377,2025-01-11,SEL-03,Selante para Compartimento Úmido,need-to-have,31,0,28,,0
378,2025-01-12,CRT-44,Cartucho de Purga Criogênica,must-have,44,0,34,,62
378,2025-01-12,SEL-03,Selante para Compartimento Úmido,need-to-have,28,0,24,,0
379,2025-01-13,CRT-44,Cartucho de Purga Criogênica,must-have,34,0,25,,0
379,2025-01-13,SEL-03,Selante para Compartimento Úmido,need-to-have,24,0,17,,0
380,2025-01-14,CRT-44,Cartucho de Purga Criogênica,must-have,25,0,16,,0
380,2025-01-14,SEL-03,Selante para Compartimento Úmido,need-to-have,17,0,12,,0
381,2025-01-15,CRT-44,Cartucho de Purga Criogênica,must-have,16,0,10,,0
381,2025-01-15,SEL-03,Selante para Compartimento Úmido,need-to-have,12,0,7,,0
382,2025-01-16,CRT-44,Cartucho de Purga Criogênica,must-have,10,0,0,,0
382,2025-01-16,SEL-03,Selante para Compartimento Úmido,need-to-have,7,0,6,,0
383,2025-01-17,CRT-44,Cartucho de Purga Criogênica,must-have,0,0,0,,0
383,2025-01-17,SEL-03,Selante para Compartimento Úmido,need-to-have,6,0,2,,0
384,2025-01-18,CRT-44,Cartucho de Purga Criogênica,must-have,0,0,0,,0
384,2025-01-18,SEL-03,Selante para Compartimento Úmido,need-to-have,2,0,0,,0
385,2025-01-19,CRT-44,Cartucho de Purga Criogênica,must-have,0,62,53,CRT-44-PO030,0
385,2025-01-19,SEL-03,Selante para Compartimento Úmido,need-to-have,0,0,0,,0
386,2025-01-20,CRT-44,Cartucho de Purga Criogênica,must-have,53,0,43,,0
386,2025-01-20,SEL-03,Selante para Compartimento Úmido,need-to-have,0,0,0,,0
387,2025-01-21,CRT-44,Cartucho de Purga Criogênica,must-have,43,0,38,,68
387,2025-01-21,SEL-03,Selante para Compartimento Úmido,need-to-have,0,0,0,,0
388,2025-01-22,CRT-44,Cartucho de Purga Criogênica,must-have,38,0,34,,0
388,2025-01-22,SEL-03,Selante para Compartimento Úmido,need-to-have,0,59,53,SEL-03-PO027,0
389,2025-01-23,CRT-44,Cartucho de Purga Criogênica,must-have,34,0,27,,0
389,2025-01-23,SEL-03,Selante para Compartimento Úmido,need-to-have,53,0,46,,0
390,2025-01-24,CRT-44,Cartucho de Purga Criogênica,must-have,27,0,23,,0
390,2025-01-24,SEL-03,Selante para Compartimento Úmido,need-to-have,46,0,40,,0
391,2025-01-25,CRT-44,Cartucho de Purga Criogênica,must-have,23,0,19,,0
391,2025-01-25,SEL-03,Selante para Compartimento Úmido,need-to-have,40,0,35,,62
392,2025-01-26,CRT-44,Cartucho de Purga Criogênica,must-have,19,0,6,,0
392,2025-01-26,SEL-03,Selante para Compartimento Úmido,need-to-have,35,0,30,,0
393,2025-01-27,CRT-44,Cartucho de Purga Criogênica,must-have,6,0,0,,0
393,2025-01-27,SEL-03,Selante para Compartimento Úmido,need-to-have,30,0,23,,0
394,2025-01-28,CRT-44,Cartucho de Purga Criogênica,must-have,0,0,0,,0
394,2025-01-28,SEL-03,Selante para Compartimento Úmido,need-to-have,23,0,16,,0
395,2025-01-29,CRT-44,Cartucho de Purga Criogênica,must-have,0,0,0,,0
395,2025-01-29,SEL-03,Selante para Compartimento Úmido,need-to-have,16,0,11,,0
396,2025-01-30,CRT-44,Cartucho de Purga Criogênica,must-have,0,0,0,,0
396,2025-01-30,SEL-03,Selante para Compartimento Úmido,need-to-have,11,0,6,,0
397,2025-01-31,CRT-44,Cartucho de Purga Criogênica,must-have,0,0,0,,0
397,2025-01-31,SEL-03,Selante para Compartimento Úmido,need-to-have,6,0,0,,0
398,2025-02-01,CRT-44,Cartucho de Purga Criogênica,must-have,0,54,43,CRT-44-PO031,0
398,2025-02-01,SEL-03,Selante para Compartimento Úmido,need-to-have,0,0,0,,0
399,2025-02-02,CRT-44,Cartucho de Purga Criogênica,must-have,43,0,33,,66
399,2025-02-02,SEL-03,Selante para Compartimento Úmido,need-to-have,0,0,0,,0
400,2025-02-03,CRT-44,Cartucho de Purga Criogênica,must-have,33,0,25,,0
400,2025-02-03,SEL-03,Selante para Compartimento Úmido,need-to-have,0,0,0,,0
401,2025-02-04,CRT-44,Cartucho de Purga Criogênica,must-have,25,0,21,,0
401,2025-02-04,SEL-03,Selante para Compartimento Úmido,need-to-have,0,0,0,,0
402,2025-02-05,CRT-44,Cartucho de Purga Criogênica,must-have,21,0,18,,0
402,2025-02-05,SEL-03,Selante para Compartimento Úmido,need-to-have,0,62,57,SEL-03-PO028,0
403,2025-02-06,CRT-44,Cartucho de Purga Criogênica,must-have,18,0,10,,0
403,2025-02-06,SEL-03,Selante para Compartimento Úmido,need-to-have,57,0,51,,0
404,2025-02-07,CRT-44,Cartucho de Purga Criogênica,must-have,10,0,1,,0
404,2025-02-07,SEL-03,Selante para Compartimento Úmido,need-to-have,51,0,46,,0
405,2025-02-08,CRT-44,Cartucho de Purga Criogênica,must-have,1,0,0,,0
405,2025-02-08,SEL-03,Selante para Compartimento Úmido,need-to-have,46,0,39,,63
406,2025-02-09,CRT-44,Cartucho de Purga Criogênica,must-have,0,0,0,,0
406,2025-02-09,SEL-03,Selante para Compartimento Úmido,need-to-have,39,0,36,,0
407,2025-02-10,CRT-44,Cartucho de Purga Criogênica,must-have,0,0,0,,0
407,2025-02-10,SEL-03,Selante para Compartimento Úmido,need-to-have,36,0,32,,0
408,2025-02-11,CRT-44,Cartucho de Purga Criogênica,must-have,0,0,0,,0
408,2025-02-11,SEL-03,Selante para Compartimento Úmido,need-to-have,32,0,26,,0
409,2025-02-12,CRT-44,Cartucho de Purga Criogênica,must-have,0,66,57,CRT-44-PO032,0
409,2025-02-12,SEL-03,Selante para Compartimento Úmido,need-to-have,26,0,20,,0
410,2025-02-13,CRT-44,Cartucho de Purga Criogênica,must-have,57,0,48,,0
410,2025-02-13,SEL-03,Selante para Compartimento Úmido,need-to-have,20,0,13,,0
411,2025-02-14,CRT-44,Cartucho de Purga Criogênica,must-have,48,0,43,,0
411,2025-02-14,SEL-03,Selante para Compartimento Úmido,need-to-have,13,0,7,,0
412,2025-02-15,CRT-44,Cartucho de Purga Criogênica,must-have,43,0,36,,71
412,2025-02-15,SEL-03,Selante para Compartimento Úmido,need-to-have,7,0,0,,0
413,2025-02-16,CRT-44,Cartucho de Purga Criogênica,must-have,36,0,28,,0
413,2025-02-16,SEL-03,Selante para Compartimento Úmido,need-to-have,0,0,0,,0
414,2025-02-17,CRT-44,Cartucho de Purga Criogênica,must-have,28,0,21,,0
414,2025-02-17,SEL-03,Selante para Compartimento Úmido,need-to-have,0,0,0,,0
415,2025-02-18,CRT-44,Cartucho de Purga Criogênica,must-have,21,0,9,,0
415,2025-02-18,SEL-03,Selante para Compartimento Úmido,need-to-have,0,50,47,SEL-03-PO029,0
416,2025-02-19,CRT-44,Cartucho de Purga Criogênica,must-have,9,0,2,,0
416,2025-02-19,SEL-03,Selante para Compartimento Úmido,need-to-have,47,0,43,,0
417,2025-02-20,CRT-44,Cartucho de Purga Criogênica,must-have,2,0,0,,0
417,2025-02-20,SEL-03,Selante para Compartimento Úmido,need-to-have,43,0,38,,67
418,2025-02-21,CRT-44,Cartucho de Purga Criogênica,must-have,0,0,0,,0
418,2025-02-21,SEL-03,Selante para Compartimento Úmido,need-to-have,38,0,34,,0
419,2025-02-22,CRT-44,Cartucho de Purga Criogênica,must-have,0,0,0,,0
419,2025-02-22,SEL-03,Selante para Compartimento Úmido,need-to-have,34,0,25,,0
420,2025-02-23,CRT-44,Cartucho de Purga Criogênica,must-have,0,0,0,,0
420,2025-02-23,SEL-03,Selante para Compartimento Úmido,need-to-have,25,0,20,,0
421,2025-02-24,CRT-44,Cartucho de Purga Criogênica,must-have,0,0,0,,0
421,2025-02-24,SEL-03,Selante para Compartimento Úmido,need-to-have,20,0,15,,0
422,2025-02-25,CRT-44,Cartucho de Purga Criogênica,must-have,0,71,61,CRT-44-PO033,0
422,2025-02-25,SEL-03,Selante para Compartimento Úmido,need-to-have,15,0,11,,0
423,2025-02-26,CRT-44,Cartucho de Purga Criogênica,must-have,61,0,59,,0
423,2025-02-26,SEL-03,Selante para Compartimento Úmido,need-to-have,11,0,3,,0
424,2025-02-27,CRT-44,Cartucho de Purga Criogênica,must-have,59,0,57,,0
424,2025-02-27,SEL-03,Selante para Compartimento Úmido,need-to-have,3,0,2,,0
425,2025-02-28,CRT-44,Cartucho de Purga Criogênica,must-have,57,0,49,,0
425,2025-02-28,SEL-03,Selante para Compartimento Úmido,need-to-have,2,0,0,,0
426,2025-03-01,CRT-44,Cartucho de Purga Criogênica,must-have,49,0,41,,63
426,2025-03-01,SEL-03,Selante para Compartimento Úmido,need-to-have,0,67,60,SEL-03-PO030,0
427,2025-03-02,CRT-44,Cartucho de Purga Criogênica,must-have,41,0,33,,0
427,2025-03-02,SEL-03,Selante para Compartimento Úmido,need-to-have,60,0,58,,0
428,2025-03-03,CRT-44,Cartucho de Purga Criogênica,must-have,33,0,26,,0
428,2025-03-03,SEL-03,Selante para Compartimento Úmido,need-to-have,58,0,51,,0
429,2025-03-04,CRT-44,Cartucho de Purga Criogênica,must-have,26,0,24,,0
429,2025-03-04,SEL-03,Selante para Compartimento Úmido,need-to-have,51,0,46,,0
430,2025-03-05,CRT-44,Cartucho de Purga Criogênica,must-have,24,0,17,,0
430,2025-03-05,SEL-03,Selante para Compartimento Úmido,need-to-have,46,0,40,,0
431,2025-03-06,CRT-44,Cartucho de Purga Criogênica,must-have,17,0,11,,0
431,2025-03-06,SEL-03,Selante para Compartimento Úmido,need-to-have,40,0,34,,61
432,2025-03-07,CRT-44,Cartucho de Purga Criogênica,must-have,11,0,8,,0
432,2025-03-07,SEL-03,Selante para Compartimento Úmido,need-to-have,34,0,29,,0
433,2025-03-08,CRT-44,Cartucho de Purga Criogênica,must-have,8,0,4,,0
433,2025-03-08,SEL-03,Selante para Compartimento Úmido,need-to-have,29,0,23,,0
434,2025-03-09,CRT-44,Cartucho de Purga Criogênica,must-have,4,0,0,,0
434,2025-03-09,SEL-03,Selante para Compartimento Úmido,need-to-have,23,0,19,,0
435,2025-03-10,CRT-44,Cartucho de Purga Criogênica,must-have,0,0,0,,0
435,2025-03-10,SEL-03,Selante para Compartimento Úmido,need-to-have,19,0,13,,0
436,2025-03-11,CRT-44,Cartucho de Purga Criogênica,must-have,0,0,0,,0
436,2025-03-11,SEL-03,Selante para Compartimento Úmido,need-to-have,13,0,4,,0
437,2025-03-12,CRT-44,Cartucho de Purga Criogênica,must-have,0,57,48,CRT-44-PO034,0
437,2025-03-12,SEL-03,Selante para Compartimento Úmido,need-to-have,4,0,0,,0
438,2025-03-13,CRT-44,Cartucho de Purga Criogênica,must-have,48,0,43,,0
438,2025-03-13,SEL-03,Selante para Compartimento Úmido,need-to-have,0,0,0,,0
439,2025-03-14,CRT-44,Cartucho de Purga Criogênica,must-have,43,0,37,,62
439,2025-03-14,SEL-03,Selante para Compartimento Úmido,need-to-have,0,0,0,,0
440,2025-03-15,CRT-44,Cartucho de Purga Criogênica,must-have,37,0,30,,0
440,2025-03-15,SEL-03,Selante para Compartimento Úmido,need-to-have,0,0,0,,0
441,2025-03-16,CRT-44,Cartucho de Purga Criogênica,must-have,30,0,23,,0
441,2025-03-16,SEL-03,Selante para Compartimento Úmido,need-to-have,0,0,0,,0
442,2025-03-17,CRT-44,Cartucho de Purga Criogênica,must-have,23,0,17,,0
442,2025-03-17,SEL-03,Selante para Compartimento Úmido,need-to-have,0,0,0,,0
443,2025-03-18,CRT-44,Cartucho de Purga Criogênica,must-have,17,0,14,,0
443,2025-03-18,SEL-03,Selante para Compartimento Úmido,need-to-have,0,0,0,,0
444,2025-03-19,CRT-44,Cartucho de Purga Criogênica,must-have,14,0,5,,0
444,2025-03-19,SEL-03,Selante para Compartimento Úmido,need-to-have,0,0,0,,0
445,2025-03-20,CRT-44,Cartucho de Purga Criogênica,must-have,5,62,58,CRT-44-PO035,0
445,2025-03-20,SEL-03,Selante para Compartimento Úmido,need-to-have,0,0,0,,0
446,2025-03-21,CRT-44,Cartucho de Purga Criogênica,must-have,58,0,49,,0
446,2025-03-21,SEL-03,Selante para Compartimento Úmido,need-to-have,0,0,0,,0
447,2025-03-22,CRT-44,Cartucho de Purga Criogênica,must-have,49,0,43,,0
447,2025-03-22,SEL-03,Selante para Compartimento Úmido,need-to-have,0,61,56,SEL-03-PO031,0
448,2025-03-23,CRT-44,Cartucho de Purga Criogênica,must-have,43,0,39,,69
448,2025-03-23,SEL-03,Selante para Compartimento Úmido,need-to-have,56,0,51,,0
449,2025-03-24,CRT-44,Cartucho de Purga Criogênica,must-have,39,0,32,,0
449,2025-03-24,SEL-03,Selante para Compartimento Úmido,need-to-have,51,0,44,,0
450,2025-03-25,CRT-44,Cartucho de Purga Criogênica,must-have,32,0,25,,0
450,2025-03-25,SEL-03,Selante para Compartimento Úmido,need-to-have,44,0,38,,55
451,2025-03-26,CRT-44,Cartucho de Purga Criogênica,must-have,25,0,19,,0
451,2025-03-26,SEL-03,Selante para Compartimento Úmido,need-to-have,38,0,33,,0
452,2025-03-27,CRT-44,Cartucho de Purga Criogênica,must-have,19,0,9,,0
452,2025-03-27,SEL-03,Selante para Compartimento Úmido,need-to-have,33,0,27,,0
453,2025-03-28,CRT-44,Cartucho de Purga Criogênica,must-have,9,0,3,,0
453,2025-03-28,SEL-03,Selante para Compartimento Úmido,need-to-have,27,0,20,,0
454,2025-03-29,CRT-44,Cartucho de Purga Criogênica,must-have,3,0,0,,0
454,2025-03-29,SEL-03,Selante para Compartimento Úmido,need-to-have,20,0,13,,0
455,2025-03-30,CRT-44,Cartucho de Purga Criogênica,must-have,0,0,0,,0
455,2025-03-30,SEL-03,Selante para Compartimento Úmido,need-to-have,13,0,9,,0
456,2025-03-31,CRT-44,Cartucho de Purga Criogênica,must-have,0,0,0,,0
456,2025-03-31,SEL-03,Selante para Compartimento Úmido,need-to-have,9,0,4,,0
457,2025-04-01,CRT-44,Cartucho de Purga Criogênica,must-have,0,55,51,CRT-44-PO036,0
457,2025-04-01,SEL-03,Selante para Compartimento Úmido,need-to-have,4,0,0,,0
458,2025-04-02,CRT-44,Cartucho de Purga Criogênica,must-have,51,0,45,,0
458,2025-04-02,SEL-03,Selante para Compartimento Úmido,need-to-have,0,0,0,,0
459,2025-04-03,CRT-44,Cartucho de Purga Criogênica,must-have,45,0,42,,0
459,2025-04-03,SEL-03,Selante para Compartimento Úmido,need-to-have,0,0,0,,0
460,2025-04-04,CRT-44,Cartucho de Purga Criogênica,must-have,42,0,40,,66
460,2025-04-04,SEL-03,Selante para Compartimento Úmido,need-to-have,0,0,0,,0
461,2025-04-05,CRT-44,Cartucho de Purga Criogênica,must-have,40,0,30,,0
461,2025-04-05,SEL-03,Selante para Compartimento Úmido,need-to-have,0,0,0,,0
462,2025-04-06,CRT-44,Cartucho de Purga Criogênica,must-have,30,0,19,,0
462,2025-04-06,SEL-03,Selante para Compartimento Úmido,need-to-have,0,55,46,SEL-03-PO032,0
463,2025-04-07,CRT-44,Cartucho de Purga Criogênica,must-have,19,0,15,,0
463,2025-04-07,SEL-03,Selante para Compartimento Úmido,need-to-have,46,0,43,,0
464,2025-04-08,CRT-44,Cartucho de Purga Criogênica,must-have,15,0,4,,0
464,2025-04-08,SEL-03,Selante para Compartimento Úmido,need-to-have,43,0,36,,60
465,2025-04-09,CRT-44,Cartucho de Purga Criogênica,must-have,4,0,0,,0
465,2025-04-09,SEL-03,Selante para Compartimento Úmido,need-to-have,36,0,26,,0
466,2025-04-10,CRT-44,Cartucho de Purga Criogênica,must-have,0,0,0,,0
466,2025-04-10,SEL-03,Selante para Compartimento Úmido,need-to-have,26,0,20,,0
467,2025-04-11,CRT-44,Cartucho de Purga Criogênica,must-have,0,0,0,,0
467,2025-04-11,SEL-03,Selante para Compartimento Úmido,need-to-have,20,0,14,,0
468,2025-04-12,CRT-44,Cartucho de Purga Criogênica,must-have,0,0,0,,0
468,2025-04-12,SEL-03,Selante para Compartimento Úmido,need-to-have,14,0,7,,0
469,2025-04-13,CRT-44,Cartucho de Purga Criogênica,must-have,0,0,0,,0
469,2025-04-13,SEL-03,Selante para Compartimento Úmido,need-to-have,7,60,62,SEL-03-PO033,0
470,2025-04-14,CRT-44,Cartucho de Purga Criogênica,must-have,0,0,0,,0
470,2025-04-14,SEL-03,Selante para Compartimento Úmido,need-to-have,62,0,57,,0
471,2025-04-15,CRT-44,Cartucho de Purga Criogênica,must-have,0,0,0,,0
471,2025-04-15,SEL-03,Selante para Compartimento Úmido,need-to-have,57,0,50,,0
472,2025-04-16,CRT-44,Cartucho de Purga Criogênica,must-have,0,0,0,,0
472,2025-04-16,SEL-03,Selante para Compartimento Úmido,need-to-have,50,0,46,,0
473,2025-04-17,CRT-44,Cartucho de Purga Criogênica,must-have,0,66,60,CRT-44-PO037,0
473,2025-04-17,SEL-03,Selante para Compartimento Úmido,need-to-have,46,0,44,,0
474,2025-04-18,CRT-44,Cartucho de Purga Criogênica,must-have,60,0,54,,0
474,2025-04-18,SEL-03,Selante para Compartimento Úmido,need-to-have,44,0,39,,62
475,2025-04-19,CRT-44,Cartucho de Purga Criogênica,must-have,54,0,44,,0
475,2025-04-19,SEL-03,Selante para Compartimento Úmido,need-to-have,39,0,31,,0
476,2025-04-20,CRT-44,Cartucho de Purga Criogênica,must-have,44,0,36,,67
476,2025-04-20,SEL-03,Selante para Compartimento Úmido,need-to-have,31,0,26,,0
477,2025-04-21,CRT-44,Cartucho de Purga Criogênica,must-have,36,0,28,,0
477,2025-04-21,SEL-03,Selante para Compartimento Úmido,need-to-have,26,0,17,,0
478,2025-04-22,CRT-44,Cartucho de Purga Criogênica,must-have,28,0,24,,0
478,2025-04-22,SEL-03,Selante para Compartimento Úmido,need-to-have,17,0,13,,0
479,2025-04-23,CRT-44,Cartucho de Purga Criogênica,must-have,24,0,21,,0
479,2025-04-23,SEL-03,Selante para Compartimento Úmido,need-to-have,13,0,7,,0
480,2025-04-24,CRT-44,Cartucho de Purga Criogênica,must-have,21,0,16,,0
480,2025-04-24,SEL-03,Selante para Compartimento Úmido,need-to-have,7,0,1,,0
481,2025-04-25,CRT-44,Cartucho de Purga Criogênica,must-have,16,0,9,,0
481,2025-04-25,SEL-03,Selante para Compartimento Úmido,need-to-have,1,0,0,,0
482,2025-04-26,CRT-44,Cartucho de Purga Criogênica,must-have,9,0,0,,0
482,2025-04-26,SEL-03,Selante para Compartimento Úmido,need-to-have,0,0,0,,0
483,2025-04-27,CRT-44,Cartucho de Purga Criogênica,must-have,0,0,0,,0
483,2025-04-27,SEL-03,Selante para Compartimento Úmido,need-to-have,0,0,0,,0
484,2025-04-28,CRT-44,Cartucho de Purga Criogênica,must-have,0,0,0,,0
484,2025-04-28,SEL-03,Selante para Compartimento Úmido,need-to-have,0,62,55,SEL-03-PO034,0
485,2025-04-29,CRT-44,Cartucho de Purga Criogênica,must-have,0,0,0,,0
485,2025-04-29,SEL-03,Selante para Compartimento Úmido,need-to-have,55,0,48,,0
486,2025-04-30,CRT-44,Cartucho de Purga Criogênica,must-have,0,0,0,,0
486,2025-04-30,SEL-03,Selante para Compartimento Úmido,need-to-have,48,0,43,,0
487,2025-05-01,CRT-44,Cartucho de Purga Criogênica,must-have,0,0,0,,0
487,2025-05-01,SEL-03,Selante para Compartimento Úmido,need-to-have,43,0,38,,67
488,2025-05-02,CRT-44,Cartucho de Purga Criogênica,must-have,0,0,0,,0
488,2025-05-02,SEL-03,Selante para Compartimento Úmido,need-to-have,38,0,33,,0
489,2025-05-03,CRT-44,Cartucho de Purga Criogênica,must-have,0,67,61,CRT-44-PO038,0
489,2025-05-03,SEL-03,Selante para Compartimento Úmido,need-to-have,33,0,28,,0
490,2025-05-04,CRT-44,Cartucho de Purga Criogênica,must-have,61,0,51,,0
490,2025-05-04,SEL-03,Selante para Compartimento Úmido,need-to-have,28,0,23,,0
491,2025-05-05,CRT-44,Cartucho de Purga Criogênica,must-have,51,0,40,,73
491,2025-05-05,SEL-03,Selante para Compartimento Úmido,need-to-have,23,0,20,,0
492,2025-05-06,CRT-44,Cartucho de Purga Criogênica,must-have,40,0,38,,0
492,2025-05-06,SEL-03,Selante para Compartimento Úmido,need-to-have,20,0,14,,0
493,2025-05-07,CRT-44,Cartucho de Purga Criogênica,must-have,38,0,29,,0
493,2025-05-07,SEL-03,Selante para Compartimento Úmido,need-to-have,14,0,8,,0
494,2025-05-08,CRT-44,Cartucho de Purga Criogênica,must-have,29,0,19,,0
494,2025-05-08,SEL-03,Selante para Compartimento Úmido,need-to-have,8,0,5,,0
495,2025-05-09,CRT-44,Cartucho de Purga Criogênica,must-have,19,0,11,,0
495,2025-05-09,SEL-03,Selante para Compartimento Úmido,need-to-have,5,0,0,,0
496,2025-05-10,CRT-44,Cartucho de Purga Criogênica,must-have,11,0,5,,0
496,2025-05-10,SEL-03,Selante para Compartimento Úmido,need-to-have,0,0,0,,0
497,2025-05-11,CRT-44,Cartucho de Purga Criogênica,must-have,5,0,3,,0
497,2025-05-11,SEL-03,Selante para Compartimento Úmido,need-to-have,0,0,0,,0
498,2025-05-12,CRT-44,Cartucho de Purga Criogênica,must-have,3,0,0,,0
498,2025-05-12,SEL-03,Selante para Compartimento Úmido,need-to-have,0,0,0,,0
499,2025-05-13,CRT-44,Cartucho de Purga Criogênica,must-have,0,0,0,,0
499,2025-05-13,SEL-03,Selante para Compartimento Úmido,need-to-have,0,67,58,SEL-03-PO035,0
500,2025-05-14,CRT-44,Cartucho de Purga Criogênica,must-have,0,0,0,,0
500,2025-05-14,SEL-03,Selante para Compartimento Úmido,need-to-have,58,0,52,,0
501,2025-05-15,CRT-44,Cartucho de Purga Criogênica,must-have,0,0,0,,0
501,2025-05-15,SEL-03,Selante para Compartimento Úmido,need-to-have,52,0,44,,0
502,2025-05-16,CRT-44,Cartucho de Purga Criogênica,must-have,0,0,0,,0
502,2025-05-16,SEL-03,Selante para Compartimento Úmido,need-to-have,44,0,37,,67
503,2025-05-17,CRT-44,Cartucho de Purga Criogênica,must-have,0,0,0,,0
503,2025-05-17,SEL-03,Selante para Compartimento Úmido,need-to-have,37,0,30,,0
504,2025-05-18,CRT-44,Cartucho de Purga Criogênica,must-have,0,0,0,,0
504,2025-05-18,SEL-03,Selante para Compartimento Úmido,need-to-have,30,0,26,,0
505,2025-05-19,CRT-44,Cartucho de Purga Criogênica,must-have,0,0,0,,0
505,2025-05-19,SEL-03,Selante para Compartimento Úmido,need-to-have,26,0,22,,0
506,2025-05-20,CRT-44,Cartucho de Purga Criogênica,must-have,0,73,62,CRT-44-PO039,0
506,2025-05-20,SEL-03,Selante para Compartimento Úmido,need-to-have,22,0,16,,0
507,2025-05-21,CRT-44,Cartucho de Purga Criogênica,must-have,62,0,57,,0
507,2025-05-21,SEL-03,Selante para Compartimento Úmido,need-to-have,16,0,11,,0
508,2025-05-22,CRT-44,Cartucho de Purga Criogênica,must-have,57,0,47,,0
508,2025-05-22,SEL-03,Selante para Compartimento Úmido,need-to-have,11,0,6,,0
509,2025-05-23,CRT-44,Cartucho de Purga Criogênica,must-have,47,0,42,,0
509,2025-05-23,SEL-03,Selante para Compartimento Úmido,need-to-have,6,0,0,,0
510,2025-05-24,CRT-44,Cartucho de Purga Criogênica,must-have,42,0,34,,67
510,2025-05-24,SEL-03,Selante para Compartimento Úmido,need-to-have,0,0,0,,0
511,2025-05-25,CRT-44,Cartucho de Purga Criogênica,must-have,34,0,26,,0
511,2025-05-25,SEL-03,Selante para Compartimento Úmido,need-to-have,0,0,0,,0
512,2025-05-26,CRT-44,Cartucho de Purga Criogênica,must-have,26,0,21,,0
512,2025-05-26,SEL-03,Selante para Compartimento Úmido,need-to-have,0,67,60,SEL-03-PO036,0
513,2025-05-27,CRT-44,Cartucho de Purga Criogênica,must-have,21,0,15,,0
513,2025-05-27,SEL-03,Selante para Compartimento Úmido,need-to-have,60,0,55,,0
514,2025-05-28,CRT-44,Cartucho de Purga Criogênica,must-have,15,0,6,,0
514,2025-05-28,SEL-03,Selante para Compartimento Úmido,need-to-have,55,0,50,,0
515,2025-05-29,CRT-44,Cartucho de Purga Criogênica,must-have,6,0,1,,0
515,2025-05-29,SEL-03,Selante para Compartimento Úmido,need-to-have,50,0,40,,0
516,2025-05-30,CRT-44,Cartucho de Purga Criogênica,must-have,1,67,61,CRT-44-PO040,0
516,2025-05-30,SEL-03,Selante para Compartimento Úmido,need-to-have,40,0,35,,60
517,2025-05-31,CRT-44,Cartucho de Purga Criogênica,must-have,61,0,49,,0
517,2025-05-31,SEL-03,Selante para Compartimento Úmido,need-to-have,35,0,29,,0
518,2025-06-01,CRT-44,Cartucho de Purga Criogênica,must-have,49,0,44,,0
518,2025-06-01,SEL-03,Selante para Compartimento Úmido,need-to-have,29,0,20,,0
519,2025-06-02,CRT-44,Cartucho de Purga Criogênica,must-have,44,0,36,,66
519,2025-06-02,SEL-03,Selante para Compartimento Úmido,need-to-have,20,0,11,,0
520,2025-06-03,CRT-44,Cartucho de Purga Criogênica,must-have,36,0,33,,0
520,2025-06-03,SEL-03,Selante para Compartimento Úmido,need-to-have,11,0,4,,0
521,2025-06-04,CRT-44,Cartucho de Purga Criogênica,must-have,33,0,28,,0
521,2025-06-04,SEL-03,Selante para Compartimento Úmido,need-to-have,4,0,0,,0
522,2025-06-05,CRT-44,Cartucho de Purga Criogênica,must-have,28,0,22,,0
522,2025-06-05,SEL-03,Selante para Compartimento Úmido,need-to-have,0,0,0,,0
523,2025-06-06,CRT-44,Cartucho de Purga Criogênica,must-have,22,0,14,,0
523,2025-06-06,SEL-03,Selante para Compartimento Úmido,need-to-have,0,0,0,,0
524,2025-06-07,CRT-44,Cartucho de Purga Criogênica,must-have,14,0,5,,0
524,2025-06-07,SEL-03,Selante para Compartimento Úmido,need-to-have,0,0,0,,0
525,2025-06-08,CRT-44,Cartucho de Purga Criogênica,must-have,5,0,2,,0
525,2025-06-08,SEL-03,Selante para Compartimento Úmido,need-to-have,0,0,0,,0
526,2025-06-09,CRT-44,Cartucho de Purga Criogênica,must-have,2,0,0,,0
526,2025-06-09,SEL-03,Selante para Compartimento Úmido,need-to-have,0,0,0,,0
527,2025-06-10,CRT-44,Cartucho de Purga Criogênica,must-have,0,0,0,,0
527,2025-06-10,SEL-03,Selante para Compartimento Úmido,need-to-have,0,60,54,SEL-03-PO037,0
528,2025-06-11,CRT-44,Cartucho de Purga Criogênica,must-have,0,0,0,,0
528,2025-06-11,SEL-03,Selante para Compartimento Úmido,need-to-have,54,0,51,,0
529,2025-06-12,CRT-44,Cartucho de Purga Criogênica,must-have,0,0,0,,0
529,2025-06-12,SEL-03,Selante para Compartimento Úmido,need-to-have,51,0,45,,0
530,2025-06-13,CRT-44,Cartucho de Purga Criogênica,must-have,0,0,0,,0
530,2025-06-13,SEL-03,Selante para Compartimento Úmido,need-to-have,45,0,37,,66
531,2025-06-14,CRT-44,Cartucho de Purga Criogênica,must-have,0,0,0,,0
531,2025-06-14,SEL-03,Selante para Compartimento Úmido,need-to-have,37,0,31,,0
532,2025-06-15,CRT-44,Cartucho de Purga Criogênica,must-have,0,0,0,,0
532,2025-06-15,SEL-03,Selante para Compartimento Úmido,need-to-have,31,0,28,,0
533,2025-06-16,CRT-44,Cartucho de Purga Criogênica,must-have,0,0,0,,0
533,2025-06-16,SEL-03,Selante para Compartimento Úmido,need-to-have,28,0,21,,0
534,2025-06-17,CRT-44,Cartucho de Purga Criogênica,must-have,0,0,0,,0
534,2025-06-17,SEL-03,Selante para Compartimento Úmido,need-to-have,21,0,16,,0
535,2025-06-18,CRT-44,Cartucho de Purga Criogênica,must-have,0,0,0,,0
535,2025-06-18,SEL-03,Selante para Compartimento Úmido,need-to-have,16,0,9,,0
536,2025-06-19,CRT-44,Cartucho de Purga Criogênica,must-have,0,66,58,CRT-44-PO041,0
536,2025-06-19,SEL-03,Selante para Compartimento Úmido,need-to-have,9,0,8,,0
537,2025-06-20,CRT-44,Cartucho de Purga Criogênica,must-have,58,0,52,,0
537,2025-06-20,SEL-03,Selante para Compartimento Úmido,need-to-have,8,0,3,,0
538,2025-06-21,CRT-44,Cartucho de Purga Criogênica,must-have,52,0,48,,0
538,2025-06-21,SEL-03,Selante para Compartimento Úmido,need-to-have,3,0,0,,0
539,2025-06-22,CRT-44,Cartucho de Purga Criogênica,must-have,48,0,41,,72
539,2025-06-22,SEL-03,Selante para Compartimento Úmido,need-to-have,0,66,60,SEL-03-PO038,0
540,2025-06-23,CRT-44,Cartucho de Purga Criogênica,must-have,41,0,38,,0
540,2025-06-23,SEL-03,Selante para Compartimento Úmido,need-to-have,60,0,59,,0
541,2025-06-24,CRT-44,Cartucho de Purga Criogênica,must-have,38,0,30,,0
541,2025-06-24,SEL-03,Selante para Compartimento Úmido,need-to-have,59,0,53,,0
542,2025-06-25,CRT-44,Cartucho de Purga Criogênica,must-have,30,0,26,,0
542,2025-06-25,SEL-03,Selante para Compartimento Úmido,need-to-have,53,0,47,,0
543,2025-06-26,CRT-44,Cartucho de Purga Criogênica,must-have,26,0,19,,0
543,2025-06-26,SEL-03,Selante para Compartimento Úmido,need-to-have,47,0,41,,0
544,2025-06-27,CRT-44,Cartucho de Purga Criogênica,must-have,19,0,11,,0
544,2025-06-27,SEL-03,Selante para Compartimento Úmido,need-to-have,41,0,36,,58
545,2025-06-28,CRT-44,Cartucho de Purga Criogênica,must-have,11,72,77,CRT-44-PO042,0
545,2025-06-28,SEL-03,Selante para Compartimento Úmido,need-to-have,36,0,30,,0
546,2025-06-29,CRT-44,Cartucho de Purga Criogênica,must-have,77,0,67,,0
546,2025-06-29,SEL-03,Selante para Compartimento Úmido,need-to-have,30,0,24,,0
547,2025-06-30,CRT-44,Cartucho de Purga Criogênica,must-have,67,0,60,,0
547,2025-06-30,SEL-03,Selante para Compartimento Úmido,need-to-have,24,0,21,,0
548,2025-07-01,CRT-44,Cartucho de Purga Criogênica,must-have,60,0,56,,0
548,2025-07-01,SEL-03,Selante para Compartimento Úmido,need-to-have,21,0,13,,0
549,2025-07-02,CRT-44,Cartucho de Purga Criogênica,must-have,56,0,50,,0
549,2025-07-02,SEL-03,Selante para Compartimento Úmido,need-to-have,13,0,10,,0
550,2025-07-03,CRT-44,Cartucho de Purga Criogênica,must-have,50,0,44,,0
550,2025-07-03,SEL-03,Selante para Compartimento Úmido,need-to-have,10,0,8,,0
551,2025-07-04,CRT-44,Cartucho de Purga Criogênica,must-have,44,0,40,,62
551,2025-07-04,SEL-03,Selante para Compartimento Úmido,need-to-have,8,0,0,,0
552,2025-07-05,CRT-44,Cartucho de Purga Criogênica,must-have,40,0,32,,0
552,2025-07-05,SEL-03,Selante para Compartimento Úmido,need-to-have,0,0,0,,0
553,2025-07-06,CRT-44,Cartucho de Purga Criogênica,must-have,32,0,26,,0
553,2025-07-06,SEL-03,Selante para Compartimento Úmido,need-to-have,0,55,45,SEL-03-PO039,0
554,2025-07-07,CRT-44,Cartucho de Purga Criogênica,must-have,26,0,18,,0
554,2025-07-07,SEL-03,Selante para Compartimento Úmido,need-to-have,45,0,43,,0
555,2025-07-08,CRT-44,Cartucho de Purga Criogênica,must-have,18,0,13,,0
555,2025-07-08,SEL-03,Selante para Compartimento Úmido,need-to-have,43,0,35,,67
556,2025-07-09,CRT-44,Cartucho de Purga Criogênica,must-have,13,0,8,,0
556,2025-07-09,SEL-03,Selante para Compartimento Úmido,need-to-have,35,0,26,,0
557,2025-07-10,CRT-44,Cartucho de Purga Criogênica,must-have,8,0,0,,0
557,2025-07-10,SEL-03,Selante para Compartimento Úmido,need-to-have,26,0,21,,0
558,2025-07-11,CRT-44,Cartucho de Purga Criogênica,must-have,0,62,55,CRT-44-PO043,0
558,2025-07-11,SEL-03,Selante para Compartimento Úmido,need-to-have,21,0,17,,0
559,2025-07-12,CRT-44,Cartucho de Purga Criogênica,must-have,55,0,50,,0
559,2025-07-12,SEL-03,Selante para Compartimento Úmido,need-to-have,17,0,11,,0
560,2025-07-13,CRT-44,Cartucho de Purga Criogênica,must-have,50,0,41,,66
560,2025-07-13,SEL-03,Selante para Compartimento Úmido,need-to-have,11,0,6,,0
561,2025-07-14,CRT-44,Cartucho de Purga Criogênica,must-have,41,0,35,,0
561,2025-07-14,SEL-03,Selante para Compartimento Úmido,need-to-have,6,0,0,,0
562,2025-07-15,CRT-44,Cartucho de Purga Criogênica,must-have,35,0,30,,0
562,2025-07-15,SEL-03,Selante para Compartimento Úmido,need-to-have,0,0,0,,0
563,2025-07-16,CRT-44,Cartucho de Purga Criogênica,must-have,30,0,26,,0
563,2025-07-16,SEL-03,Selante para Compartimento Úmido,need-to-have,0,67,61,SEL-03-PO040,0
564,2025-07-17,CRT-44,Cartucho de Purga Criogênica,must-have,26,0,20,,0
564,2025-07-17,SEL-03,Selante para Compartimento Úmido,need-to-have,61,0,53,,0
565,2025-07-18,CRT-44,Cartucho de Purga Criogênica,must-have,20,0,17,,0
565,2025-07-18,SEL-03,Selante para Compartimento Úmido,need-to-have,53,0,45,,0
566,2025-07-19,CRT-44,Cartucho de Purga Criogênica,must-have,17,0,7,,0
566,2025-07-19,SEL-03,Selante para Compartimento Úmido,need-to-have,45,0,42,,0
567,2025-07-20,CRT-44,Cartucho de Purga Criogênica,must-have,7,0,3,,0
567,2025-07-20,SEL-03,Selante para Compartimento Úmido,need-to-have,42,0,36,,65
568,2025-07-21,CRT-44,Cartucho de Purga Criogênica,must-have,3,0,0,,0
568,2025-07-21,SEL-03,Selante para Compartimento Úmido,need-to-have,36,0,32,,0
569,2025-07-22,CRT-44,Cartucho de Purga Criogênica,must-have,0,0,0,,0
569,2025-07-22,SEL-03,Selante para Compartimento Úmido,need-to-have,32,0,23,,0
570,2025-07-23,CRT-44,Cartucho de Purga Criogênica,must-have,0,0,0,,0
570,2025-07-23,SEL-03,Selante para Compartimento Úmido,need-to-have,23,0,16,,0
571,2025-07-24,CRT-44,Cartucho de Purga Criogênica,must-have,0,66,61,CRT-44-PO044,0
571,2025-07-24,SEL-03,Selante para Compartimento Úmido,need-to-have,16,0,12,,0
572,2025-07-25,CRT-44,Cartucho de Purga Criogênica,must-have,61,0,58,,0
572,2025-07-25,SEL-03,Selante para Compartimento Úmido,need-to-have,12,0,6,,0
573,2025-07-26,CRT-44,Cartucho de Purga Criogênica,must-have,58,0,52,,0
573,2025-07-26,SEL-03,Selante para Compartimento Úmido,need-to-have,6,0,0,,0
574,2025-07-27,CRT-44,Cartucho de Purga Criogênica,must-have,52,0,44,,0
574,2025-07-27,SEL-03,Selante para Compartimento Úmido,need-to-have,0,0,0,,0
575,2025-07-28,CRT-44,Cartucho de Purga Criogênica,must-have,44,0,37,,71
575,2025-07-28,SEL-03,Selante para Compartimento Úmido,need-to-have,0,0,0,,0
576,2025-07-29,CRT-44,Cartucho de Purga Criogênica,must-have,37,0,31,,0
576,2025-07-29,SEL-03,Selante para Compartimento Úmido,need-to-have,0,0,0,,0
577,2025-07-30,CRT-44,Cartucho de Purga Criogênica,must-have,31,0,26,,0
577,2025-07-30,SEL-03,Selante para Compartimento Úmido,need-to-have,0,0,0,,0
578,2025-07-31,CRT-44,Cartucho de Purga Criogênica,must-have,26,0,19,,0
578,2025-07-31,SEL-03,Selante para Compartimento Úmido,need-to-have,0,0,0,,0
579,2025-08-01,CRT-44,Cartucho de Purga Criogênica,must-have,19,0,11,,0
579,2025-08-01,SEL-03,Selante para Compartimento Úmido,need-to-have,0,65,60,SEL-03-PO041,0
580,2025-08-02,CRT-44,Cartucho de Purga Criogênica,must-have,11,0,6,,0
580,2025-08-02,SEL-03,Selante para Compartimento Úmido,need-to-have,60,0,56,,0
581,2025-08-03,CRT-44,Cartucho de Purga Criogênica,must-have,6,0,0,,0
581,2025-08-03,SEL-03,Selante para Compartimento Úmido,need-to-have,56,0,50,,0
582,2025-08-04,CRT-44,Cartucho de Purga Criogênica,must-have,0,0,0,,0
582,2025-08-04,SEL-03,Selante para Compartimento Úmido,need-to-have,50,0,50,,0
583,2025-08-05,CRT-44,Cartucho de Purga Criogênica,must-have,0,71,64,CRT-44-PO045,0
583,2025-08-05,SEL-03,Selante para Compartimento Úmido,need-to-have,50,0,46,,0
584,2025-08-06,CRT-44,Cartucho de Purga Criogênica,must-have,64,0,61,,0
584,2025-08-06,SEL-03,Selante para Compartimento Úmido,need-to-have,46,0,41,,0
585,2025-08-07,CRT-44,Cartucho de Purga Criogênica,must-have,61,0,53,,0
585,2025-08-07,SEL-03,Selante para Compartimento Úmido,need-to-have,41,0,38,,61
586,2025-08-08,CRT-44,Cartucho de Purga Criogênica,must-have,53,0,44,,0
586,2025-08-08,SEL-03,Selante para Compartimento Úmido,need-to-have,38,0,32,,0
587,2025-08-09,CRT-44,Cartucho de Purga Criogênica,must-have,44,0,37,,70
587,2025-08-09,SEL-03,Selante para Compartimento Úmido,need-to-have,32,0,26,,0
588,2025-08-10,CRT-44,Cartucho de Purga Criogênica,must-have,37,0,27,,0
588,2025-08-10,SEL-03,Selante para Compartimento Úmido,need-to-have,26,0,22,,0
589,2025-08-11,CRT-44,Cartucho de Purga Criogênica,must-have,27,0,22,,0
589,2025-08-11,SEL-03,Selante para Compartimento Úmido,need-to-have,22,0,17,,0
590,2025-08-12,CRT-44,Cartucho de Purga Criogênica,must-have,22,0,14,,0
590,2025-08-12,SEL-03,Selante para Compartimento Úmido,need-to-have,17,0,12,,0
591,2025-08-13,CRT-44,Cartucho de Purga Criogênica,must-have,14,0,4,,0
591,2025-08-13,SEL-03,Selante para Compartimento Úmido,need-to-have,12,0,6,,0
592,2025-08-14,CRT-44,Cartucho de Purga Criogênica,must-have,4,0,0,,0
592,2025-08-14,SEL-03,Selante para Compartimento Úmido,need-to-have,6,0,2,,0
593,2025-08-15,CRT-44,Cartucho de Purga Criogênica,must-have,0,0,0,,0
593,2025-08-15,SEL-03,Selante para Compartimento Úmido,need-to-have,2,0,0,,0
594,2025-08-16,CRT-44,Cartucho de Purga Criogênica,must-have,0,0,0,,0
594,2025-08-16,SEL-03,Selante para Compartimento Úmido,need-to-have,0,0,0,,0
595,2025-08-17,CRT-44,Cartucho de Purga Criogênica,must-have,0,0,0,,0
595,2025-08-17,SEL-03,Selante para Compartimento Úmido,need-to-have,0,0,0,,0
596,2025-08-18,CRT-44,Cartucho de Purga Criogênica,must-have,0,0,0,,0
596,2025-08-18,SEL-03,Selante para Compartimento Úmido,need-to-have,0,0,0,,0
597,2025-08-19,CRT-44,Cartucho de Purga Criogênica,must-have,0,0,0,,0
597,2025-08-19,SEL-03,Selante para Compartimento Úmido,need-to-have,0,0,0,,0
598,2025-08-20,CRT-44,Cartucho de Purga Criogênica,must-have,0,0,0,,0
598,2025-08-20,SEL-03,Selante para Compartimento Úmido,need-to-have,0,0,0,,0
599,2025-08-21,CRT-44,Cartucho de Purga Criogênica,must-have,0,0,0,,0
599,2025-08-21,SEL-03,Selante para Compartimento Úmido,need-to-have,0,0,0,,0
600,2025-08-22,CRT-44,Cartucho de Purga Criogênica,must-have,0,0,0,,0
600,2025-08-22,SEL-03,Selante para Compartimento Úmido,need-to-have,0,0,0,,0
601,2025-08-23,CRT-44,Cartucho de Purga Criogênica,must-have,0,0,0,,0
601,2025-08-23,SEL-03,Selante para Compartimento Úmido,need-to-have,0,0,0,,0
602,2025-08-24,CRT-44,Cartucho de Purga Criogênica,must-have,0,70,61,CRT-44-PO046,0
602,2025-08-24,SEL-03,Selante para Compartimento Úmido,need-to-have,0,61,53,SEL-03-PO042,0
603,2025-08-25,CRT-44,Cartucho de Purga Criogênica,must-have,61,0,54,,0
603,2025-08-25,SEL-03,Selante para Compartimento Úmido,need-to-have,53,0,47,,0
604,2025-08-26,CRT-44,Cartucho de Purga Criogênica,must-have,54,0,47,,0
604,2025-08-26,SEL-03,Selante para Compartimento Úmido,need-to-have,47,0,41,,0
605,2025-08-27,CRT-44,Cartucho de Purga Criogênica,must-have,47,0,39,,63
605,2025-08-27,SEL-03,Selante para Compartimento Úmido,need-to-have,41,0,34,,57
606,2025-08-28,CRT-44,Cartucho de Purga Criogênica,must-have,39,0,32,,0
606,2025-08-28,SEL-03,Selante para Compartimento Úmido,need-to-have,34,0,26,,0
607,2025-08-29,CRT-44,Cartucho de Purga Criogênica,must-have,32,0,28,,0
607,2025-08-29,SEL-03,Selante para Compartimento Úmido,need-to-have,26,0,23,,0
608,2025-08-30,CRT-44,Cartucho de Purga Criogênica,must-have,28,0,19,,0
608,2025-08-30,SEL-03,Selante para Compartimento Úmido,need-to-have,23,0,17,,0
609,2025-08-31,CRT-44,Cartucho de Purga Criogênica,must-have,19,0,12,,0
609,2025-08-31,SEL-03,Selante para Compartimento Úmido,need-to-have,17,0,13,,0
610,2025-09-01,CRT-44,Cartucho de Purga Criogênica,must-have,12,0,3,,0
610,2025-09-01,SEL-03,Selante para Compartimento Úmido,need-to-have,13,0,4,,0
611,2025-09-02,CRT-44,Cartucho de Purga Criogênica,must-have,3,0,0,,0
611,2025-09-02,SEL-03,Selante para Compartimento Úmido,need-to-have,4,0,0,,0
612,2025-09-03,CRT-44,Cartucho de Purga Criogênica,must-have,0,0,0,,0
612,2025-09-03,SEL-03,Selante para Compartimento Úmido,need-to-have,0,0,0,,0
613,2025-09-04,CRT-44,Cartucho de Purga Criogênica,must-have,0,0,0,,0
613,2025-09-04,SEL-03,Selante para Compartimento Úmido,need-to-have,0,0,0,,0
614,2025-09-05,CRT-44,Cartucho de Purga Criogênica,must-have,0,0,0,,0
614,2025-09-05,SEL-03,Selante para Compartimento Úmido,need-to-have,0,0,0,,0
615,2025-09-06,CRT-44,Cartucho de Purga Criogênica,must-have,0,0,0,,0
615,2025-09-06,SEL-03,Selante para Compartimento Úmido,need-to-have,0,0,0,,0
616,2025-09-07,CRT-44,Cartucho de Purga Criogênica,must-have,0,63,51,CRT-44-PO047,0
616,2025-09-07,SEL-03,Selante para Compartimento Úmido,need-to-have,0,0,0,,0
617,2025-09-08,CRT-44,Cartucho de Purga Criogênica,must-have,51,0,46,,0
617,2025-09-08,SEL-03,Selante para Compartimento Úmido,need-to-have,0,0,0,,0
618,2025-09-09,CRT-44,Cartucho de Purga Criogênica,must-have,46,0,37,,72
618,2025-09-09,SEL-03,Selante para Compartimento Úmido,need-to-have,0,0,0,,0
619,2025-09-10,CRT-44,Cartucho de Purga Criogênica,must-have,37,0,28,,0
619,2025-09-10,SEL-03,Selante para Compartimento Úmido,need-to-have,0,0,0,,0
620,2025-09-11,CRT-44,Cartucho de Purga Criogênica,must-have,28,0,20,,0
620,2025-09-11,SEL-03,Selante para Compartimento Úmido,need-to-have,0,57,53,SEL-03-PO043,0
621,2025-09-12,CRT-44,Cartucho de Purga Criogênica,must-have,20,0,14,,0
621,2025-09-12,SEL-03,Selante para Compartimento Úmido,need-to-have,53,0,45,,0
622,2025-09-13,CRT-44,Cartucho de Purga Criogênica,must-have,14,0,6,,0
622,2025-09-13,SEL-03,Selante para Compartimento Úmido,need-to-have,45,0,39,,63
623,2025-09-14,CRT-44,Cartucho de Purga Criogênica,must-have,6,0,0,,0
623,2025-09-14,SEL-03,Selante para Compartimento Úmido,need-to-have,39,0,34,,0
624,2025-09-15,CRT-44,Cartucho de Purga Criogênica,must-have,0,0,0,,0
624,2025-09-15,SEL-03,Selante para Compartimento Úmido,need-to-have,34,0,24,,0
625,2025-09-16,CRT-44,Cartucho de Purga Criogênica,must-have,0,0,0,,0
625,2025-09-16,SEL-03,Selante para Compartimento Úmido,need-to-have,24,0,20,,0
626,2025-09-17,CRT-44,Cartucho de Purga Criogênica,must-have,0,0,0,,0
626,2025-09-17,SEL-03,Selante para Compartimento Úmido,need-to-have,20,0,15,,0
627,2025-09-18,CRT-44,Cartucho de Purga Criogênica,must-have,0,0,0,,0
627,2025-09-18,SEL-03,Selante para Compartimento Úmido,need-to-have,15,0,13,,0
628,2025-09-19,CRT-44,Cartucho de Purga Criogênica,must-have,0,0,0,,0
628,2025-09-19,SEL-03,Selante para Compartimento Úmido,need-to-have,13,0,6,,0
629,2025-09-20,CRT-44,Cartucho de Purga Criogênica,must-have,0,72,62,CRT-44-PO048,0
629,2025-09-20,SEL-03,Selante para Compartimento Úmido,need-to-have,6,0,0,,0
630,2025-09-21,CRT-44,Cartucho de Purga Criogênica,must-have,62,0,56,,0
630,2025-09-21,SEL-03,Selante para Compartimento Úmido,need-to-have,0,0,0,,0
631,2025-09-22,CRT-44,Cartucho de Purga Criogênica,must-have,56,0,49,,0
631,2025-09-22,SEL-03,Selante para Compartimento Úmido,need-to-have,0,0,0,,0
632,2025-09-23,CRT-44,Cartucho de Purga Criogênica,must-have,49,0,42,,0
632,2025-09-23,SEL-03,Selante para Compartimento Úmido,need-to-have,0,0,0,,0
633,2025-09-24,CRT-44,Cartucho de Purga Criogênica,must-have,42,0,37,,66
633,2025-09-24,SEL-03,Selante para Compartimento Úmido,need-to-have,0,0,0,,0
634,2025-09-25,CRT-44,Cartucho de Purga Criogênica,must-have,37,0,34,,0
634,2025-09-25,SEL-03,Selante para Compartimento Úmido,need-to-have,0,0,0,,0
635,2025-09-26,CRT-44,Cartucho de Purga Criogênica,must-have,34,0,28,,0
635,2025-09-26,SEL-03,Selante para Compartimento Úmido,need-to-have,0,63,56,SEL-03-PO044,0
636,2025-09-27,CRT-44,Cartucho de Purga Criogênica,must-have,28,0,19,,0
636,2025-09-27,SEL-03,Selante para Compartimento Úmido,need-to-have,56,0,51,,0
637,2025-09-28,CRT-44,Cartucho de Purga Criogênica,must-have,19,0,12,,0
637,2025-09-28,SEL-03,Selante para Compartimento Úmido,need-to-have,51,0,46,,0
638,2025-09-29,CRT-44,Cartucho de Purga Criogênica,must-have,12,0,5,,0
638,2025-09-29,SEL-03,Selante para Compartimento Úmido,need-to-have,46,0,42,,0
639,2025-09-30,CRT-44,Cartucho de Purga Criogênica,must-have,5,0,0,,0
639,2025-09-30,SEL-03,Selante para Compartimento Úmido,need-to-have,42,0,36,,63
640,2025-10-01,CRT-44,Cartucho de Purga Criogênica,must-have,0,0,0,,0
640,2025-10-01,SEL-03,Selante para Compartimento Úmido,need-to-have,36,0,29,,0
641,2025-10-02,CRT-44,Cartucho de Purga Criogênica,must-have,0,0,0,,0
641,2025-10-02,SEL-03,Selante para Compartimento Úmido,need-to-have,29,0,24,,0
642,2025-10-03,CRT-44,Cartucho de Purga Criogênica,must-have,0,0,0,,0
642,2025-10-03,SEL-03,Selante para Compartimento Úmido,need-to-have,24,0,22,,0
643,2025-10-04,CRT-44,Cartucho de Purga Criogênica,must-have,0,0,0,,0
643,2025-10-04,SEL-03,Selante para Compartimento Úmido,need-to-have,22,0,18,,0
644,2025-10-05,CRT-44,Cartucho de Purga Criogênica,must-have,0,0,0,,0
644,2025-10-05,SEL-03,Selante para Compartimento Úmido,need-to-have,18,0,14,,0
645,2025-10-06,CRT-44,Cartucho de Purga Criogênica,must-have,0,0,0,,0
645,2025-10-06,SEL-03,Selante para Compartimento Úmido,need-to-have,14,0,6,,0
646,2025-10-07,CRT-44,Cartucho de Purga Criogênica,must-have,0,0,0,,0
646,2025-10-07,SEL-03,Selante para Compartimento Úmido,need-to-have,6,0,2,,0
647,2025-10-08,CRT-44,Cartucho de Purga Criogênica,must-have,0,66,59,CRT-44-PO049,0
647,2025-10-08,SEL-03,Selante para Compartimento Úmido,need-to-have,2,0,0,,0
648,2025-10-09,CRT-44,Cartucho de Purga Criogênica,must-have,59,0,48,,0
648,2025-10-09,SEL-03,Selante para Compartimento Úmido,need-to-have,0,63,58,SEL-03-PO045,0
649,2025-10-10,CRT-44,Cartucho de Purga Criogênica,must-have,48,0,42,,0
649,2025-10-10,SEL-03,Selante para Compartimento Úmido,need-to-have,58,0,49,,0
650,2025-10-11,CRT-44,Cartucho de Purga Criogênica,must-have,42,0,35,,67
650,2025-10-11,SEL-03,Selante para Compartimento Úmido,need-to-have,49,0,43,,0
651,2025-10-12,CRT-44,Cartucho de Purga Criogênica,must-have,35,0,25,,0
651,2025-10-12,SEL-03,Selante para Compartimento Úmido,need-to-have,43,0,36,,58
652,2025-10-13,CRT-44,Cartucho de Purga Criogênica,must-have,25,0,19,,0
652,2025-10-13,SEL-03,Selante para Compartimento Úmido,need-to-have,36,0,30,,0
653,2025-10-14,CRT-44,Cartucho de Purga Criogênica,must-have,19,0,11,,0
653,2025-10-14,SEL-03,Selante para Compartimento Úmido,need-to-have,30,0,25,,0
654,2025-10-15,CRT-44,Cartucho de Purga Criogênica,must-have,11,0,5,,0
654,2025-10-15,SEL-03,Selante para Compartimento Úmido,need-to-have,25,0,19,,0
655,2025-10-16,CRT-44,Cartucho de Purga Criogênica,must-have,5,0,0,,0
655,2025-10-16,SEL-03,Selante para Compartimento Úmido,need-to-have,19,0,12,,0
656,2025-10-17,CRT-44,Cartucho de Purga Criogênica,must-have,0,0,0,,0
656,2025-10-17,SEL-03,Selante para Compartimento Úmido,need-to-have,12,0,6,,0
657,2025-10-18,CRT-44,Cartucho de Purga Criogênica,must-have,0,0,0,,0
657,2025-10-18,SEL-03,Selante para Compartimento Úmido,need-to-have,6,0,2,,0
658,2025-10-19,CRT-44,Cartucho de Purga Criogênica,must-have,0,0,0,,0
658,2025-10-19,SEL-03,Selante para Compartimento Úmido,need-to-have,2,0,0,,0
659,2025-10-20,CRT-44,Cartucho de Purga Criogênica,must-have,0,0,0,,0
659,2025-10-20,SEL-03,Selante para Compartimento Úmido,need-to-have,0,58,53,SEL-03-PO046,0
660,2025-10-21,CRT-44,Cartucho de Purga Criogênica,must-have,0,0,0,,0
660,2025-10-21,SEL-03,Selante para Compartimento Úmido,need-to-have,53,0,47,,0
661,2025-10-22,CRT-44,Cartucho de Purga Criogênica,must-have,0,67,61,CRT-44-PO050,0
661,2025-10-22,SEL-03,Selante para Compartimento Úmido,need-to-have,47,0,40,,0
662,2025-10-23,CRT-44,Cartucho de Purga Criogênica,must-have,61,0,54,,0
662,2025-10-23,SEL-03,Selante para Compartimento Úmido,need-to-have,40,0,32,,55
663,2025-10-24,CRT-44,Cartucho de Purga Criogênica,must-have,54,0,49,,0
663,2025-10-24,SEL-03,Selante para Compartimento Úmido,need-to-have,32,0,25,,0
664,2025-10-25,CRT-44,Cartucho de Purga Criogênica,must-have,49,0,45,,0
664,2025-10-25,SEL-03,Selante para Compartimento Úmido,need-to-have,25,0,19,,0
665,2025-10-26,CRT-44,Cartucho de Purga Criogênica,must-have,45,0,38,,65
665,2025-10-26,SEL-03,Selante para Compartimento Úmido,need-to-have,19,0,10,,0
666,2025-10-27,CRT-44,Cartucho de Purga Criogênica,must-have,38,0,32,,0
666,2025-10-27,SEL-03,Selante para Compartimento Úmido,need-to-have,10,0,5,,0
667,2025-10-28,CRT-44,Cartucho de Purga Criogênica,must-have,32,0,23,,0
667,2025-10-28,SEL-03,Selante para Compartimento Úmido,need-to-have,5,0,3,,0
668,2025-10-29,CRT-44,Cartucho de Purga Criogênica,must-have,23,0,15,,0
668,2025-10-29,SEL-03,Selante para Compartimento Úmido,need-to-have,3,0,0,,0
669,2025-10-30,CRT-44,Cartucho de Purga Criogênica,must-have,15,0,10,,0
669,2025-10-30,SEL-03,Selante para Compartimento Úmido,need-to-have,0,0,0,,0
670,2025-10-31,CRT-44,Cartucho de Purga Criogênica,must-have,10,0,0,,0
670,2025-10-31,SEL-03,Selante para Compartimento Úmido,need-to-have,0,0,0,,0
671,2025-11-01,CRT-44,Cartucho de Purga Criogênica,must-have,0,0,0,,0
671,2025-11-01,SEL-03,Selante para Compartimento Úmido,need-to-have,0,0,0,,0
672,2025-11-02,CRT-44,Cartucho de Purga Criogênica,must-have,0,0,0,,0
672,2025-11-02,SEL-03,Selante para Compartimento Úmido,need-to-have,0,0,0,,0
673,2025-11-03,CRT-44,Cartucho de Purga Criogênica,must-have,0,0,0,,0
673,2025-11-03,SEL-03,Selante para Compartimento Úmido,need-to-have,0,0,0,,0
674,2025-11-04,CRT-44,Cartucho de Purga Criogênica,must-have,0,65,59,CRT-44-PO051,0
674,2025-11-04,SEL-03,Selante para Compartimento Úmido,need-to-have,0,0,0,,0
675,2025-11-05,CRT-44,Cartucho de Purga Criogênica,must-have,59,0,53,,0
675,2025-11-05,SEL-03,Selante para Compartimento Úmido,need-to-have,0,0,0,,0
676,2025-11-06,CRT-44,Cartucho de Purga Criogênica,must-have,53,0,48,,0
676,2025-11-06,SEL-03,Selante para Compartimento Úmido,need-to-have,0,0,0,,0
677,2025-11-07,CRT-44,Cartucho de Purga Criogênica,must-have,48,0,45,,0
677,2025-11-07,SEL-03,Selante para Compartimento Úmido,need-to-have,0,55,48,SEL-03-PO047,0
678,2025-11-08,CRT-44,Cartucho de Purga Criogênica,must-have,45,0,37,,68
678,2025-11-08,SEL-03,Selante para Compartimento Úmido,need-to-have,48,0,39,,66
679,2025-11-09,CRT-44,Cartucho de Purga Criogênica,must-have,37,0,30,,0
679,2025-11-09,SEL-03,Selante para Compartimento Úmido,need-to-have,39,0,35,,0
680,2025-11-10,CRT-44,Cartucho de Purga Criogênica,must-have,30,0,23,,0
680,2025-11-10,SEL-03,Selante para Compartimento Úmido,need-to-have,35,0,34,,0
681,2025-11-11,CRT-44,Cartucho de Purga Criogênica,must-have,23,0,16,,0
681,2025-11-11,SEL-03,Selante para Compartimento Úmido,need-to-have,34,0,31,,0
682,2025-11-12,CRT-44,Cartucho de Purga Criogênica,must-have,16,0,10,,0
682,2025-11-12,SEL-03,Selante para Compartimento Úmido,need-to-have,31,0,25,,0
683,2025-11-13,CRT-44,Cartucho de Purga Criogênica,must-have,10,0,4,,0
683,2025-11-13,SEL-03,Selante para Compartimento Úmido,need-to-have,25,0,16,,0
684,2025-11-14,CRT-44,Cartucho de Purga Criogênica,must-have,4,0,0,,0
684,2025-11-14,SEL-03,Selante para Compartimento Úmido,need-to-have,16,0,13,,0
685,2025-11-15,CRT-44,Cartucho de Purga Criogênica,must-have,0,0,0,,0
685,2025-11-15,SEL-03,Selante para Compartimento Úmido,need-to-have,13,0,11,,0
686,2025-11-16,CRT-44,Cartucho de Purga Criogênica,must-have,0,0,0,,0
686,2025-11-16,SEL-03,Selante para Compartimento Úmido,need-to-have,11,0,6,,0
687,2025-11-17,CRT-44,Cartucho de Purga Criogênica,must-have,0,68,58,CRT-44-PO052,0
687,2025-11-17,SEL-03,Selante para Compartimento Úmido,need-to-have,6,0,0,,0
688,2025-11-18,CRT-44,Cartucho de Purga Criogênica,must-have,58,0,52,,0
688,2025-11-18,SEL-03,Selante para Compartimento Úmido,need-to-have,0,0,0,,0
689,2025-11-19,CRT-44,Cartucho de Purga Criogênica,must-have,52,0,48,,0
689,2025-11-19,SEL-03,Selante para Compartimento Úmido,need-to-have,0,66,63,SEL-03-PO048,0
690,2025-11-20,CRT-44,Cartucho de Purga Criogênica,must-have,48,0,40,,64
690,2025-11-20,SEL-03,Selante para Compartimento Úmido,need-to-have,63,0,58,,0
691,2025-11-21,CRT-44,Cartucho de Purga Criogênica,must-have,40,0,31,,0
691,2025-11-21,SEL-03,Selante para Compartimento Úmido,need-to-have,58,0,56,,0
692,2025-11-22,CRT-44,Cartucho de Purga Criogênica,must-have,31,0,22,,0
692,2025-11-22,SEL-03,Selante para Compartimento Úmido,need-to-have,56,0,52,,0
693,2025-11-23,CRT-44,Cartucho de Purga Criogênica,must-have,22,0,17,,0
693,2025-11-23,SEL-03,Selante para Compartimento Úmido,need-to-have,52,0,48,,0
694,2025-11-24,CRT-44,Cartucho de Purga Criogênica,must-have,17,0,12,,0
694,2025-11-24,SEL-03,Selante para Compartimento Úmido,need-to-have,48,0,42,,0
695,2025-11-25,CRT-44,Cartucho de Purga Criogênica,must-have,12,0,5,,0
695,2025-11-25,SEL-03,Selante para Compartimento Úmido,need-to-have,42,0,34,,55
696,2025-11-26,CRT-44,Cartucho de Purga Criogênica,must-have,5,0,0,,0
696,2025-11-26,SEL-03,Selante para Compartimento Úmido,need-to-have,34,0,29,,0
697,2025-11-27,CRT-44,Cartucho de Purga Criogênica,must-have,0,0,0,,0
697,2025-11-27,SEL-03,Selante para Compartimento Úmido,need-to-have,29,0,23,,0
698,2025-11-28,CRT-44,Cartucho de Purga Criogênica,must-have,0,64,60,CRT-44-PO053,0
698,2025-11-28,SEL-03,Selante para Compartimento Úmido,need-to-have,23,0,18,,0
699,2025-11-29,CRT-44,Cartucho de Purga Criogênica,must-have,60,0,49,,0
699,2025-11-29,SEL-03,Selante para Compartimento Úmido,need-to-have,18,0,12,,0
700,2025-11-30,CRT-44,Cartucho de Purga Criogênica,must-have,49,0,39,,73
700,2025-11-30,SEL-03,Selante para Compartimento Úmido,need-to-have,12,0,7,,0
